RFI_ID,Project_ID,RFI_Number,RFI_Title,Discipline,Priority,RFI_Type,Submitted_Date,Required_Response_Date,First_Response_Date,Final_Response_Date,Closed_Date,RFI_Status,Submitted_By_Role,Responsible_Role,Revision_Count,Reopen_Count,Cost_Impact_Flag,Estimated_Cost_Impact,Actual_Cost_Impact,Schedule_Impact_Flag,Estimated_Schedule_Days,Actual_Schedule_Days,Field_Work_Affected,Drawing_Reference_Count,Response_Quality_Rating
RFI-00001,PRJ-001,RFI-0001,Architectural Substitution Request - Area A2,Architectural,Medium,Substitution Request,2024-08-18,2024-08-27,2024-08-25,2024-08-28,2024-08-31,Closed,Subcontractor,Architect,1,0,No,0,0,No,0,0,No,1,4
RFI-00002,PRJ-001,RFI-0002,Plumbing Missing Information - Area B10,Plumbing,Medium,Missing Information,2025-03-23,2025-04-04,2025-03-26,2025-03-26,,Answered,Subcontractor,Engineer,0,0,No,0,0,No,0,0,No,2,5
RFI-00003,PRJ-001,RFI-0003,General Field Condition - Area C6,General,Medium,Field Condition,2025-01-06,2025-01-15,2025-01-10,2025-01-10,2025-01-14,Closed,General Contractor,Construction Manager,0,0,No,0,0,No,0,0,No,3,4
RFI-00004,PRJ-001,RFI-0004,Structural Field Condition - Area E4,Structural,Medium,Field Condition,2024-09-18,2024-09-27,2024-10-06,2024-10-06,2024-10-06,Closed,Subcontractor,Engineer,0,0,No,0,0,No,0,0,No,3,4
RFI-00005,PRJ-001,RFI-0005,Fire Protection Coordination Conflict - Area E10,Fire Protection,Medium,Coordination Conflict,2024-05-14,2024-05-25,2024-05-24,2024-05-24,,Answered,General Contractor,Engineer,0,0,No,0,0,No,0,0,No,3,5
RFI-00006,PRJ-001,RFI-0006,Electrical Design Clarification - Area A8,Electrical,Low,Design Clarification,2024-04-06,2024-04-20,2024-04-12,2024-04-12,,Answered,Subcontractor,Engineer,0,0,No,0,0,No,0,0,No,2,5
RFI-00007,PRJ-001,RFI-0007,Architectural Coordination Conflict - Area A6,Architectural,Medium,Coordination Conflict,2024-07-09,2024-07-20,2024-07-22,2024-07-22,2024-07-24,Closed,Subcontractor,Architect,0,1,No,0,0,No,0,0,No,4,5
RFI-00008,PRJ-001,RFI-0008,Architectural Missing Information - Area D3,Architectural,Medium,Missing Information,2024-08-01,2024-08-11,2024-08-09,2024-08-13,2024-08-16,Closed,General Contractor,Owner Representative,1,0,No,0,0,No,0,0,No,0,4
RFI-00009,PRJ-001,RFI-0009,Civil Field Condition - Area D12,Civil,High,Field Condition,2024-04-12,2024-04-17,2024-04-15,2024-04-15,,Answered,Subcontractor,Engineer,0,0,No,0,0,No,0,0,No,4,5
RFI-00010,PRJ-001,RFI-0010,Structural Design Clarification - Area C2,Structural,Medium,Design Clarification,2024-12-28,2025-01-09,2025-01-02,2025-01-02,2025-01-05,Closed,Subcontractor,Engineer,0,0,No,0,0,No,0,0,No,6,4
RFI-00011,PRJ-001,RFI-0011,General Design Clarification - Area D10,General,Medium,Design Clarification,2024-04-05,2024-04-16,2024-04-13,2024-04-13,,Answered,Subcontractor,Construction Manager,0,0,No,0,0,No,0,0,No,0,5
RFI-00012,PRJ-001,RFI-0012,Structural Missing Information - Area E8,Structural,Critical,Missing Information,2025-03-06,2025-03-11,2025-03-10,2025-03-10,2025-03-10,Closed,General Contractor,Engineer,0,0,No,0,0,No,0,0,No,5,5
RFI-00013,PRJ-001,RFI-0013,Architectural Field Condition - Area D8,Architectural,Medium,Field Condition,2024-08-30,2024-09-11,2024-09-01,2024-09-01,2024-09-03,Closed,General Contractor,Owner Representative,0,0,No,0,0,Yes,11,7,Yes,3,5
RFI-00014,PRJ-001,RFI-0014,Electrical Constructability - Area C9,Electrical,Medium,Constructability,2025-03-23,2025-04-01,2025-04-01,2025-04-01,2025-04-01,Closed,Subcontractor,Engineer,0,0,No,0,0,No,0,0,No,1,5
RFI-00015,PRJ-001,RFI-0015,Architectural Missing Information - Area E9,Architectural,High,Missing Information,2025-03-05,2025-03-12,2025-03-09,2025-03-09,2025-03-09,Closed,Construction Manager,Owner Representative,0,0,No,0,0,No,0,0,No,2,5
RFI-00016,PRJ-001,RFI-0016,Electrical Design Clarification - Area B12,Electrical,High,Design Clarification,2024-10-23,2024-10-29,2024-10-31,2024-10-31,2024-11-03,Closed,General Contractor,Engineer,0,0,No,0,0,No,0,0,No,2,5
RFI-00017,PRJ-001,RFI-0017,Plumbing Missing Information - Area D4,Plumbing,Medium,Missing Information,2024-06-30,2024-07-12,2024-07-05,2024-07-05,2024-07-08,Closed,General Contractor,Engineer,0,0,No,0,0,No,0,0,No,0,5
RFI-00018,PRJ-001,RFI-0018,General Design Clarification - Area C8,General,Low,Design Clarification,2025-03-07,2025-03-22,2025-03-14,2025-03-14,2025-03-16,Closed,General Contractor,Owner Representative,0,0,No,0,0,No,0,0,No,1,5
RFI-00019,PRJ-001,RFI-0019,General Constructability - Area B10,General,High,Constructability,2024-09-11,2024-09-16,2024-09-15,2024-09-15,2024-09-18,Closed,Subcontractor,Construction Manager,0,0,No,0,0,No,0,0,No,0,5
RFI-00020,PRJ-001,RFI-0020,Plumbing Coordination Conflict - Area E8,Plumbing,Medium,Coordination Conflict,2025-02-17,2025-03-01,2025-02-21,2025-02-21,2025-02-23,Closed,Construction Manager,Engineer,0,0,Yes,21000,18000,No,0,0,Yes,2,5
RFI-00021,PRJ-001,RFI-0021,Architectural Field Condition - Area D9,Architectural,Low,Field Condition,2024-10-29,2024-11-11,,,,In Review,General Contractor,Architect,0,0,Yes,11000,15000,No,0,0,No,6,5
RFI-00022,PRJ-001,RFI-0022,Electrical Constructability - Area B1,Electrical,Low,Constructability,2024-08-29,2024-09-13,2024-09-06,2024-09-06,2024-09-10,Closed,Subcontractor,Engineer,0,0,No,0,0,No,0,0,No,5,5
RFI-00023,PRJ-001,RFI-0023,Mechanical Code Compliance - Area A7,Mechanical,Medium,Code Compliance,2024-10-14,2024-10-25,2024-10-22,2024-10-22,2024-10-25,Closed,General Contractor,Engineer,0,0,No,0,0,No,0,0,No,1,5
RFI-00024,PRJ-001,RFI-0024,Mechanical Field Condition - Area B9,Mechanical,Medium,Field Condition,2024-12-04,2024-12-14,2024-12-10,2024-12-10,2024-12-13,Closed,Subcontractor,Engineer,0,0,No,0,0,No,0,0,No,0,5
RFI-00025,PRJ-001,RFI-0025,Specialty Systems Design Clarification - Area D6,Specialty Systems,Low,Design Clarification,2024-06-17,2024-07-01,2024-06-25,2024-06-25,2024-06-25,Closed,Subcontractor,Design Manager,0,0,No,0,0,No,0,0,No,4,5
RFI-00026,PRJ-001,RFI-0026,General Field Condition - Area B10,General,High,Field Condition,2024-06-04,2024-06-08,2024-06-08,2024-06-08,2024-06-12,Closed,Subcontractor,Construction Manager,0,0,No,0,0,No,0,0,No,5,5
RFI-00027,PRJ-001,RFI-0027,General Field Condition - Area A8,General,High,Field Condition,2024-12-02,2024-12-08,2024-12-10,2024-12-10,2024-12-11,Closed,Construction Manager,Construction Manager,0,0,No,0,0,No,0,0,No,1,4
RFI-00028,PRJ-001,RFI-0028,Structural Constructability - Area E5,Structural,Low,Constructability,2024-07-21,2024-08-04,2024-07-27,2024-07-27,,Answered,Subcontractor,Engineer,0,0,No,0,0,No,0,0,No,2,5
RFI-00029,PRJ-001,RFI-0029,Structural Missing Information - Area C9,Structural,Medium,Missing Information,2025-03-09,2025-03-21,2025-03-11,2025-03-11,2025-03-11,Closed,General Contractor,Engineer,0,0,No,0,0,No,0,0,No,5,5
RFI-00030,PRJ-002,RFI-0001,Civil Missing Information - Area A12,Civil,Critical,Missing Information,2022-11-18,2022-11-22,2022-11-28,2022-11-28,,Answered,Subcontractor,Engineer,0,0,No,0,0,No,0,0,No,6,4
RFI-00031,PRJ-002,RFI-0002,Structural Coordination Conflict - Area E8,Structural,Medium,Coordination Conflict,2024-02-07,2024-02-18,2024-02-24,2024-02-24,2024-02-25,Closed,General Contractor,Engineer,0,1,No,0,0,Yes,3,3,No,1,5
RFI-00032,PRJ-002,RFI-0003,Specialty Systems Design Clarification - Area C1,Specialty Systems,Medium,Design Clarification,2024-03-14,2024-03-24,2024-03-17,,,Awaiting Owner,General Contractor,Design Manager,0,0,Yes,48000,35000,No,0,0,No,2,5
RFI-00033,PRJ-002,RFI-0004,Architectural Field Condition - Area C9,Architectural,High,Field Condition,2023-09-24,2023-09-29,2023-10-04,2023-10-04,,Answered,Subcontractor,Architect,0,0,Yes,43000,34000,No,0,0,Yes,2,5
RFI-00034,PRJ-002,RFI-0005,Controls Design Clarification - Area C2,Controls,Medium,Design Clarification,2024-02-16,2024-02-25,2024-02-26,2024-02-26,,Answered,Subcontractor,Engineer,0,0,No,0,0,No,0,0,No,4,5
RFI-00035,PRJ-002,RFI-0006,Structural Design Clarification - Area A8,Structural,Medium,Design Clarification,2023-12-09,2023-12-19,2023-12-20,2023-12-20,,Answered,Construction Manager,Engineer,0,0,No,0,0,No,0,0,No,1,5
RFI-00036,PRJ-002,RFI-0007,Architectural Missing Information - Area D10,Architectural,Medium,Missing Information,2024-01-02,2024-01-14,2024-01-13,2024-01-13,2024-01-14,Closed,Subcontractor,Architect,0,0,No,0,0,No,0,0,No,1,5
RFI-00037,PRJ-002,RFI-0008,Mechanical Constructability - Area E7,Mechanical,Medium,Constructability,2023-02-18,2023-02-27,2023-03-03,2023-03-03,2023-03-06,Closed,Subcontractor,Engineer,0,0,No,0,0,No,0,0,No,4,5
RFI-00038,PRJ-002,RFI-0009,Mechanical Design Clarification - Area D11,Mechanical,High,Design Clarification,2022-07-09,2022-07-13,2022-07-25,2022-07-29,2022-08-01,Closed,General Contractor,Engineer,1,0,Yes,27000,32000,Yes,2,2,Yes,5,3
RFI-00039,PRJ-002,RFI-0010,Specialty Systems Missing Information - Area E10,Specialty Systems,Medium,Missing Information,2023-07-11,2023-07-22,2023-07-25,2023-07-26,,Answered,General Contractor,Owner Representative,1,0,No,0,0,No,0,0,No,3,3
RFI-00040,PRJ-002,RFI-0011,Mechanical Missing Information - Area E12,Mechanical,Low,Missing Information,2024-07-06,2024-07-19,2024-07-20,2024-07-20,2024-07-24,Closed,Construction Manager,Engineer,0,0,Yes,2800,3700,No,0,0,Yes,6,5
RFI-00041,PRJ-002,RFI-0012,Mechanical Design Clarification - Area D3,Mechanical,Low,Design Clarification,2023-06-09,2023-06-24,2023-06-24,2023-06-24,,Answered,Construction Manager,Engineer,0,0,No,0,0,No,0,0,No,2,5
RFI-00042,PRJ-002,RFI-0013,Specialty Systems Missing Information - Area A5,Specialty Systems,Medium,Missing Information,2022-11-08,2022-11-17,2022-12-06,2022-12-09,2022-12-10,Closed,Subcontractor,Design Manager,1,0,No,0,0,Yes,2,2,Yes,0,3
RFI-00043,PRJ-002,RFI-0014,Specialty Systems Field Condition - Area B2,Specialty Systems,Low,Field Condition,2023-10-11,2023-10-25,2023-11-10,2023-11-10,2023-11-10,Closed,General Contractor,Owner Representative,0,0,Yes,12000,10000,Yes,1,1,Yes,1,5
RFI-00044,PRJ-002,RFI-0015,Controls Coordination Conflict - Area B4,Controls,Medium,Coordination Conflict,2024-02-21,2024-03-02,2024-02-27,2024-02-27,2024-02-28,Closed,General Contractor,Engineer,0,0,No,0,0,No,0,0,No,6,5
RFI-00045,PRJ-002,RFI-0016,Controls Coordination Conflict - Area C10,Controls,Medium,Coordination Conflict,2024-03-23,2024-04-03,2024-03-29,2024-03-29,2024-04-01,Closed,Subcontractor,Engineer,0,0,No,0,0,Yes,1,1,No,3,4
RFI-00046,PRJ-002,RFI-0017,Mechanical Design Clarification - Area A1,Mechanical,Medium,Design Clarification,2022-08-23,2022-09-02,2022-09-04,2022-09-04,2022-09-08,Closed,General Contractor,Engineer,0,0,No,0,0,No,0,0,No,5,5
RFI-00047,PRJ-002,RFI-0018,Specialty Systems Missing Information - Area C6,Specialty Systems,High,Missing Information,2023-11-11,2023-11-17,,,,Open,Construction Manager,Design Manager,1,1,No,0,0,Yes,6,4,Yes,5,2
RFI-00048,PRJ-002,RFI-0019,Plumbing Constructability - Area B2,Plumbing,Low,Constructability,2023-04-10,2023-04-25,2023-04-19,2023-04-19,2023-04-19,Closed,Subcontractor,Engineer,0,0,No,0,0,No,0,0,No,0,5
RFI-00049,PRJ-002,RFI-0020,Mechanical Constructability - Area C6,Mechanical,Medium,Constructability,2024-06-17,2024-06-29,,,,Open,Subcontractor,Engineer,0,0,No,0,0,No,0,0,No,1,5
RFI-00050,PRJ-002,RFI-0021,Structural Code Compliance - Area D11,Structural,Low,Code Compliance,2024-03-16,2024-03-30,2024-03-30,2024-03-31,2024-04-01,Closed,General Contractor,Engineer,1,0,No,0,0,No,0,0,No,3,4
RFI-00051,PRJ-002,RFI-0022,Civil Code Compliance - Area E3,Civil,Medium,Code Compliance,2023-03-17,2023-03-28,2023-03-27,2023-03-27,,Answered,Subcontractor,Owner Representative,0,0,No,0,0,No,0,0,No,6,4
RFI-00052,PRJ-002,RFI-0023,Electrical Field Condition - Area D1,Electrical,Medium,Field Condition,2023-12-14,2023-12-24,2023-12-23,2023-12-23,,Answered,General Contractor,Engineer,0,0,No,0,0,No,0,0,No,6,5
RFI-00053,PRJ-002,RFI-0024,Electrical Coordination Conflict - Area D3,Electrical,Medium,Coordination Conflict,2023-01-24,2023-02-02,2023-02-04,2023-02-08,2023-02-10,Closed,Construction Manager,Engineer,1,0,No,0,0,No,0,0,No,3,5
RFI-00054,PRJ-002,RFI-0025,Plumbing Design Clarification - Area E7,Plumbing,Medium,Design Clarification,2024-06-02,2024-06-11,2024-06-09,2024-06-09,,Answered,Subcontractor,Engineer,0,0,No,0,0,No,0,0,No,6,5
RFI-00055,PRJ-002,RFI-0026,Plumbing Substitution Request - Area E5,Plumbing,Low,Substitution Request,2022-12-25,2023-01-07,2023-01-10,2023-01-10,2023-01-11,Closed,General Contractor,Engineer,0,1,No,0,0,No,0,0,No,6,5
RFI-00056,PRJ-002,RFI-0027,Plumbing Substitution Request - Area C6,Plumbing,Medium,Substitution Request,2024-05-26,2024-06-05,2024-06-02,2024-06-03,2024-06-04,Closed,Construction Manager,Engineer,1,0,No,0,0,Yes,1,1,Yes,5,4
RFI-00057,PRJ-002,RFI-0028,Civil Design Clarification - Area B10,Civil,Low,Design Clarification,2022-06-12,2022-06-28,2022-06-21,2022-06-21,,Answered,Subcontractor,Engineer,0,0,No,0,0,No,0,0,No,0,5
RFI-00058,PRJ-002,RFI-0029,Structural Constructability - Area A5,Structural,High,Constructability,2022-12-05,2022-12-10,2022-12-24,2022-12-28,2022-12-30,Closed,General Contractor,Engineer,1,0,Yes,15000,16000,Yes,3,3,Yes,6,1
RFI-00059,PRJ-002,RFI-0030,Architectural Coordination Conflict - Area D4,Architectural,Medium,Coordination Conflict,2023-02-10,2023-02-22,2023-02-18,2023-02-18,2023-02-22,Closed,Subcontractor,Architect,0,0,No,0,0,Yes,3,4,Yes,0,3
RFI-00060,PRJ-002,RFI-0031,Architectural Design Clarification - Area B6,Architectural,Medium,Design Clarification,2024-04-19,2024-04-30,2024-04-29,2024-04-29,2024-05-02,Closed,Subcontractor,Architect,0,0,Yes,30000,39000,No,0,0,No,3,5
RFI-00061,PRJ-002,RFI-0032,Architectural Missing Information - Area B5,Architectural,Medium,Missing Information,2024-01-11,2024-01-22,2024-01-17,2024-01-17,2024-01-21,Closed,Subcontractor,Architect,0,0,Yes,7400,6100,No,0,0,Yes,4,5
RFI-00062,PRJ-002,RFI-0033,Civil Coordination Conflict - Area B11,Civil,Medium,Coordination Conflict,2022-10-02,2022-10-14,2022-10-16,2022-10-16,2022-10-16,Closed,Subcontractor,Owner Representative,0,0,Yes,7000,6400,No,0,0,No,1,5
RFI-00063,PRJ-002,RFI-0034,Architectural Missing Information - Area D3,Architectural,Medium,Missing Information,2022-06-25,2022-07-06,2022-07-12,2022-07-12,,Answered,Subcontractor,Architect,0,0,No,0,0,No,0,0,No,4,4
RFI-00064,PRJ-002,RFI-0035,Electrical Constructability - Area A7,Electrical,High,Constructability,2022-09-27,2022-10-01,2022-10-09,2022-10-09,2022-10-10,Closed,Construction Manager,Engineer,0,0,No,0,0,No,0,0,No,4,4
RFI-00065,PRJ-002,RFI-0036,Architectural Substitution Request - Area B3,Architectural,Low,Substitution Request,2024-03-26,2024-04-09,2024-04-01,2024-04-01,2024-04-05,Closed,Construction Manager,Architect,0,0,No,0,0,No,0,0,No,4,5
RFI-00066,PRJ-002,RFI-0037,Fire Protection Coordination Conflict - Area A3,Fire Protection,High,Coordination Conflict,2023-10-05,2023-10-12,,,,Awaiting Owner,Construction Manager,Owner Representative,1,1,Yes,46000,66000,Yes,2,2,Yes,0,4
RFI-00067,PRJ-002,RFI-0038,Mechanical Coordination Conflict - Area C6,Mechanical,Medium,Coordination Conflict,2024-02-24,2024-03-05,2024-03-04,2024-03-04,,Answered,Subcontractor,Engineer,0,0,No,0,0,No,0,0,No,0,4
RFI-00068,PRJ-002,RFI-0039,Mechanical Substitution Request - Area E6,Mechanical,Medium,Substitution Request,2024-03-06,2024-03-18,2024-03-30,2024-03-30,2024-04-01,Closed,General Contractor,Engineer,0,0,No,0,0,No,0,0,No,2,4
RFI-00069,PRJ-002,RFI-0040,Electrical Design Clarification - Area D8,Electrical,Low,Design Clarification,2022-07-27,2022-08-12,2022-08-27,2022-08-30,2022-08-30,Closed,General Contractor,Engineer,1,0,No,0,0,Yes,1,1,Yes,3,2
RFI-00070,PRJ-002,RFI-0041,Fire Protection Coordination Conflict - Area D1,Fire Protection,Medium,Coordination Conflict,2023-05-17,2023-05-26,2023-05-25,2023-05-25,2023-05-25,Closed,Subcontractor,Engineer,0,0,No,0,0,No,0,0,No,6,5
RFI-00071,PRJ-002,RFI-0042,Structural Constructability - Area C11,Structural,High,Constructability,2023-01-09,2023-01-15,2023-01-21,2023-01-22,,Answered,General Contractor,Engineer,1,0,Yes,13000,9800,No,0,0,No,1,5
RFI-00072,PRJ-002,RFI-0043,Architectural Missing Information - Area A8,Architectural,High,Missing Information,2022-12-27,2023-01-03,2023-01-12,,,Awaiting Designer,General Contractor,Architect,0,1,Yes,18000,25000,No,0,0,Yes,5,3
RFI-00073,PRJ-002,RFI-0044,Architectural Code Compliance - Area D7,Architectural,Low,Code Compliance,2023-12-23,2024-01-07,2024-01-03,2024-01-07,,Answered,Subcontractor,Architect,1,0,No,0,0,Yes,3,3,No,1,5
RFI-00074,PRJ-002,RFI-0045,Mechanical Design Clarification - Area E4,Mechanical,Critical,Design Clarification,2023-08-29,2023-08-31,,,,Open,Subcontractor,Engineer,0,0,No,0,0,No,0,0,No,6,5
RFI-00075,PRJ-002,RFI-0046,Plumbing Coordination Conflict - Area E7,Plumbing,Medium,Coordination Conflict,2023-06-11,2023-06-20,2023-06-19,2023-06-23,2023-06-23,Closed,General Contractor,Engineer,1,0,Yes,34000,48000,No,0,0,No,6,3
RFI-00076,PRJ-002,RFI-0047,Specialty Systems Design Clarification - Area A6,Specialty Systems,Medium,Design Clarification,2022-06-22,2022-07-02,2022-07-03,2022-07-07,2022-07-07,Closed,Subcontractor,Design Manager,1,0,Yes,26000,21000,No,0,0,Yes,1,5
RFI-00077,PRJ-002,RFI-0048,Electrical Constructability - Area E1,Electrical,Critical,Constructability,2024-06-16,2024-06-21,,,,Returned for Clarification,General Contractor,Engineer,0,0,No,0,0,No,0,0,No,4,5
RFI-00078,PRJ-002,RFI-0049,Structural Design Clarification - Area A5,Structural,High,Design Clarification,2022-03-18,2022-03-23,2022-03-27,2022-03-27,2022-03-29,Closed,General Contractor,Engineer,0,0,No,0,0,No,0,0,No,4,4
RFI-00079,PRJ-002,RFI-0050,Architectural Substitution Request - Area A3,Architectural,Medium,Substitution Request,2023-01-22,2023-01-31,2023-01-30,2023-01-30,2023-02-03,Closed,General Contractor,Architect,0,0,No,0,0,No,0,0,No,1,5
RFI-00080,PRJ-002,RFI-0051,Plumbing Field Condition - Area E11,Plumbing,Medium,Field Condition,2023-01-15,2023-01-24,2023-01-23,2023-01-23,,Answered,Construction Manager,Engineer,0,0,Yes,23000,24000,No,0,0,Yes,4,5
RFI-00081,PRJ-002,RFI-0052,Electrical Design Clarification - Area E5,Electrical,High,Design Clarification,2022-06-01,2022-06-07,2022-06-23,2022-06-27,2022-06-29,Closed,General Contractor,Engineer,1,0,No,0,0,Yes,9,8,No,0,3
RFI-00082,PRJ-002,RFI-0053,Plumbing Field Condition - Area D12,Plumbing,Medium,Field Condition,2022-06-17,2022-06-29,2022-06-25,2022-06-25,2022-06-27,Closed,Construction Manager,Owner Representative,0,0,No,0,0,No,0,0,No,6,5
RFI-00083,PRJ-002,RFI-0054,Controls Design Clarification - Area A4,Controls,Medium,Design Clarification,2022-08-23,2022-09-02,2022-08-27,2022-08-27,2022-08-27,Closed,General Contractor,Engineer,0,0,No,0,0,No,0,0,No,1,5
RFI-00084,PRJ-002,RFI-0055,Mechanical Coordination Conflict - Area A9,Mechanical,Medium,Coordination Conflict,2023-05-06,2023-05-18,2023-05-22,2023-05-26,2023-05-29,Closed,Subcontractor,Engineer,1,0,Yes,10000,8600,Yes,12,17,Yes,6,4
RFI-00085,PRJ-002,RFI-0056,Architectural Missing Information - Area D3,Architectural,Low,Missing Information,2022-07-22,2022-08-05,2022-08-07,2022-08-09,2022-08-09,Closed,General Contractor,Architect,1,0,No,0,0,No,0,0,No,4,4
RFI-00086,PRJ-002,RFI-0057,General Constructability - Area E9,General,High,Constructability,2023-06-27,2023-07-02,2023-07-09,2023-07-09,2023-07-09,Closed,General Contractor,Construction Manager,0,0,No,0,0,No,0,0,No,2,5
RFI-00087,PRJ-002,RFI-0058,Architectural Code Compliance - Area A12,Architectural,High,Code Compliance,2022-04-01,2022-04-05,2022-04-14,2022-04-15,2022-04-17,Closed,Construction Manager,Architect,1,0,No,0,0,No,0,0,No,0,4
RFI-00088,PRJ-002,RFI-0059,Specialty Systems Coordination Conflict - Area C7,Specialty Systems,Critical,Coordination Conflict,2023-09-11,2023-09-16,,,,In Review,Subcontractor,Design Manager,0,0,Yes,39000,43000,Yes,9,7,No,1,4
RFI-00089,PRJ-002,RFI-0060,Electrical Design Clarification - Area D5,Electrical,Low,Design Clarification,2023-08-28,2023-09-13,,,,Awaiting Owner,Construction Manager,Engineer,0,0,No,0,0,No,0,0,No,3,5
RFI-00090,PRJ-002,RFI-0061,Mechanical Constructability - Area D7,Mechanical,High,Constructability,2023-11-06,2023-11-10,2023-11-20,2023-11-21,2023-11-22,Closed,Construction Manager,Engineer,1,0,Yes,23000,30000,No,0,0,Yes,3,4
RFI-00091,PRJ-002,RFI-0062,Structural Missing Information - Area C6,Structural,Medium,Missing Information,2023-09-26,2023-10-05,2023-10-07,2023-10-09,,Answered,Subcontractor,Engineer,1,0,No,0,0,No,0,0,No,6,4
RFI-00092,PRJ-002,RFI-0063,Structural Coordination Conflict - Area A11,Structural,Medium,Coordination Conflict,2024-03-10,2024-03-19,2024-03-26,2024-03-27,2024-03-28,Closed,General Contractor,Engineer,1,0,No,0,0,Yes,2,2,Yes,2,5
RFI-00093,PRJ-002,RFI-0064,Mechanical Constructability - Area A12,Mechanical,Medium,Constructability,2023-03-28,2023-04-07,2023-04-14,2023-04-14,2023-04-16,Closed,Subcontractor,Engineer,0,1,No,0,0,No,0,0,No,4,5
RFI-00094,PRJ-002,RFI-0065,Architectural Code Compliance - Area D5,Architectural,High,Code Compliance,2022-06-28,2022-07-04,2022-07-19,2022-07-19,,Answered,Subcontractor,Architect,0,0,No,0,0,No,0,0,No,4,4
RFI-00095,PRJ-003,RFI-0001,General Design Clarification - Area B9,General,Medium,Design Clarification,2022-03-17,2022-03-29,2022-03-27,2022-03-27,,Answered,General Contractor,Construction Manager,0,0,No,0,0,No,0,0,No,2,5
RFI-00096,PRJ-003,RFI-0002,Electrical Coordination Conflict - Area E4,Electrical,Medium,Coordination Conflict,2023-01-17,2023-01-29,2023-01-20,2023-01-20,2023-01-21,Closed,General Contractor,Engineer,0,0,Yes,37000,52000,No,0,0,Yes,3,5
RFI-00097,PRJ-003,RFI-0003,Mechanical Design Clarification - Area C10,Mechanical,Critical,Design Clarification,2022-03-29,2022-04-01,2022-04-08,2022-04-08,2022-04-11,Closed,General Contractor,Engineer,0,0,No,0,0,No,0,0,No,4,4
RFI-00098,PRJ-003,RFI-0004,Mechanical Design Clarification - Area A11,Mechanical,Critical,Design Clarification,2022-08-13,2022-08-15,2022-08-28,2022-08-28,,Answered,General Contractor,Engineer,0,1,Yes,22000,27000,No,0,0,Yes,3,4
RFI-00099,PRJ-003,RFI-0005,Fire Protection Missing Information - Area A4,Fire Protection,Medium,Missing Information,2022-03-06,2022-03-17,2022-03-16,2022-03-16,,Answered,General Contractor,Engineer,0,0,No,0,0,No,0,0,No,2,5
RFI-00100,PRJ-003,RFI-0006,General Missing Information - Area A1,General,Medium,Missing Information,2022-06-13,2022-06-25,2022-06-25,2022-06-25,,Answered,Subcontractor,Construction Manager,0,1,No,0,0,No,0,0,No,4,5
RFI-00101,PRJ-003,RFI-0007,Electrical Coordination Conflict - Area A12,Electrical,Medium,Coordination Conflict,2023-05-04,2023-05-16,2023-05-25,2023-05-26,,Answered,Subcontractor,Engineer,1,0,No,0,0,No,0,0,No,1,3
RFI-00102,PRJ-003,RFI-0008,Specialty Systems Field Condition - Area A11,Specialty Systems,Low,Field Condition,2022-06-07,2022-06-20,2022-06-20,2022-06-20,2022-06-24,Closed,General Contractor,Design Manager,0,0,Yes,20000,19000,No,0,0,Yes,0,4
RFI-00103,PRJ-003,RFI-0009,Mechanical Design Clarification - Area D8,Mechanical,Low,Design Clarification,2023-09-09,2023-09-25,2023-10-03,2023-10-07,2023-10-10,Closed,Construction Manager,Engineer,1,1,No,0,0,No,0,0,No,1,3
RFI-00104,PRJ-003,RFI-0010,Civil Substitution Request - Area D11,Civil,Medium,Substitution Request,2023-10-03,2023-10-12,2023-10-13,,,Awaiting Owner,General Contractor,Engineer,0,0,Yes,82000,101000,No,0,0,No,2,5
RFI-00105,PRJ-003,RFI-0011,Architectural Coordination Conflict - Area E5,Architectural,Medium,Coordination Conflict,2023-05-08,2023-05-20,2023-05-12,2023-05-12,,Answered,Subcontractor,Architect,0,0,No,0,0,No,0,0,No,5,5
RFI-00106,PRJ-003,RFI-0012,Electrical Field Condition - Area C9,Electrical,Medium,Field Condition,2023-01-27,2023-02-07,2023-02-07,2023-02-08,2023-02-12,Closed,General Contractor,Engineer,1,0,No,0,0,No,0,0,No,0,4
RFI-00107,PRJ-003,RFI-0013,Architectural Design Clarification - Area C7,Architectural,High,Design Clarification,2022-12-28,2023-01-01,,,,In Review,Subcontractor,Architect,1,0,No,0,0,No,0,0,No,4,4
RFI-00108,PRJ-003,RFI-0014,Plumbing Constructability - Area A4,Plumbing,Medium,Constructability,2022-12-14,2022-12-24,2022-12-22,2022-12-23,2022-12-27,Closed,Subcontractor,Engineer,1,0,No,0,0,Yes,1,1,No,6,4
RFI-00109,PRJ-003,RFI-0015,Electrical Design Clarification - Area C4,Electrical,Low,Design Clarification,2023-08-05,2023-08-20,2023-08-12,2023-08-12,2023-08-14,Closed,General Contractor,Engineer,0,0,No,0,0,No,0,0,No,5,5
RFI-00110,PRJ-003,RFI-0016,Civil Missing Information - Area D12,Civil,Low,Missing Information,2023-02-26,2023-03-12,2023-03-10,2023-03-10,2023-03-12,Closed,General Contractor,Engineer,0,0,No,0,0,No,0,0,No,6,5
RFI-00111,PRJ-003,RFI-0017,Electrical Constructability - Area A1,Electrical,Medium,Constructability,2022-03-14,2022-03-25,,,,Open,General Contractor,Engineer,1,0,Yes,16000,23000,No,0,0,Yes,2,5
RFI-00112,PRJ-003,RFI-0018,Fire Protection Field Condition - Area D3,Fire Protection,Medium,Field Condition,2022-10-19,2022-10-31,2022-10-30,2022-11-03,,Answered,General Contractor,Engineer,1,1,No,0,0,No,0,0,No,0,4
RFI-00113,PRJ-003,RFI-0019,Controls Missing Information - Area A2,Controls,Medium,Missing Information,2022-03-15,2022-03-24,2022-03-19,2022-03-19,2022-03-23,Closed,Subcontractor,Engineer,0,0,No,0,0,No,0,0,No,4,5
RFI-00114,PRJ-003,RFI-0020,Architectural Code Compliance - Area A1,Architectural,Medium,Code Compliance,2022-09-23,2022-10-05,2022-09-26,2022-09-26,2022-09-27,Closed,Subcontractor,Architect,0,0,Yes,11000,11000,No,0,0,Yes,2,5
RFI-00115,PRJ-003,RFI-0021,General Constructability - Area E6,General,High,Constructability,2023-03-15,2023-03-20,2023-03-24,2023-03-24,2023-03-27,Closed,General Contractor,Construction Manager,0,0,Yes,1400,1300,No,0,0,No,5,4
RFI-00116,PRJ-003,RFI-0022,Structural Design Clarification - Area A12,Structural,High,Design Clarification,2023-03-13,2023-03-20,2023-03-22,2023-03-22,2023-03-23,Closed,General Contractor,Engineer,0,0,No,0,0,No,0,0,No,4,5
RFI-00117,PRJ-003,RFI-0023,Mechanical Design Clarification - Area B5,Mechanical,Medium,Design Clarification,2022-06-10,2022-06-19,2022-06-19,,,Returned for Clarification,Construction Manager,Engineer,0,0,No,0,0,No,0,0,No,0,4
RFI-00118,PRJ-003,RFI-0024,Architectural Design Clarification - Area E3,Architectural,High,Design Clarification,2023-11-21,2023-11-25,2023-11-26,2023-11-26,2023-11-26,Closed,General Contractor,Architect,0,0,No,0,0,No,0,0,No,3,5
RFI-00119,PRJ-003,RFI-0025,Architectural Missing Information - Area D9,Architectural,High,Missing Information,2023-10-23,2023-10-30,2023-11-03,2023-11-03,,Answered,Subcontractor,Architect,0,0,No,0,0,No,0,0,No,1,5
RFI-00120,PRJ-003,RFI-0026,Plumbing Missing Information - Area A3,Plumbing,Medium,Missing Information,2022-11-16,2022-11-27,2022-11-22,2022-11-22,2022-11-26,Closed,General Contractor,Engineer,0,0,No,0,0,No,0,0,No,3,5
RFI-00121,PRJ-003,RFI-0027,Structural Field Condition - Area E8,Structural,Medium,Field Condition,2022-10-13,2022-10-23,2022-10-17,2022-10-17,2022-10-19,Closed,Construction Manager,Owner Representative,0,0,No,0,0,Yes,2,2,No,4,5
RFI-00122,PRJ-003,RFI-0028,Architectural Code Compliance - Area D3,Architectural,Medium,Code Compliance,2023-03-23,2023-04-01,,,,In Review,General Contractor,Architect,1,0,Yes,15000,21000,No,0,0,No,4,5
RFI-00123,PRJ-004,RFI-0001,Mechanical Missing Information - Area D5,Mechanical,Medium,Missing Information,2025-09-18,2025-09-28,2025-09-22,2025-09-22,,Answered,General Contractor,Engineer,0,0,No,0,0,No,0,0,No,2,5
RFI-00124,PRJ-004,RFI-0002,Civil Missing Information - Area D11,Civil,Low,Missing Information,2024-09-11,2024-09-24,2024-09-18,,,Awaiting Owner,Subcontractor,Engineer,0,0,No,0,0,No,0,0,No,3,5
RFI-00125,PRJ-004,RFI-0003,Controls Design Clarification - Area C12,Controls,Medium,Design Clarification,2025-06-05,2025-06-17,2025-06-11,2025-06-11,,Answered,Subcontractor,Engineer,0,0,No,0,0,Yes,1,1,Yes,6,5
RFI-00126,PRJ-004,RFI-0004,Specialty Systems Design Clarification - Area D5,Specialty Systems,Medium,Design Clarification,2024-10-24,2024-11-03,,,,Returned for Clarification,General Contractor,Design Manager,0,0,Yes,13000,11000,No,0,0,Yes,0,5
RFI-00127,PRJ-004,RFI-0005,Architectural Coordination Conflict - Area D7,Architectural,High,Coordination Conflict,2024-11-06,2024-11-12,2024-11-12,2024-11-12,2024-11-14,Closed,General Contractor,Architect,0,0,Yes,21000,17000,No,0,0,Yes,4,5
RFI-00128,PRJ-004,RFI-0006,Structural Design Clarification - Area C2,Structural,High,Design Clarification,2025-08-19,2025-08-23,2025-09-01,2025-09-01,2025-09-02,Closed,Subcontractor,Engineer,0,1,No,0,0,No,0,0,No,5,4
RFI-00129,PRJ-004,RFI-0007,Architectural Constructability - Area A3,Architectural,Medium,Constructability,2025-10-24,2025-11-05,2025-10-29,2025-10-29,2025-11-01,Closed,General Contractor,Architect,0,0,Yes,67000,85000,No,0,0,No,4,5
RFI-00130,PRJ-004,RFI-0008,Mechanical Constructability - Area C12,Mechanical,High,Constructability,2025-03-01,2025-03-06,2025-03-06,2025-03-06,2025-03-06,Closed,General Contractor,Engineer,0,0,No,0,0,No,0,0,No,2,5
RFI-00131,PRJ-004,RFI-0009,Plumbing Design Clarification - Area A8,Plumbing,Low,Design Clarification,2025-06-09,2025-06-24,2025-06-17,2025-06-17,2025-06-21,Closed,Subcontractor,Engineer,0,0,No,0,0,No,0,0,No,4,5
RFI-00132,PRJ-004,RFI-0010,Fire Protection Constructability - Area E9,Fire Protection,High,Constructability,2024-12-19,2024-12-23,2024-12-22,2024-12-25,2024-12-25,Closed,Subcontractor,Engineer,1,0,No,0,0,No,0,0,No,2,5
RFI-00133,PRJ-004,RFI-0011,Electrical Constructability - Area A7,Electrical,Medium,Constructability,2025-07-28,2025-08-09,2025-08-04,2025-08-04,,Answered,Subcontractor,Owner Representative,0,0,No,0,0,Yes,6,8,No,0,4
RFI-00134,PRJ-004,RFI-0012,Architectural Coordination Conflict - Area D6,Architectural,Medium,Coordination Conflict,2024-07-21,2024-07-31,2024-07-30,2024-07-30,2024-07-31,Closed,General Contractor,Architect,0,0,No,0,0,No,0,0,No,6,5
RFI-00135,PRJ-004,RFI-0013,Mechanical Coordination Conflict - Area D11,Mechanical,Medium,Coordination Conflict,2025-06-16,2025-06-26,2025-06-20,2025-06-20,,Answered,Subcontractor,Owner Representative,0,0,No,0,0,No,0,0,No,2,5
RFI-00136,PRJ-004,RFI-0014,Specialty Systems Coordination Conflict - Area A10,Specialty Systems,Low,Coordination Conflict,2024-06-11,2024-06-26,2024-06-17,2024-06-17,2024-06-21,Closed,Subcontractor,Design Manager,0,0,No,0,0,No,0,0,No,6,5
RFI-00137,PRJ-004,RFI-0015,Specialty Systems Field Condition - Area D7,Specialty Systems,Low,Field Condition,2024-05-05,2024-05-19,2024-05-10,2024-05-10,2024-05-12,Closed,Subcontractor,Design Manager,0,0,No,0,0,No,0,0,No,5,5
RFI-00138,PRJ-004,RFI-0016,Plumbing Coordination Conflict - Area B1,Plumbing,Medium,Coordination Conflict,2024-06-10,2024-06-21,2024-06-14,2024-06-14,2024-06-15,Closed,Construction Manager,Engineer,0,0,No,0,0,No,0,0,No,4,5
RFI-00139,PRJ-004,RFI-0017,Electrical Design Clarification - Area A11,Electrical,Medium,Design Clarification,2025-11-20,2025-11-30,2025-11-21,2025-11-21,2025-11-22,Closed,Subcontractor,Engineer,0,0,No,0,0,No,0,0,No,1,5
RFI-00140,PRJ-004,RFI-0018,Controls Substitution Request - Area C11,Controls,Critical,Substitution Request,2024-10-24,2024-10-29,2024-10-26,2024-10-26,2024-10-28,Closed,Subcontractor,Engineer,0,0,Yes,113000,128000,No,0,0,Yes,0,5
RFI-00141,PRJ-004,RFI-0019,Architectural Missing Information - Area A4,Architectural,High,Missing Information,2025-05-01,2025-05-05,2025-05-04,2025-05-04,2025-05-06,Closed,Subcontractor,Architect,0,0,No,0,0,No,0,0,No,3,5
RFI-00142,PRJ-004,RFI-0020,Electrical Coordination Conflict - Area D3,Electrical,Medium,Coordination Conflict,2025-06-23,2025-07-02,2025-06-29,2025-06-29,2025-06-29,Closed,General Contractor,Engineer,0,0,No,0,0,No,0,0,No,4,5
RFI-00143,PRJ-004,RFI-0021,Fire Protection Missing Information - Area A5,Fire Protection,High,Missing Information,2025-07-25,2025-07-29,,,,Awaiting Designer,Subcontractor,Engineer,0,0,No,0,0,No,0,0,No,1,5
RFI-00144,PRJ-004,RFI-0022,Electrical Design Clarification - Area C5,Electrical,Low,Design Clarification,2024-10-25,2024-11-07,2024-10-31,2024-10-31,2024-11-02,Closed,General Contractor,Engineer,0,0,No,0,0,No,0,0,No,2,4
RFI-00145,PRJ-004,RFI-0023,Electrical Field Condition - Area D7,Electrical,Medium,Field Condition,2024-08-05,2024-08-15,2024-08-11,2024-08-11,2024-08-15,Closed,General Contractor,Engineer,0,0,No,0,0,No,0,0,No,0,5
RFI-00146,PRJ-004,RFI-0024,Specialty Systems Constructability - Area A6,Specialty Systems,Medium,Constructability,2024-10-27,2024-11-08,2024-11-03,2024-11-03,2024-11-04,Closed,General Contractor,Design Manager,0,0,No,0,0,No,0,0,No,0,5
RFI-00147,PRJ-004,RFI-0025,Mechanical Substitution Request - Area D6,Mechanical,High,Substitution Request,2024-08-04,2024-08-11,2024-08-09,2024-08-09,2024-08-13,Closed,General Contractor,Owner Representative,0,0,No,0,0,No,0,0,No,2,5
RFI-00148,PRJ-004,RFI-0026,Structural Design Clarification - Area E8,Structural,Medium,Design Clarification,2024-10-05,2024-10-16,2024-10-06,2024-10-06,2024-10-06,Closed,General Contractor,Engineer,0,0,No,0,0,No,0,0,No,1,5
RFI-00149,PRJ-004,RFI-0027,Plumbing Field Condition - Area C9,Plumbing,Low,Field Condition,2024-08-29,2024-09-12,2024-09-01,2024-09-01,2024-09-05,Closed,Subcontractor,Engineer,0,0,No,0,0,No,0,0,No,2,5
RFI-00150,PRJ-004,RFI-0028,Architectural Code Compliance - Area E10,Architectural,High,Code Compliance,2025-11-22,2025-11-26,2025-11-24,2025-11-24,2025-11-25,Closed,Subcontractor,Architect,0,0,No,0,0,No,0,0,No,0,5
RFI-00151,PRJ-004,RFI-0029,Mechanical Coordination Conflict - Area D4,Mechanical,Medium,Coordination Conflict,2024-10-02,2024-10-11,2024-10-04,2024-10-04,2024-10-08,Closed,Subcontractor,Engineer,0,0,No,0,0,No,0,0,No,2,5
RFI-00152,PRJ-005,RFI-0001,Fire Protection Design Clarification - Area E8,Fire Protection,Low,Design Clarification,2024-08-20,2024-09-04,2024-08-24,2024-08-24,2024-08-27,Closed,Subcontractor,Engineer,0,0,No,0,0,No,0,0,No,0,4
RFI-00153,PRJ-005,RFI-0002,Mechanical Design Clarification - Area D4,Mechanical,High,Design Clarification,2025-10-11,2025-10-15,2025-10-15,2025-10-15,,Answered,General Contractor,Engineer,0,0,No,0,0,No,0,0,No,4,4
RFI-00154,PRJ-005,RFI-0003,Electrical Code Compliance - Area C7,Electrical,Medium,Code Compliance,2024-01-31,2024-02-12,2024-02-12,2024-02-14,2024-02-17,Closed,Subcontractor,Engineer,1,0,Yes,73000,84000,No,0,0,No,5,5
RFI-00155,PRJ-005,RFI-0004,Structural Field Condition - Area E3,Structural,Medium,Field Condition,2024-07-12,2024-07-24,2024-07-19,2024-07-19,2024-07-20,Closed,Construction Manager,Engineer,0,0,No,0,0,No,0,0,No,4,5
RFI-00156,PRJ-005,RFI-0005,Civil Constructability - Area D8,Civil,Medium,Constructability,2023-09-10,2023-09-22,2023-09-20,2023-09-20,2023-09-23,Closed,Subcontractor,Engineer,0,0,No,0,0,No,0,0,No,2,5
RFI-00157,PRJ-005,RFI-0006,General Coordination Conflict - Area D6,General,Low,Coordination Conflict,2025-03-07,2025-03-23,2025-03-14,2025-03-14,2025-03-15,Closed,Subcontractor,Construction Manager,0,0,No,0,0,No,0,0,No,4,5
RFI-00158,PRJ-005,RFI-0007,Mechanical Substitution Request - Area C2,Mechanical,Medium,Substitution Request,2024-10-01,2024-10-10,2024-10-11,2024-10-11,2024-10-12,Closed,Construction Manager,Engineer,0,0,No,0,0,No,0,0,No,2,5
RFI-00159,PRJ-005,RFI-0008,Fire Protection Missing Information - Area C12,Fire Protection,Medium,Missing Information,2025-06-13,2025-06-24,2025-06-17,2025-06-17,2025-06-17,Closed,Construction Manager,Engineer,0,0,No,0,0,No,0,0,No,5,4
RFI-00160,PRJ-005,RFI-0009,Structural Design Clarification - Area D8,Structural,Low,Design Clarification,2025-09-26,2025-10-11,2025-10-04,2025-10-04,,Answered,General Contractor,Owner Representative,0,0,No,0,0,No,0,0,No,0,5
RFI-00161,PRJ-005,RFI-0010,Architectural Design Clarification - Area E6,Architectural,High,Design Clarification,2023-09-05,2023-09-10,2023-09-15,2023-09-17,2023-09-19,Closed,General Contractor,Architect,1,0,No,0,0,No,0,0,No,0,5
RFI-00162,PRJ-005,RFI-0011,Electrical Field Condition - Area E6,Electrical,High,Field Condition,2025-10-01,2025-10-07,2025-10-06,2025-10-06,2025-10-07,Closed,General Contractor,Engineer,0,0,No,0,0,Yes,6,5,Yes,4,5
RFI-00163,PRJ-005,RFI-0012,Architectural Coordination Conflict - Area A6,Architectural,Medium,Coordination Conflict,2024-04-17,2024-04-29,2024-04-20,2024-04-20,2024-04-20,Closed,General Contractor,Architect,0,0,No,0,0,No,0,0,No,1,4
RFI-00164,PRJ-005,RFI-0013,Architectural Coordination Conflict - Area B10,Architectural,Medium,Coordination Conflict,2024-12-04,2024-12-15,2024-12-25,2024-12-26,2024-12-28,Closed,Subcontractor,Architect,1,1,No,0,0,Yes,1,1,No,4,3
RFI-00165,PRJ-005,RFI-0014,General Constructability - Area B8,General,Low,Constructability,2025-07-18,2025-08-03,2025-07-23,2025-07-23,2025-07-26,Closed,Construction Manager,Construction Manager,0,0,No,0,0,Yes,1,1,No,3,5
RFI-00166,PRJ-005,RFI-0015,Architectural Design Clarification - Area B10,Architectural,High,Design Clarification,2024-09-21,2024-09-27,2024-09-29,2024-09-29,2024-10-01,Closed,Construction Manager,Architect,0,0,Yes,60000,76000,No,0,0,No,1,5
RFI-00167,PRJ-005,RFI-0016,Fire Protection Design Clarification - Area B10,Fire Protection,High,Design Clarification,2025-06-14,2025-06-18,2025-06-21,2025-06-21,2025-06-25,Closed,General Contractor,Engineer,0,0,No,0,0,Yes,4,4,Yes,6,4
RFI-00168,PRJ-005,RFI-0017,Specialty Systems Field Condition - Area C3,Specialty Systems,Medium,Field Condition,2025-01-17,2025-01-26,2025-01-26,2025-01-26,2025-01-28,Closed,Construction Manager,Owner Representative,0,0,No,0,0,No,0,0,No,1,5
RFI-00169,PRJ-005,RFI-0018,General Coordination Conflict - Area D4,General,Medium,Coordination Conflict,2023-10-24,2023-11-03,2023-10-29,2023-10-29,2023-10-31,Closed,Construction Manager,Owner Representative,0,0,No,0,0,No,0,0,No,2,5
RFI-00170,PRJ-005,RFI-0019,Plumbing Design Clarification - Area D10,Plumbing,Medium,Design Clarification,2024-02-22,2024-03-04,2024-02-28,2024-02-28,2024-02-28,Closed,Subcontractor,Engineer,0,0,No,0,0,No,0,0,No,4,5
RFI-00171,PRJ-005,RFI-0020,Electrical Substitution Request - Area A9,Electrical,Medium,Substitution Request,2025-10-21,2025-11-01,2025-10-26,2025-10-26,2025-10-28,Closed,Construction Manager,Engineer,0,0,No,0,0,No,0,0,No,6,5
RFI-00172,PRJ-005,RFI-0021,Architectural Code Compliance - Area A12,Architectural,High,Code Compliance,2025-09-27,2025-10-01,2025-10-06,2025-10-06,,Answered,Construction Manager,Architect,0,0,No,0,0,No,0,0,No,3,4
RFI-00173,PRJ-005,RFI-0022,Controls Field Condition - Area A5,Controls,Critical,Field Condition,2025-07-01,2025-07-05,2025-07-05,2025-07-05,2025-07-05,Closed,Construction Manager,Engineer,0,0,No,0,0,Yes,10,8,Yes,0,5
RFI-00174,PRJ-005,RFI-0023,Specialty Systems Field Condition - Area E8,Specialty Systems,Medium,Field Condition,2025-04-28,2025-05-07,2025-05-13,2025-05-13,,Answered,Subcontractor,Design Manager,0,0,No,0,0,No,0,0,No,2,5
RFI-00175,PRJ-005,RFI-0024,General Missing Information - Area B2,General,Medium,Missing Information,2024-02-18,2024-02-28,2024-02-24,2024-02-24,2024-02-26,Closed,General Contractor,Owner Representative,0,0,Yes,9100,9700,No,0,0,Yes,4,5
RFI-00176,PRJ-005,RFI-0025,Architectural Design Clarification - Area D12,Architectural,Medium,Design Clarification,2025-11-15,2025-11-26,2025-11-22,2025-11-22,,Answered,General Contractor,Architect,0,0,No,0,0,No,0,0,No,4,5
RFI-00177,PRJ-005,RFI-0026,General Code Compliance - Area C10,General,Medium,Code Compliance,2023-09-23,2023-10-02,2023-09-29,2023-09-29,,Answered,General Contractor,Construction Manager,0,0,Yes,4100,3300,No,0,0,Yes,2,5
RFI-00178,PRJ-005,RFI-0027,Civil Design Clarification - Area B8,Civil,Medium,Design Clarification,2025-05-09,2025-05-21,2025-05-22,2025-05-22,2025-05-26,Closed,Subcontractor,Engineer,0,0,No,0,0,No,0,0,No,5,5
RFI-00179,PRJ-005,RFI-0028,Specialty Systems Missing Information - Area E2,Specialty Systems,Medium,Missing Information,2024-12-19,2024-12-31,2025-01-13,2025-01-15,2025-01-16,Closed,Subcontractor,Design Manager,1,1,No,0,0,No,0,0,No,6,3
RFI-00180,PRJ-006,RFI-0001,Electrical Field Condition - Area E12,Electrical,Critical,Field Condition,2024-07-02,2024-07-05,2024-07-12,2024-07-15,,Answered,Subcontractor,Engineer,1,0,No,0,0,Yes,12,15,Yes,3,4
RFI-00181,PRJ-006,RFI-0002,Mechanical Missing Information - Area B8,Mechanical,Medium,Missing Information,2022-07-28,2022-08-06,,,,In Review,General Contractor,Engineer,0,0,No,0,0,No,0,0,No,4,5
RFI-00182,PRJ-006,RFI-0003,Structural Constructability - Area C1,Structural,High,Constructability,2022-08-12,2022-08-17,2022-08-16,2022-08-16,2022-08-16,Closed,Subcontractor,Engineer,0,0,No,0,0,No,0,0,No,5,5
RFI-00183,PRJ-006,RFI-0004,Electrical Substitution Request - Area E10,Electrical,High,Substitution Request,2022-07-03,2022-07-10,,,,Returned for Clarification,General Contractor,Engineer,0,0,No,0,0,No,0,0,No,2,5
RFI-00184,PRJ-006,RFI-0005,Structural Design Clarification - Area C1,Structural,Low,Design Clarification,2023-05-25,2023-06-10,,,,In Review,General Contractor,Engineer,1,0,No,0,0,No,0,0,No,3,4
RFI-00185,PRJ-006,RFI-0006,General Design Clarification - Area E12,General,Medium,Design Clarification,2024-10-11,2024-10-20,2024-10-24,2024-10-24,2024-10-27,Closed,Subcontractor,Construction Manager,0,0,No,0,0,No,0,0,No,5,4
RFI-00186,PRJ-006,RFI-0007,Electrical Substitution Request - Area C6,Electrical,Medium,Substitution Request,2024-04-20,2024-05-01,2024-04-29,2024-04-29,2024-05-01,Closed,Construction Manager,Engineer,0,0,No,0,0,No,0,0,No,0,5
RFI-00187,PRJ-006,RFI-0008,Architectural Design Clarification - Area B5,Architectural,Low,Design Clarification,2023-05-17,2023-06-01,2023-05-29,2023-05-29,2023-05-29,Closed,General Contractor,Architect,0,0,No,0,0,No,0,0,No,1,4
RFI-00188,PRJ-006,RFI-0009,General Design Clarification - Area C12,General,Medium,Design Clarification,2022-04-15,2022-04-25,2022-04-22,2022-04-22,2022-04-24,Closed,Subcontractor,Construction Manager,0,0,No,0,0,No,0,0,No,0,5
RFI-00189,PRJ-006,RFI-0010,Structural Design Clarification - Area E9,Structural,High,Design Clarification,2022-09-07,2022-09-13,,,,Returned for Clarification,Subcontractor,Engineer,0,0,Yes,33000,47000,Yes,4,6,Yes,3,4
RFI-00190,PRJ-006,RFI-0011,Specialty Systems Field Condition - Area B4,Specialty Systems,Medium,Field Condition,2023-09-29,2023-10-11,2023-10-18,2023-10-18,2023-10-21,Closed,Subcontractor,Design Manager,0,1,No,0,0,Yes,5,6,Yes,4,5
RFI-00191,PRJ-006,RFI-0012,Structural Code Compliance - Area D6,Structural,High,Code Compliance,2022-08-24,2022-08-30,2022-08-30,2022-08-30,2022-09-01,Closed,Subcontractor,Engineer,0,0,No,0,0,No,0,0,No,5,5
RFI-00192,PRJ-006,RFI-0013,Electrical Constructability - Area B9,Electrical,Medium,Constructability,2023-01-16,2023-01-25,2023-01-31,2023-01-31,2023-02-01,Closed,General Contractor,Owner Representative,0,0,No,0,0,No,0,0,No,0,4
RFI-00193,PRJ-006,RFI-0014,Electrical Coordination Conflict - Area E6,Electrical,Low,Coordination Conflict,2024-02-15,2024-02-28,2024-02-28,2024-02-28,2024-02-28,Closed,Construction Manager,Engineer,0,0,No,0,0,No,0,0,No,3,5
RFI-00194,PRJ-006,RFI-0015,General Coordination Conflict - Area C10,General,High,Coordination Conflict,2022-11-08,2022-11-13,2022-11-19,2022-11-19,2022-11-22,Closed,Construction Manager,Construction Manager,0,0,Yes,48000,52000,No,0,0,Yes,5,4
RFI-00195,PRJ-006,RFI-0016,Specialty Systems Coordination Conflict - Area C1,Specialty Systems,Critical,Coordination Conflict,2024-10-18,2024-10-23,2024-10-27,2024-10-27,2024-10-30,Closed,Construction Manager,Design Manager,0,0,Yes,75000,62000,No,0,0,Yes,2,5
RFI-00196,PRJ-006,RFI-0017,Mechanical Constructability - Area C3,Mechanical,High,Constructability,2022-09-14,2022-09-18,2022-10-01,2022-10-01,2022-10-03,Closed,Subcontractor,Engineer,0,1,Yes,15000,21000,Yes,7,5,No,5,3
RFI-00197,PRJ-006,RFI-0018,Structural Constructability - Area B4,Structural,Low,Constructability,2024-05-11,2024-05-25,2024-05-17,2024-05-17,2024-05-18,Closed,General Contractor,Engineer,0,0,No,0,0,Yes,3,3,No,3,5
RFI-00198,PRJ-006,RFI-0019,Mechanical Design Clarification - Area D1,Mechanical,Low,Design Clarification,2022-03-27,2022-04-12,2022-04-05,2022-04-05,2022-04-05,Closed,General Contractor,Owner Representative,0,0,No,0,0,No,0,0,No,3,5
RFI-00199,PRJ-006,RFI-0020,Structural Design Clarification - Area B5,Structural,Medium,Design Clarification,2022-08-19,2022-08-30,,,,Open,General Contractor,Engineer,0,1,No,0,0,No,0,0,No,1,5
RFI-00200,PRJ-006,RFI-0021,Structural Coordination Conflict - Area C3,Structural,High,Coordination Conflict,2023-06-26,2023-07-02,2023-07-11,2023-07-13,2023-07-13,Closed,Subcontractor,Engineer,1,0,No,0,0,No,0,0,No,5,5
RFI-00201,PRJ-006,RFI-0022,Architectural Missing Information - Area E8,Architectural,Medium,Missing Information,2022-11-04,2022-11-13,2022-11-09,2022-11-09,2022-11-09,Closed,General Contractor,Owner Representative,0,0,No,0,0,No,0,0,No,1,5
RFI-00202,PRJ-006,RFI-0023,Civil Constructability - Area E3,Civil,High,Constructability,2022-11-21,2022-11-26,2022-12-03,2022-12-05,2022-12-07,Closed,Construction Manager,Engineer,1,0,No,0,0,Yes,2,1,Yes,4,5
RFI-00203,PRJ-006,RFI-0024,Structural Design Clarification - Area C8,Structural,Low,Design Clarification,2023-05-28,2023-06-12,2023-06-16,2023-06-16,2023-06-18,Closed,Subcontractor,Engineer,0,0,Yes,12000,14000,No,0,0,No,3,4
RFI-00204,PRJ-006,RFI-0025,Electrical Coordination Conflict - Area E2,Electrical,Medium,Coordination Conflict,2024-07-04,2024-07-14,2024-07-16,2024-07-16,2024-07-17,Closed,General Contractor,Engineer,0,0,No,0,0,No,0,0,No,2,5
RFI-00205,PRJ-006,RFI-0026,Architectural Constructability - Area B6,Architectural,High,Constructability,2023-03-14,2023-03-21,2023-03-24,2023-03-27,2023-03-30,Closed,General Contractor,Architect,1,0,No,0,0,Yes,5,6,Yes,1,4
RFI-00206,PRJ-006,RFI-0027,Mechanical Constructability - Area D5,Mechanical,Critical,Constructability,2022-11-29,2022-12-04,,,,Returned for Clarification,Subcontractor,Engineer,0,0,Yes,72000,68000,No,0,0,No,0,5
RFI-00207,PRJ-006,RFI-0028,General Design Clarification - Area B11,General,Medium,Design Clarification,2022-09-12,2022-09-23,2022-09-16,2022-09-16,2022-09-19,Closed,Subcontractor,Construction Manager,0,0,No,0,0,No,0,0,No,1,5
RFI-00208,PRJ-006,RFI-0029,Structural Coordination Conflict - Area B11,Structural,Medium,Coordination Conflict,2023-12-05,2023-12-14,2023-12-24,2023-12-26,,Answered,Subcontractor,Engineer,1,0,Yes,2100,2400,No,0,0,Yes,0,4
RFI-00209,PRJ-006,RFI-0030,Architectural Coordination Conflict - Area D4,Architectural,Medium,Coordination Conflict,2024-02-03,2024-02-14,,,,Awaiting Designer,Subcontractor,Architect,0,0,No,0,0,No,0,0,No,1,5
RFI-00210,PRJ-006,RFI-0031,Electrical Design Clarification - Area D1,Electrical,Low,Design Clarification,2022-10-23,2022-11-06,2022-11-02,2022-11-02,2022-11-04,Closed,General Contractor,Engineer,0,0,No,0,0,No,0,0,No,6,5
RFI-00211,PRJ-006,RFI-0032,Electrical Constructability - Area A8,Electrical,Medium,Constructability,2023-03-12,2023-03-23,2023-03-27,2023-03-31,2023-04-03,Closed,Subcontractor,Engineer,1,1,No,0,0,No,0,0,No,4,4
RFI-00212,PRJ-006,RFI-0033,General Constructability - Area C3,General,Medium,Constructability,2022-12-25,2023-01-03,2022-12-31,2022-12-31,2023-01-01,Closed,General Contractor,Owner Representative,0,0,No,0,0,No,0,0,No,6,5
RFI-00213,PRJ-006,RFI-0034,Structural Constructability - Area D6,Structural,Low,Constructability,2022-05-12,2022-05-25,2022-05-26,2022-05-26,2022-05-26,Closed,General Contractor,Engineer,0,0,No,0,0,Yes,1,1,Yes,2,4
RFI-00214,PRJ-006,RFI-0035,Plumbing Code Compliance - Area D6,Plumbing,Medium,Code Compliance,2024-02-13,2024-02-23,2024-02-24,2024-02-25,2024-02-25,Closed,Subcontractor,Engineer,1,0,No,0,0,Yes,1,1,Yes,1,5
RFI-00215,PRJ-006,RFI-0036,Architectural Constructability - Area E3,Architectural,Medium,Constructability,2023-12-19,2023-12-30,2023-12-27,2023-12-29,,Answered,Subcontractor,Architect,1,0,No,0,0,No,0,0,No,0,4
RFI-00216,PRJ-006,RFI-0037,Specialty Systems Coordination Conflict - Area E2,Specialty Systems,High,Coordination Conflict,2024-04-04,2024-04-10,2024-04-09,2024-04-09,2024-04-09,Closed,General Contractor,Design Manager,0,0,No,0,0,No,0,0,No,6,4
RFI-00217,PRJ-006,RFI-0038,Plumbing Constructability - Area C6,Plumbing,Low,Constructability,2022-05-09,2022-05-25,2022-05-17,2022-05-17,2022-05-17,Closed,General Contractor,Engineer,0,0,No,0,0,No,0,0,No,5,4
RFI-00218,PRJ-006,RFI-0039,Structural Design Clarification - Area A2,Structural,Medium,Design Clarification,2024-02-16,2024-02-25,2024-03-03,2024-03-03,2024-03-06,Closed,Subcontractor,Engineer,0,0,No,0,0,No,0,0,No,1,5
RFI-00219,PRJ-006,RFI-0040,Architectural Coordination Conflict - Area D2,Architectural,High,Coordination Conflict,2023-04-08,2023-04-14,2023-04-16,2023-04-19,2023-04-23,Closed,General Contractor,Architect,1,0,Yes,60000,60000,No,0,0,No,6,4
RFI-00220,PRJ-007,RFI-0001,Civil Missing Information - Area B11,Civil,Low,Missing Information,2025-12-24,2026-01-09,,,,Returned for Clarification,General Contractor,Engineer,1,0,No,0,0,No,0,0,No,4,4
RFI-00221,PRJ-007,RFI-0002,Structural Field Condition - Area D9,Structural,Medium,Field Condition,2024-05-20,2024-05-31,2024-05-29,2024-05-29,,Answered,General Contractor,Engineer,0,0,No,0,0,Yes,4,2,Yes,2,5
RFI-00222,PRJ-007,RFI-0003,Plumbing Substitution Request - Area D1,Plumbing,Medium,Substitution Request,2025-12-14,2025-12-24,,,,In Review,General Contractor,Engineer,1,0,Yes,10000,9000,Yes,3,4,Yes,4,4
RFI-00223,PRJ-007,RFI-0004,Structural Field Condition - Area D11,Structural,Critical,Field Condition,2025-01-19,2025-01-21,2025-01-28,2025-01-28,2025-01-31,Closed,Subcontractor,Engineer,0,0,No,0,0,No,0,0,No,5,4
RFI-00224,PRJ-007,RFI-0005,Architectural Design Clarification - Area C1,Architectural,Low,Design Clarification,2025-01-01,2025-01-15,2025-01-21,2025-01-21,,Answered,Subcontractor,Architect,0,0,No,0,0,No,0,0,No,4,4
RFI-00225,PRJ-007,RFI-0006,Controls Missing Information - Area E5,Controls,Medium,Missing Information,2025-06-10,2025-06-20,2025-06-18,2025-06-18,2025-06-19,Closed,General Contractor,Owner Representative,0,0,No,0,0,No,0,0,No,2,5
RFI-00226,PRJ-007,RFI-0007,Mechanical Constructability - Area A8,Mechanical,Medium,Constructability,2025-12-01,2025-12-13,2025-12-05,2025-12-05,2025-12-05,Closed,General Contractor,Engineer,0,0,No,0,0,No,0,0,No,3,5
RFI-00227,PRJ-007,RFI-0008,Plumbing Field Condition - Area E6,Plumbing,Critical,Field Condition,2025-09-08,2025-09-13,2025-09-13,2025-09-14,,Answered,Subcontractor,Engineer,1,0,Yes,7500,9100,No,0,0,No,5,5
RFI-00228,PRJ-007,RFI-0009,Fire Protection Missing Information - Area B7,Fire Protection,Medium,Missing Information,2025-04-22,2025-05-03,2025-04-29,2025-04-29,2025-04-29,Closed,Construction Manager,Engineer,0,0,Yes,5100,4800,No,0,0,Yes,0,5
RFI-00229,PRJ-007,RFI-0010,Electrical Coordination Conflict - Area A2,Electrical,Medium,Coordination Conflict,2025-07-24,2025-08-03,2025-08-12,2025-08-16,2025-08-20,Closed,Construction Manager,Engineer,1,0,Yes,11000,10000,No,0,0,No,5,2
RFI-00230,PRJ-007,RFI-0011,Electrical Missing Information - Area A10,Electrical,Medium,Missing Information,2025-09-06,2025-09-17,2025-09-14,2025-09-14,2025-09-14,Closed,General Contractor,Engineer,0,0,No,0,0,No,0,0,No,2,5
RFI-00231,PRJ-007,RFI-0012,Architectural Constructability - Area A11,Architectural,Medium,Constructability,2025-05-03,2025-05-13,2025-05-11,2025-05-11,,Answered,General Contractor,Architect,0,0,No,0,0,No,0,0,No,2,5
RFI-00232,PRJ-007,RFI-0013,Structural Field Condition - Area C11,Structural,Medium,Field Condition,2025-09-27,2025-10-07,2025-10-15,2025-10-15,,Answered,General Contractor,Engineer,0,0,Yes,27000,27000,Yes,7,9,No,2,4
RFI-00233,PRJ-007,RFI-0014,Mechanical Substitution Request - Area D4,Mechanical,High,Substitution Request,2024-07-23,2024-07-29,2024-08-02,2024-08-04,2024-08-04,Closed,Construction Manager,Engineer,1,0,No,0,0,No,0,0,No,4,3
RFI-00234,PRJ-007,RFI-0015,Plumbing Substitution Request - Area D2,Plumbing,Low,Substitution Request,2025-03-16,2025-03-29,2025-04-12,2025-04-16,,Answered,General Contractor,Owner Representative,1,0,No,0,0,No,0,0,No,2,3
RFI-00235,PRJ-007,RFI-0016,General Substitution Request - Area D9,General,High,Substitution Request,2025-07-28,2025-08-02,2025-08-04,2025-08-07,,Answered,Construction Manager,Construction Manager,1,0,No,0,0,No,0,0,No,5,3
RFI-00236,PRJ-007,RFI-0017,Electrical Coordination Conflict - Area D12,Electrical,Medium,Coordination Conflict,2025-06-29,2025-07-11,2025-07-04,2025-07-04,,Answered,General Contractor,Engineer,0,0,No,0,0,No,0,0,No,6,5
RFI-00237,PRJ-007,RFI-0018,Fire Protection Design Clarification - Area A11,Fire Protection,Low,Design Clarification,2025-11-13,2025-11-27,2025-11-22,2025-11-22,2025-11-23,Closed,General Contractor,Owner Representative,0,0,No,0,0,No,0,0,No,1,5
RFI-00238,PRJ-007,RFI-0019,General Design Clarification - Area E10,General,Medium,Design Clarification,2024-12-04,2024-12-16,2024-12-12,2024-12-12,,Answered,Subcontractor,Construction Manager,0,0,Yes,34000,25000,No,0,0,Yes,5,5
RFI-00239,PRJ-007,RFI-0020,Electrical Constructability - Area D5,Electrical,Medium,Constructability,2025-12-01,2025-12-11,2025-12-19,2025-12-19,,Answered,Subcontractor,Engineer,0,1,No,0,0,No,0,0,No,5,5
RFI-00240,PRJ-007,RFI-0021,General Field Condition - Area A12,General,Medium,Field Condition,2025-04-17,2025-04-27,2025-04-26,2025-04-26,2025-04-29,Closed,General Contractor,Construction Manager,0,0,No,0,0,No,0,0,No,5,5
RFI-00241,PRJ-007,RFI-0022,Mechanical Substitution Request - Area D1,Mechanical,Medium,Substitution Request,2025-05-09,2025-05-20,2025-05-15,2025-05-15,2025-05-17,Closed,General Contractor,Engineer,0,0,No,0,0,No,0,0,No,5,5
RFI-00242,PRJ-007,RFI-0023,Electrical Coordination Conflict - Area D8,Electrical,Medium,Coordination Conflict,2025-05-18,2025-05-28,2025-06-01,2025-06-01,2025-06-01,Closed,General Contractor,Owner Representative,0,0,No,0,0,No,0,0,No,0,5
RFI-00243,PRJ-007,RFI-0024,Fire Protection Substitution Request - Area D1,Fire Protection,High,Substitution Request,2024-06-23,2024-06-27,2024-07-03,2024-07-03,2024-07-05,Closed,General Contractor,Engineer,0,0,No,0,0,Yes,4,6,No,6,5
RFI-00244,PRJ-007,RFI-0025,Fire Protection Coordination Conflict - Area B12,Fire Protection,Medium,Coordination Conflict,2024-10-07,2024-10-16,2024-10-14,2024-10-14,2024-10-14,Closed,Subcontractor,Engineer,0,0,No,0,0,No,0,0,No,2,5
RFI-00245,PRJ-007,RFI-0026,Architectural Field Condition - Area B2,Architectural,High,Field Condition,2024-10-21,2024-10-25,2024-10-26,2024-10-29,,Answered,Subcontractor,Architect,1,0,Yes,11000,13000,No,0,0,Yes,5,4
RFI-00246,PRJ-007,RFI-0027,Specialty Systems Design Clarification - Area A11,Specialty Systems,Medium,Design Clarification,2024-10-24,2024-11-05,2024-11-10,2024-11-10,2024-11-10,Closed,Subcontractor,Design Manager,0,0,No,0,0,Yes,3,2,No,2,5
RFI-00247,PRJ-007,RFI-0028,Fire Protection Missing Information - Area A9,Fire Protection,High,Missing Information,2024-09-14,2024-09-21,2024-09-29,2024-10-02,2024-10-04,Closed,Subcontractor,Owner Representative,1,0,No,0,0,Yes,15,19,Yes,3,3
RFI-00248,PRJ-007,RFI-0029,Civil Field Condition - Area B6,Civil,Medium,Field Condition,2024-06-22,2024-07-02,2024-06-30,2024-06-30,2024-07-04,Closed,Subcontractor,Engineer,0,0,Yes,18000,26000,Yes,4,3,No,6,5
RFI-00249,PRJ-007,RFI-0030,Mechanical Design Clarification - Area C4,Mechanical,Critical,Design Clarification,2025-07-05,2025-07-10,2025-07-08,2025-07-08,2025-07-09,Closed,Subcontractor,Engineer,0,0,No,0,0,Yes,2,3,Yes,0,5
RFI-00250,PRJ-007,RFI-0031,Structural Field Condition - Area C10,Structural,Medium,Field Condition,2024-07-04,2024-07-15,2024-07-13,2024-07-13,2024-07-13,Closed,General Contractor,Engineer,0,0,No,0,0,No,0,0,No,2,5
RFI-00251,PRJ-007,RFI-0032,Structural Substitution Request - Area C4,Structural,Medium,Substitution Request,2024-07-14,2024-07-23,2024-07-31,2024-08-04,2024-08-04,Closed,General Contractor,Owner Representative,1,0,No,0,0,No,0,0,No,4,3
RFI-00252,PRJ-007,RFI-0033,Plumbing Field Condition - Area A5,Plumbing,Low,Field Condition,2025-04-22,2025-05-07,2025-05-10,2025-05-10,2025-05-10,Closed,Subcontractor,Engineer,0,0,Yes,11000,14000,No,0,0,Yes,0,5
RFI-00253,PRJ-007,RFI-0034,Structural Field Condition - Area E9,Structural,Low,Field Condition,2025-04-03,2025-04-18,2025-04-26,2025-04-26,2025-04-27,Closed,Subcontractor,Engineer,0,0,No,0,0,Yes,2,1,No,5,5
RFI-00254,PRJ-007,RFI-0035,Electrical Coordination Conflict - Area A9,Electrical,Medium,Coordination Conflict,2025-05-18,2025-05-28,2025-05-22,2025-05-26,2025-05-27,Closed,Construction Manager,Owner Representative,1,0,No,0,0,No,0,0,No,2,4
RFI-00255,PRJ-007,RFI-0036,Mechanical Coordination Conflict - Area D2,Mechanical,High,Coordination Conflict,2025-02-22,2025-02-27,2025-03-02,2025-03-02,2025-03-03,Closed,Construction Manager,Engineer,0,0,No,0,0,No,0,0,No,6,5
RFI-00256,PRJ-007,RFI-0037,Electrical Coordination Conflict - Area D8,Electrical,Medium,Coordination Conflict,2025-03-07,2025-03-17,2025-03-18,2025-03-18,2025-03-19,Closed,General Contractor,Engineer,0,0,No,0,0,No,0,0,No,4,5
RFI-00257,PRJ-007,RFI-0038,Electrical Coordination Conflict - Area A8,Electrical,Medium,Coordination Conflict,2025-12-14,2025-12-26,2025-12-21,2025-12-21,,Answered,General Contractor,Engineer,0,0,No,0,0,No,0,0,No,4,4
RFI-00258,PRJ-008,RFI-0001,Structural Design Clarification - Area D11,Structural,Low,Design Clarification,2023-04-05,2023-04-21,2023-04-10,2023-04-10,2023-04-10,Closed,Subcontractor,Engineer,0,0,No,0,0,No,0,0,No,5,3
RFI-00259,PRJ-008,RFI-0002,Electrical Design Clarification - Area A2,Electrical,Medium,Design Clarification,2022-02-10,2022-02-20,2022-02-28,2022-03-06,2022-03-08,Closed,General Contractor,Engineer,2,0,Yes,29000,28000,Yes,3,3,Yes,4,3
RFI-00260,PRJ-008,RFI-0003,Architectural Missing Information - Area C12,Architectural,Medium,Missing Information,2022-12-18,2022-12-27,2023-01-03,2023-01-03,2023-01-06,Closed,Subcontractor,Architect,0,0,No,0,0,No,0,0,No,5,4
RFI-00261,PRJ-008,RFI-0004,Electrical Missing Information - Area B2,Electrical,Medium,Missing Information,2023-11-20,2023-11-30,2023-12-07,2023-12-07,2023-12-09,Closed,Subcontractor,Engineer,0,0,No,0,0,No,0,0,No,6,4
RFI-00262,PRJ-008,RFI-0005,Controls Field Condition - Area E2,Controls,Medium,Field Condition,2023-05-12,2023-05-23,2023-06-05,2023-06-11,2023-06-13,Closed,General Contractor,Engineer,2,0,Yes,14000,14000,Yes,4,6,Yes,0,1
RFI-00263,PRJ-008,RFI-0006,Mechanical Substitution Request - Area E12,Mechanical,High,Substitution Request,2023-05-09,2023-05-13,2023-05-24,2023-05-24,,Answered,General Contractor,Engineer,0,1,No,0,0,No,0,0,No,6,4
RFI-00264,PRJ-008,RFI-0007,Electrical Coordination Conflict - Area C9,Electrical,Low,Coordination Conflict,2023-05-08,2023-05-21,2023-06-04,2023-06-04,,Answered,Subcontractor,Owner Representative,0,0,No,0,0,Yes,1,1,Yes,2,4
RFI-00265,PRJ-008,RFI-0008,Mechanical Substitution Request - Area C9,Mechanical,Medium,Substitution Request,2023-05-24,2023-06-03,2023-06-16,2023-06-16,2023-06-20,Closed,Subcontractor,Engineer,0,0,Yes,25000,19000,No,0,0,Yes,5,5
RFI-00266,PRJ-008,RFI-0009,Plumbing Coordination Conflict - Area B3,Plumbing,Medium,Coordination Conflict,2024-06-19,2024-06-30,2024-07-01,2024-07-01,2024-07-03,Closed,General Contractor,Owner Representative,0,0,No,0,0,No,0,0,No,3,5
RFI-00267,PRJ-008,RFI-0010,Specialty Systems Constructability - Area C8,Specialty Systems,High,Constructability,2022-11-28,2022-12-02,2022-12-16,2022-12-16,2022-12-20,Closed,General Contractor,Design Manager,0,0,Yes,26000,35000,Yes,8,6,No,2,5
RFI-00268,PRJ-008,RFI-0011,Plumbing Field Condition - Area E7,Plumbing,Low,Field Condition,2023-12-19,2024-01-01,2024-01-10,2024-01-10,,Answered,General Contractor,Engineer,0,1,No,0,0,Yes,1,1,No,5,5
RFI-00269,PRJ-008,RFI-0012,Specialty Systems Design Clarification - Area B3,Specialty Systems,High,Design Clarification,2022-08-01,2022-08-07,2022-08-10,2022-08-10,2022-08-12,Closed,General Contractor,Design Manager,0,0,No,0,0,No,0,0,No,5,5
RFI-00270,PRJ-008,RFI-0013,Fire Protection Field Condition - Area B3,Fire Protection,Medium,Field Condition,2022-08-14,2022-08-26,2022-09-12,2022-09-12,2022-09-14,Closed,Subcontractor,Engineer,0,0,No,0,0,No,0,0,No,1,4
RFI-00271,PRJ-008,RFI-0014,Mechanical Design Clarification - Area A8,Mechanical,High,Design Clarification,2022-01-27,2022-02-01,2022-02-11,2022-02-11,2022-02-11,Closed,Subcontractor,Engineer,0,0,Yes,57000,66000,No,0,0,Yes,1,4
RFI-00272,PRJ-008,RFI-0015,Civil Coordination Conflict - Area D1,Civil,Medium,Coordination Conflict,2022-08-11,2022-08-22,2022-08-20,2022-08-20,,Answered,Construction Manager,Engineer,0,0,No,0,0,No,0,0,No,1,4
RFI-00273,PRJ-008,RFI-0016,Specialty Systems Constructability - Area E9,Specialty Systems,Medium,Constructability,2023-10-27,2023-11-07,2023-11-17,2023-11-17,,Answered,General Contractor,Design Manager,0,0,Yes,43000,50000,No,0,0,Yes,6,5
RFI-00274,PRJ-008,RFI-0017,Mechanical Coordination Conflict - Area A1,Mechanical,Medium,Coordination Conflict,2023-12-18,2023-12-28,2024-01-15,2024-01-15,2024-01-16,Closed,General Contractor,Engineer,0,0,No,0,0,Yes,2,2,Yes,1,3
RFI-00275,PRJ-008,RFI-0018,Controls Coordination Conflict - Area D5,Controls,Medium,Coordination Conflict,2024-03-28,2024-04-09,2024-05-06,2024-05-09,2024-05-09,Closed,Subcontractor,Engineer,1,0,Yes,7700,11000,No,0,0,Yes,2,3
RFI-00276,PRJ-008,RFI-0019,Fire Protection Coordination Conflict - Area A1,Fire Protection,Medium,Coordination Conflict,2024-07-29,2024-08-08,2024-08-10,2024-08-10,2024-08-13,Closed,General Contractor,Engineer,0,0,Yes,16000,21000,No,0,0,Yes,0,5
RFI-00277,PRJ-008,RFI-0020,Electrical Constructability - Area E4,Electrical,Medium,Constructability,2022-08-02,2022-08-14,2022-09-07,2022-09-07,,Answered,General Contractor,Engineer,0,0,Yes,2500,2800,Yes,4,2,Yes,5,4
RFI-00278,PRJ-008,RFI-0021,Structural Coordination Conflict - Area B3,Structural,Low,Coordination Conflict,2022-03-17,2022-04-02,2022-04-20,2022-04-20,2022-04-21,Closed,Subcontractor,Engineer,0,0,No,0,0,Yes,3,3,Yes,1,3
RFI-00279,PRJ-008,RFI-0022,Mechanical Field Condition - Area C9,Mechanical,Medium,Field Condition,2022-02-25,2022-03-07,2022-03-10,2022-03-10,2022-03-14,Closed,Subcontractor,Engineer,0,0,No,0,0,Yes,1,1,Yes,0,5
RFI-00280,PRJ-008,RFI-0023,Structural Coordination Conflict - Area B2,Structural,Medium,Coordination Conflict,2024-03-30,2024-04-09,2024-04-15,2024-04-15,2024-04-16,Closed,Subcontractor,Engineer,0,0,No,0,0,No,0,0,No,2,5
RFI-00281,PRJ-008,RFI-0024,Civil Field Condition - Area E4,Civil,Low,Field Condition,2022-09-21,2022-10-05,2022-10-16,2022-10-17,2022-10-17,Closed,Subcontractor,Engineer,1,0,No,0,0,Yes,1,1,No,6,2
RFI-00282,PRJ-008,RFI-0025,Fire Protection Coordination Conflict - Area D1,Fire Protection,Medium,Coordination Conflict,2023-11-27,2023-12-07,2024-01-05,2024-01-05,2024-01-05,Closed,Construction Manager,Engineer,0,0,No,0,0,Yes,1,1,No,5,3
RFI-00283,PRJ-008,RFI-0026,General Constructability - Area D2,General,Medium,Constructability,2022-07-31,2022-08-10,2022-08-09,2022-08-09,2022-08-13,Closed,Construction Manager,Construction Manager,0,0,No,0,0,No,0,0,No,0,5
RFI-00284,PRJ-008,RFI-0027,Mechanical Constructability - Area D5,Mechanical,Low,Constructability,2023-04-27,2023-05-11,2023-05-11,2023-05-13,2023-05-15,Closed,General Contractor,Engineer,1,0,Yes,7800,5600,No,0,0,Yes,3,5
RFI-00285,PRJ-008,RFI-0028,Controls Coordination Conflict - Area E11,Controls,Low,Coordination Conflict,2023-03-03,2023-03-19,2023-03-30,2023-03-30,,Answered,General Contractor,Engineer,0,1,No,0,0,No,0,0,No,2,4
RFI-00286,PRJ-008,RFI-0029,Specialty Systems Coordination Conflict - Area B7,Specialty Systems,Medium,Coordination Conflict,2024-09-02,2024-09-13,2024-09-17,2024-09-17,2024-09-19,Closed,General Contractor,Design Manager,0,0,No,0,0,Yes,7,6,Yes,2,5
RFI-00287,PRJ-008,RFI-0030,Structural Design Clarification - Area E5,Structural,High,Design Clarification,2023-10-15,2023-10-21,,,,Returned for Clarification,Subcontractor,Engineer,1,1,Yes,22000,16000,No,0,0,Yes,1,2
RFI-00288,PRJ-008,RFI-0031,Electrical Coordination Conflict - Area B6,Electrical,Low,Coordination Conflict,2024-02-12,2024-02-27,2024-03-16,2024-03-16,2024-03-18,Closed,Subcontractor,Engineer,0,1,No,0,0,Yes,1,1,No,0,4
RFI-00289,PRJ-008,RFI-0032,Architectural Design Clarification - Area C3,Architectural,Medium,Design Clarification,2024-01-23,2024-02-01,2024-02-01,2024-02-01,2024-02-05,Closed,Subcontractor,Owner Representative,0,0,No,0,0,No,0,0,No,2,4
RFI-00290,PRJ-008,RFI-0033,Plumbing Substitution Request - Area E11,Plumbing,Medium,Substitution Request,2022-03-20,2022-03-30,2022-04-04,2022-04-05,,Answered,General Contractor,Engineer,1,0,No,0,0,No,0,0,No,2,5
RFI-00291,PRJ-008,RFI-0034,Plumbing Constructability - Area D4,Plumbing,Medium,Constructability,2023-06-06,2023-06-18,2023-06-24,2023-06-24,,Answered,General Contractor,Engineer,0,0,No,0,0,Yes,4,4,No,5,5
RFI-00292,PRJ-008,RFI-0035,Plumbing Coordination Conflict - Area E2,Plumbing,Medium,Coordination Conflict,2023-04-03,2023-04-14,2023-04-17,2023-04-17,2023-04-17,Closed,General Contractor,Engineer,0,0,No,0,0,No,0,0,No,0,5
RFI-00293,PRJ-008,RFI-0036,Architectural Missing Information - Area D6,Architectural,Low,Missing Information,2024-03-09,2024-03-24,2024-03-29,2024-03-29,2024-03-30,Closed,Subcontractor,Architect,0,0,No,0,0,No,0,0,No,5,5
RFI-00294,PRJ-008,RFI-0037,Fire Protection Constructability - Area A9,Fire Protection,Low,Constructability,2022-07-18,2022-07-31,2022-08-10,2022-08-10,,Answered,General Contractor,Engineer,0,0,No,0,0,No,0,0,No,4,3
RFI-00295,PRJ-008,RFI-0038,Electrical Constructability - Area B11,Electrical,Medium,Constructability,2023-05-23,2023-06-01,2023-06-08,,,Awaiting Designer,Construction Manager,Owner Representative,1,0,No,0,0,Yes,3,2,Yes,0,4
RFI-00296,PRJ-008,RFI-0039,Architectural Design Clarification - Area C11,Architectural,Medium,Design Clarification,2022-04-23,2022-05-05,2022-05-26,2022-05-26,2022-05-29,Closed,General Contractor,Architect,0,0,No,0,0,No,0,0,No,4,4
RFI-00297,PRJ-008,RFI-0040,Architectural Constructability - Area A2,Architectural,Medium,Constructability,2023-01-21,2023-01-31,2023-02-15,2023-02-15,2023-02-15,Closed,Subcontractor,Architect,0,0,Yes,30000,42000,Yes,1,1,Yes,5,4
RFI-00298,PRJ-008,RFI-0041,Mechanical Design Clarification - Area E8,Mechanical,Medium,Design Clarification,2022-06-07,2022-06-17,2022-06-21,2022-06-21,2022-06-23,Closed,General Contractor,Engineer,0,0,No,0,0,Yes,3,3,No,4,4
RFI-00299,PRJ-008,RFI-0042,Mechanical Constructability - Area E12,Mechanical,High,Constructability,2022-03-25,2022-03-31,2022-04-13,2022-04-14,,Answered,General Contractor,Engineer,1,0,Yes,32000,29000,Yes,4,4,Yes,1,3
RFI-00300,PRJ-008,RFI-0043,Structural Code Compliance - Area E12,Structural,Medium,Code Compliance,2023-04-09,2023-04-21,2023-04-24,2023-04-25,2023-04-26,Closed,General Contractor,Owner Representative,1,0,No,0,0,No,0,0,No,6,5
RFI-00301,PRJ-008,RFI-0044,Civil Missing Information - Area D7,Civil,Medium,Missing Information,2023-10-27,2023-11-06,2023-11-12,2023-11-14,2023-11-14,Closed,Subcontractor,Engineer,1,0,No,0,0,No,0,0,No,4,3
RFI-00302,PRJ-008,RFI-0045,Structural Missing Information - Area A12,Structural,Medium,Missing Information,2023-09-02,2023-09-12,2023-09-24,2023-09-26,,Answered,Subcontractor,Engineer,1,0,Yes,4400,6000,Yes,3,2,Yes,4,4
RFI-00303,PRJ-008,RFI-0046,Architectural Coordination Conflict - Area D12,Architectural,Low,Coordination Conflict,2023-08-28,2023-09-12,,,,Open,Subcontractor,Architect,0,0,No,0,0,Yes,1,1,No,3,4
RFI-00304,PRJ-008,RFI-0047,Civil Missing Information - Area B5,Civil,High,Missing Information,2023-07-22,2023-07-26,2023-08-10,2023-08-14,2023-08-14,Closed,Construction Manager,Engineer,1,0,Yes,22000,16000,Yes,11,16,Yes,0,2
RFI-00305,PRJ-008,RFI-0048,Structural Design Clarification - Area C3,Structural,Medium,Design Clarification,2022-01-22,2022-01-31,2022-02-09,,,Awaiting Designer,Subcontractor,Engineer,0,0,No,0,0,Yes,5,7,Yes,2,4
RFI-00306,PRJ-009,RFI-0001,Mechanical Missing Information - Area C12,Mechanical,Medium,Missing Information,2022-09-01,2022-09-11,2022-09-08,2022-09-08,,Answered,General Contractor,Engineer,0,0,No,0,0,No,0,0,No,0,3
RFI-00307,PRJ-009,RFI-0002,Mechanical Code Compliance - Area E1,Mechanical,Medium,Code Compliance,2023-01-05,2023-01-17,2023-01-11,2023-01-11,2023-01-11,Closed,Subcontractor,Engineer,0,0,No,0,0,No,0,0,No,5,5
RFI-00308,PRJ-009,RFI-0003,Electrical Missing Information - Area B2,Electrical,High,Missing Information,2022-07-26,2022-08-02,2022-08-05,2022-08-05,2022-08-07,Closed,Subcontractor,Engineer,0,0,No,0,0,No,0,0,No,5,5
RFI-00309,PRJ-009,RFI-0004,Structural Missing Information - Area B8,Structural,Medium,Missing Information,2022-09-06,2022-09-16,2022-09-17,2022-09-20,,Answered,Construction Manager,Engineer,1,0,No,0,0,No,0,0,No,1,4
RFI-00310,PRJ-009,RFI-0005,Controls Design Clarification - Area C11,Controls,Low,Design Clarification,2023-05-23,2023-06-06,2023-05-26,2023-05-30,,Answered,Subcontractor,Engineer,1,0,No,0,0,No,0,0,No,2,5
RFI-00311,PRJ-009,RFI-0006,Civil Missing Information - Area C11,Civil,Medium,Missing Information,2023-04-30,2023-05-11,2023-05-06,2023-05-06,2023-05-09,Closed,General Contractor,Owner Representative,0,0,No,0,0,No,0,0,No,4,5
RFI-00312,PRJ-009,RFI-0007,Mechanical Design Clarification - Area C5,Mechanical,Medium,Design Clarification,2022-06-21,2022-06-30,2022-07-03,2022-07-03,2022-07-04,Closed,General Contractor,Engineer,0,0,No,0,0,No,0,0,No,6,5
RFI-00313,PRJ-009,RFI-0008,Architectural Design Clarification - Area E9,Architectural,High,Design Clarification,2023-08-26,2023-08-31,2023-09-02,2023-09-02,,Answered,Subcontractor,Architect,0,0,No,0,0,No,0,0,No,6,5
RFI-00314,PRJ-009,RFI-0009,Controls Coordination Conflict - Area A8,Controls,Medium,Coordination Conflict,2022-08-20,2022-08-29,2022-09-04,2022-09-05,2022-09-07,Closed,Subcontractor,Engineer,1,0,Yes,42000,59000,No,0,0,No,4,4
RFI-00315,PRJ-009,RFI-0010,Civil Design Clarification - Area D11,Civil,Medium,Design Clarification,2022-05-18,2022-05-29,2022-06-02,2022-06-02,2022-06-02,Closed,Subcontractor,Engineer,0,0,No,0,0,No,0,0,No,5,5
RFI-00316,PRJ-009,RFI-0011,Mechanical Missing Information - Area D4,Mechanical,Medium,Missing Information,2023-12-04,2023-12-16,2023-12-15,2023-12-15,2023-12-17,Closed,Subcontractor,Engineer,0,0,No,0,0,No,0,0,No,6,5
RFI-00317,PRJ-009,RFI-0012,Structural Coordination Conflict - Area D12,Structural,High,Coordination Conflict,2023-01-09,2023-01-14,2023-01-15,2023-01-15,2023-01-16,Closed,Subcontractor,Engineer,0,0,No,0,0,No,0,0,No,2,4
RFI-00318,PRJ-009,RFI-0013,Mechanical Field Condition - Area A1,Mechanical,Medium,Field Condition,2023-10-03,2023-10-15,2023-10-08,2023-10-08,2023-10-11,Closed,Construction Manager,Engineer,0,0,No,0,0,Yes,3,3,No,1,5
RFI-00319,PRJ-009,RFI-0014,Architectural Design Clarification - Area A6,Architectural,Medium,Design Clarification,2023-05-15,2023-05-24,2023-05-20,2023-05-20,2023-05-22,Closed,Construction Manager,Architect,0,0,No,0,0,Yes,2,1,Yes,6,5
RFI-00320,PRJ-009,RFI-0015,Mechanical Coordination Conflict - Area E3,Mechanical,High,Coordination Conflict,2022-10-20,2022-10-24,,,,Awaiting Designer,General Contractor,Engineer,0,0,No,0,0,No,0,0,No,2,4
RFI-00321,PRJ-009,RFI-0016,Structural Coordination Conflict - Area A12,Structural,Low,Coordination Conflict,2024-03-01,2024-03-15,2024-03-15,2024-03-15,,Answered,General Contractor,Engineer,0,1,No,0,0,No,0,0,No,6,4
RFI-00322,PRJ-009,RFI-0017,Civil Substitution Request - Area C11,Civil,High,Substitution Request,2023-04-01,2023-04-05,2023-04-06,2023-04-06,2023-04-07,Closed,Subcontractor,Engineer,0,0,Yes,33000,30000,No,0,0,Yes,1,4
RFI-00323,PRJ-009,RFI-0018,Civil Substitution Request - Area A5,Civil,Low,Substitution Request,2024-03-27,2024-04-11,2024-04-07,2024-04-07,2024-04-08,Closed,General Contractor,Engineer,0,0,No,0,0,No,0,0,No,2,5
RFI-00324,PRJ-010,RFI-0001,Electrical Coordination Conflict - Area A5,Electrical,Critical,Coordination Conflict,2023-03-10,2023-03-14,2023-04-01,2023-04-01,2023-04-03,Closed,Subcontractor,Engineer,0,1,Yes,12000,15000,No,0,0,No,1,3
RFI-00325,PRJ-010,RFI-0002,Architectural Coordination Conflict - Area C3,Architectural,High,Coordination Conflict,2024-01-31,2024-02-07,2024-02-05,2024-02-05,2024-02-07,Closed,General Contractor,Architect,0,0,No,0,0,No,0,0,No,4,5
RFI-00326,PRJ-010,RFI-0003,General Coordination Conflict - Area B6,General,Low,Coordination Conflict,2023-12-31,2024-01-13,2024-01-06,2024-01-09,2024-01-13,Closed,General Contractor,Construction Manager,1,0,No,0,0,Yes,1,1,No,5,4
RFI-00327,PRJ-010,RFI-0004,Electrical Constructability - Area E2,Electrical,Medium,Constructability,2022-06-02,2022-06-13,2022-06-07,2022-06-07,2022-06-10,Closed,General Contractor,Engineer,0,0,No,0,0,No,0,0,No,5,5
RFI-00328,PRJ-010,RFI-0005,Electrical Design Clarification - Area D1,Electrical,Medium,Design Clarification,2023-03-19,2023-03-31,2023-03-25,2023-03-25,2023-03-28,Closed,Subcontractor,Engineer,0,0,No,0,0,No,0,0,No,2,5
RFI-00329,PRJ-010,RFI-0006,Civil Field Condition - Area D2,Civil,Medium,Field Condition,2022-08-15,2022-08-25,2022-08-21,2022-08-25,,Answered,Construction Manager,Engineer,1,0,No,0,0,No,0,0,No,4,4
RFI-00330,PRJ-010,RFI-0007,Architectural Design Clarification - Area E12,Architectural,Medium,Design Clarification,2023-11-02,2023-11-12,2023-11-07,2023-11-07,2023-11-08,Closed,Construction Manager,Architect,0,0,No,0,0,No,0,0,No,6,5
RFI-00331,PRJ-010,RFI-0008,Fire Protection Coordination Conflict - Area A12,Fire Protection,Medium,Coordination Conflict,2024-02-12,2024-02-24,2024-02-26,2024-02-29,,Answered,Construction Manager,Engineer,1,0,No,0,0,No,0,0,No,1,5
RFI-00332,PRJ-010,RFI-0009,Architectural Coordination Conflict - Area B6,Architectural,Medium,Coordination Conflict,2024-02-19,2024-02-29,2024-02-26,2024-03-01,,Answered,Subcontractor,Architect,1,0,No,0,0,No,0,0,No,0,4
RFI-00333,PRJ-010,RFI-0010,Controls Coordination Conflict - Area C2,Controls,Medium,Coordination Conflict,2022-06-10,2022-06-21,2022-07-11,2022-07-15,2022-07-19,Closed,General Contractor,Engineer,2,0,Yes,8500,9900,Yes,7,5,No,5,1
RFI-00334,PRJ-010,RFI-0011,Structural Constructability - Area E9,Structural,Medium,Constructability,2023-06-02,2023-06-13,2023-06-10,2023-06-10,2023-06-10,Closed,General Contractor,Engineer,0,0,No,0,0,Yes,1,1,Yes,4,5
RFI-00335,PRJ-010,RFI-0012,Electrical Field Condition - Area C11,Electrical,High,Field Condition,2023-02-11,2023-02-18,2023-02-17,2023-02-17,2023-02-20,Closed,Subcontractor,Engineer,0,0,No,0,0,No,0,0,No,5,5
RFI-00336,PRJ-010,RFI-0013,Architectural Design Clarification - Area D10,Architectural,Medium,Design Clarification,2022-08-22,2022-09-01,2022-08-31,2022-08-31,2022-09-04,Closed,General Contractor,Architect,0,0,No,0,0,No,0,0,No,0,5
RFI-00337,PRJ-010,RFI-0014,Plumbing Design Clarification - Area E12,Plumbing,Low,Design Clarification,2023-02-15,2023-03-01,2023-03-02,2023-03-02,2023-03-04,Closed,General Contractor,Engineer,0,0,No,0,0,No,0,0,No,3,5
RFI-00338,PRJ-010,RFI-0015,Architectural Missing Information - Area C4,Architectural,Medium,Missing Information,2023-07-11,2023-07-22,2023-07-26,2023-07-27,,Answered,General Contractor,Architect,1,0,Yes,4800,5100,No,0,0,Yes,3,4
RFI-00339,PRJ-010,RFI-0016,Mechanical Substitution Request - Area C12,Mechanical,Medium,Substitution Request,2022-04-12,2022-04-24,2022-04-18,2022-04-18,2022-04-22,Closed,General Contractor,Engineer,0,0,No,0,0,No,0,0,No,4,5
RFI-00340,PRJ-010,RFI-0017,Fire Protection Design Clarification - Area B3,Fire Protection,Medium,Design Clarification,2023-12-12,2023-12-22,2023-12-16,2023-12-16,,Answered,Subcontractor,Engineer,0,0,No,0,0,No,0,0,No,3,5
RFI-00341,PRJ-010,RFI-0018,Controls Field Condition - Area B11,Controls,High,Field Condition,2023-06-28,2023-07-04,2023-07-07,2023-07-09,2023-07-10,Closed,Construction Manager,Engineer,1,0,No,0,0,Yes,45,58,Yes,4,4
RFI-00342,PRJ-010,RFI-0019,Specialty Systems Substitution Request - Area C5,Specialty Systems,Low,Substitution Request,2022-10-25,2022-11-09,2022-11-04,2022-11-04,2022-11-05,Closed,Subcontractor,Design Manager,0,0,No,0,0,No,0,0,No,5,5
RFI-00343,PRJ-010,RFI-0020,General Substitution Request - Area A4,General,Medium,Substitution Request,2022-11-04,2022-11-16,2022-11-13,2022-11-13,2022-11-16,Closed,Construction Manager,Construction Manager,0,1,No,0,0,No,0,0,No,4,5
RFI-00344,PRJ-010,RFI-0021,Electrical Design Clarification - Area C12,Electrical,Critical,Design Clarification,2022-01-28,2022-02-02,2022-02-14,2022-02-14,2022-02-17,Closed,Subcontractor,Owner Representative,0,0,No,0,0,No,0,0,No,0,5
RFI-00345,PRJ-010,RFI-0022,Structural Missing Information - Area B3,Structural,High,Missing Information,2023-12-01,2023-12-05,2023-12-10,2023-12-10,2023-12-13,Closed,Subcontractor,Engineer,0,0,No,0,0,No,0,0,No,4,5
RFI-00346,PRJ-010,RFI-0023,Architectural Design Clarification - Area C2,Architectural,High,Design Clarification,2023-10-19,2023-10-26,2023-10-23,2023-10-23,,Answered,Subcontractor,Architect,0,0,No,0,0,No,0,0,No,3,5
RFI-00347,PRJ-010,RFI-0024,Electrical Design Clarification - Area A7,Electrical,High,Design Clarification,2022-12-22,2022-12-26,2022-12-25,2022-12-25,,Answered,General Contractor,Engineer,0,0,No,0,0,No,0,0,No,5,5
RFI-00348,PRJ-010,RFI-0025,Electrical Constructability - Area C7,Electrical,Low,Constructability,2023-10-06,2023-10-22,2023-10-16,2023-10-16,2023-10-18,Closed,Subcontractor,Engineer,0,0,No,0,0,No,0,0,No,6,5
RFI-00349,PRJ-010,RFI-0026,Structural Missing Information - Area C4,Structural,Low,Missing Information,2023-01-29,2023-02-13,2023-02-07,,,Open,Construction Manager,Owner Representative,1,0,No,0,0,No,0,0,No,6,3
RFI-00350,PRJ-010,RFI-0027,Specialty Systems Design Clarification - Area D9,Specialty Systems,High,Design Clarification,2024-03-27,2024-04-02,2024-04-12,2024-04-12,2024-04-16,Closed,Subcontractor,Owner Representative,0,0,No,0,0,No,0,0,No,6,5
RFI-00351,PRJ-011,RFI-0001,Civil Missing Information - Area C1,Civil,Medium,Missing Information,2022-11-28,2022-12-10,2022-12-07,2022-12-10,2022-12-10,Closed,Subcontractor,Engineer,1,0,No,0,0,No,0,0,No,0,5
RFI-00352,PRJ-011,RFI-0002,Electrical Code Compliance - Area C12,Electrical,Medium,Code Compliance,2022-04-16,2022-04-26,2022-04-20,2022-04-20,2022-04-23,Closed,General Contractor,Engineer,0,0,No,0,0,No,0,0,No,3,5
RFI-00353,PRJ-011,RFI-0003,Specialty Systems Missing Information - Area B1,Specialty Systems,Medium,Missing Information,2023-05-25,2023-06-06,2023-06-14,2023-06-14,2023-06-18,Closed,Subcontractor,Design Manager,0,1,No,0,0,No,0,0,No,6,4
RFI-00354,PRJ-011,RFI-0004,Controls Design Clarification - Area D4,Controls,Low,Design Clarification,2023-08-17,2023-09-02,2023-08-31,2023-08-31,2023-09-03,Closed,Subcontractor,Engineer,0,0,No,0,0,No,0,0,No,2,5
RFI-00355,PRJ-011,RFI-0005,Mechanical Design Clarification - Area C10,Mechanical,Critical,Design Clarification,2023-12-24,2023-12-27,2023-12-29,2023-12-29,,Answered,Subcontractor,Engineer,0,0,No,0,0,No,0,0,No,6,4
RFI-00356,PRJ-011,RFI-0006,General Design Clarification - Area A2,General,Low,Design Clarification,2022-06-08,2022-06-21,2022-06-11,2022-06-11,2022-06-12,Closed,General Contractor,Construction Manager,0,0,No,0,0,No,0,0,No,2,4
RFI-00357,PRJ-011,RFI-0007,Structural Missing Information - Area A11,Structural,High,Missing Information,2023-07-21,2023-07-27,2023-08-05,2023-08-07,,Answered,General Contractor,Engineer,1,0,No,0,0,No,0,0,No,4,5
RFI-00358,PRJ-011,RFI-0008,General Coordination Conflict - Area E11,General,High,Coordination Conflict,2022-05-09,2022-05-14,2022-05-19,2022-05-19,2022-05-23,Closed,Subcontractor,Construction Manager,0,0,No,0,0,No,0,0,No,6,5
RFI-00359,PRJ-011,RFI-0009,Plumbing Substitution Request - Area B9,Plumbing,Medium,Substitution Request,2022-05-11,2022-05-21,2022-05-25,2022-05-25,2022-05-27,Closed,Subcontractor,Engineer,0,0,No,0,0,No,0,0,No,0,5
RFI-00360,PRJ-011,RFI-0010,Plumbing Missing Information - Area A6,Plumbing,High,Missing Information,2022-12-02,2022-12-06,2022-12-10,2022-12-10,2022-12-12,Closed,Subcontractor,Engineer,0,0,No,0,0,No,0,0,No,5,5
RFI-00361,PRJ-011,RFI-0011,Architectural Constructability - Area B5,Architectural,Medium,Constructability,2022-04-28,2022-05-09,,,,In Review,Subcontractor,Architect,0,0,No,0,0,No,0,0,No,0,5
RFI-00362,PRJ-011,RFI-0012,Structural Coordination Conflict - Area E3,Structural,Low,Coordination Conflict,2023-06-29,2023-07-15,2023-07-09,2023-07-09,2023-07-11,Closed,General Contractor,Engineer,0,0,No,0,0,No,0,0,No,0,5
RFI-00363,PRJ-011,RFI-0013,Controls Missing Information - Area D3,Controls,Medium,Missing Information,2023-11-25,2023-12-07,2023-12-02,2023-12-02,2023-12-02,Closed,General Contractor,Engineer,0,0,No,0,0,No,0,0,No,0,5
RFI-00364,PRJ-011,RFI-0014,Controls Substitution Request - Area A12,Controls,High,Substitution Request,2022-10-08,2022-10-15,2022-10-14,2022-10-14,2022-10-17,Closed,Subcontractor,Engineer,0,0,No,0,0,No,0,0,No,0,4
RFI-00365,PRJ-011,RFI-0015,Architectural Design Clarification - Area A3,Architectural,Low,Design Clarification,2022-11-06,2022-11-21,2022-11-25,2022-11-25,2022-11-29,Closed,Subcontractor,Architect,0,1,No,0,0,No,0,0,No,1,4
RFI-00366,PRJ-011,RFI-0016,Mechanical Coordination Conflict - Area A7,Mechanical,Low,Coordination Conflict,2022-04-02,2022-04-18,2022-04-15,2022-04-15,2022-04-19,Closed,Subcontractor,Engineer,0,1,No,0,0,No,0,0,No,0,5
RFI-00367,PRJ-011,RFI-0017,Architectural Substitution Request - Area C1,Architectural,High,Substitution Request,2022-08-24,2022-08-31,2022-08-28,2022-08-28,,Answered,Construction Manager,Architect,0,0,No,0,0,No,0,0,No,0,5
RFI-00368,PRJ-011,RFI-0018,Plumbing Constructability - Area A3,Plumbing,Medium,Constructability,2023-09-06,2023-09-18,2023-09-10,2023-09-10,2023-09-12,Closed,Subcontractor,Engineer,0,0,No,0,0,No,0,0,No,2,5
RFI-00369,PRJ-011,RFI-0019,General Missing Information - Area D8,General,High,Missing Information,2022-10-08,2022-10-12,2022-10-20,,,In Review,Subcontractor,Construction Manager,1,0,No,0,0,No,0,0,No,4,4
RFI-00370,PRJ-011,RFI-0020,Plumbing Missing Information - Area A2,Plumbing,Medium,Missing Information,2024-02-23,2024-03-03,2024-03-04,2024-03-04,2024-03-04,Closed,Subcontractor,Engineer,0,0,No,0,0,No,0,0,No,5,5
RFI-00371,PRJ-011,RFI-0021,Electrical Design Clarification - Area B10,Electrical,High,Design Clarification,2022-11-02,2022-11-07,2022-11-11,2022-11-11,,Answered,Subcontractor,Engineer,0,0,No,0,0,Yes,5,6,No,4,4
RFI-00372,PRJ-011,RFI-0022,Civil Constructability - Area E5,Civil,Medium,Constructability,2023-07-18,2023-07-27,2023-07-22,2023-07-22,2023-07-22,Closed,Subcontractor,Engineer,0,0,Yes,4400,5800,No,0,0,Yes,3,5
RFI-00373,PRJ-011,RFI-0023,Electrical Design Clarification - Area E10,Electrical,Low,Design Clarification,2023-06-23,2023-07-07,2023-07-12,2023-07-12,2023-07-13,Closed,Subcontractor,Engineer,0,0,No,0,0,No,0,0,No,4,3
RFI-00374,PRJ-011,RFI-0024,Mechanical Design Clarification - Area D7,Mechanical,High,Design Clarification,2023-12-25,2024-01-01,2024-01-04,2024-01-04,2024-01-08,Closed,Subcontractor,Owner Representative,0,0,No,0,0,No,0,0,No,0,4
RFI-00375,PRJ-011,RFI-0025,Architectural Substitution Request - Area E6,Architectural,Medium,Substitution Request,2022-11-12,2022-11-22,2022-11-21,2022-11-24,2022-11-27,Closed,Subcontractor,Architect,1,0,No,0,0,No,0,0,No,0,5
RFI-00376,PRJ-011,RFI-0026,Civil Design Clarification - Area E1,Civil,Medium,Design Clarification,2022-08-15,2022-08-24,2022-08-30,2022-08-30,,Answered,General Contractor,Engineer,0,1,Yes,11000,11000,Yes,1,1,Yes,0,4
RFI-00377,PRJ-011,RFI-0027,Electrical Constructability - Area E3,Electrical,High,Constructability,2023-02-07,2023-02-13,2023-02-18,2023-02-18,,Answered,General Contractor,Engineer,0,0,No,0,0,No,0,0,No,0,5
RFI-00378,PRJ-011,RFI-0028,Plumbing Code Compliance - Area C12,Plumbing,Medium,Code Compliance,2023-02-17,2023-02-28,2023-02-20,2023-02-20,,Answered,Subcontractor,Engineer,0,0,No,0,0,No,0,0,No,0,5
RFI-00379,PRJ-011,RFI-0029,Civil Code Compliance - Area A1,Civil,Medium,Code Compliance,2022-09-30,2022-10-12,2022-10-08,2022-10-08,2022-10-10,Closed,General Contractor,Engineer,0,0,No,0,0,No,0,0,No,3,5
RFI-00380,PRJ-011,RFI-0030,Structural Design Clarification - Area A8,Structural,Medium,Design Clarification,2022-01-10,2022-01-22,2022-01-18,2022-01-18,2022-01-18,Closed,General Contractor,Engineer,0,0,No,0,0,No,0,0,No,5,5
RFI-00381,PRJ-011,RFI-0031,Electrical Design Clarification - Area D10,Electrical,Medium,Design Clarification,2024-03-13,2024-03-22,2024-03-26,2024-03-26,2024-03-28,Closed,Subcontractor,Engineer,0,1,Yes,16000,21000,No,0,0,Yes,0,5
RFI-00382,PRJ-011,RFI-0032,Electrical Constructability - Area C9,Electrical,Medium,Constructability,2023-04-01,2023-04-13,2023-04-12,,,In Review,General Contractor,Engineer,0,0,No,0,0,No,0,0,No,0,5
RFI-00383,PRJ-011,RFI-0033,Electrical Field Condition - Area C10,Electrical,High,Field Condition,2024-02-21,2024-02-26,2024-03-06,2024-03-06,2024-03-06,Closed,Subcontractor,Owner Representative,0,0,Yes,12000,17000,No,0,0,No,0,4
RFI-00384,PRJ-011,RFI-0034,Civil Missing Information - Area E2,Civil,Critical,Missing Information,2023-07-15,2023-07-18,2023-07-22,2023-07-22,2023-07-22,Closed,Subcontractor,Engineer,0,0,No,0,0,Yes,9,12,Yes,2,5
RFI-00385,PRJ-012,RFI-0001,Electrical Design Clarification - Area C8,Electrical,Medium,Design Clarification,2025-05-17,2025-05-28,2025-06-09,2025-06-12,2025-06-13,Closed,General Contractor,Engineer,1,0,Yes,5600,8000,No,0,0,Yes,5,3
RFI-00386,PRJ-012,RFI-0002,Electrical Missing Information - Area D1,Electrical,High,Missing Information,2024-09-05,2024-09-09,2024-09-10,2024-09-10,,Answered,Construction Manager,Engineer,0,0,No,0,0,Yes,28,43,Yes,5,5
RFI-00387,PRJ-012,RFI-0003,Electrical Design Clarification - Area E9,Electrical,High,Design Clarification,2024-10-10,2024-10-15,2024-10-19,2024-10-19,2024-10-19,Closed,General Contractor,Engineer,0,0,Yes,129000,104000,No,0,0,Yes,4,5
RFI-00388,PRJ-012,RFI-0004,Controls Design Clarification - Area B12,Controls,Medium,Design Clarification,2025-11-23,2025-12-03,2025-12-12,2025-12-12,2025-12-13,Closed,Subcontractor,Engineer,0,0,No,0,0,No,0,0,No,3,3
RFI-00389,PRJ-012,RFI-0005,Fire Protection Missing Information - Area C9,Fire Protection,High,Missing Information,2024-09-04,2024-09-08,2024-09-08,2024-09-08,,Answered,Subcontractor,Engineer,0,0,No,0,0,No,0,0,No,3,5
RFI-00390,PRJ-012,RFI-0006,Controls Design Clarification - Area D12,Controls,Medium,Design Clarification,2024-10-10,2024-10-19,2024-10-19,2024-10-19,2024-10-20,Closed,General Contractor,Engineer,0,0,No,0,0,No,0,0,No,6,5
RFI-00391,PRJ-012,RFI-0007,Architectural Field Condition - Area B8,Architectural,Medium,Field Condition,2024-10-27,2024-11-08,2024-11-18,2024-11-19,,Answered,Construction Manager,Architect,1,0,Yes,11000,16000,Yes,4,3,Yes,3,3
RFI-00392,PRJ-012,RFI-0008,Civil Design Clarification - Area B9,Civil,Low,Design Clarification,2025-05-23,2025-06-07,2025-06-14,2025-06-14,2025-06-15,Closed,Subcontractor,Engineer,0,1,No,0,0,No,0,0,No,5,5
RFI-00393,PRJ-012,RFI-0009,Structural Missing Information - Area A5,Structural,Medium,Missing Information,2025-04-07,2025-04-16,2025-04-19,2025-04-19,2025-04-23,Closed,General Contractor,Engineer,0,0,No,0,0,Yes,4,5,Yes,3,5
RFI-00394,PRJ-012,RFI-0010,Plumbing Missing Information - Area C7,Plumbing,Medium,Missing Information,2025-07-30,2025-08-11,2025-08-24,2025-08-24,2025-08-26,Closed,General Contractor,Engineer,0,0,Yes,12000,15000,No,0,0,No,0,5
RFI-00395,PRJ-012,RFI-0011,Plumbing Field Condition - Area A12,Plumbing,Critical,Field Condition,2025-03-03,2025-03-08,2025-03-14,,,Returned for Clarification,General Contractor,Engineer,1,0,Yes,36000,35000,No,0,0,Yes,4,4
RFI-00396,PRJ-012,RFI-0012,Mechanical Design Clarification - Area A6,Mechanical,Low,Design Clarification,2025-06-01,2025-06-14,2025-06-16,2025-06-19,2025-06-23,Closed,Subcontractor,Engineer,1,0,Yes,21000,30000,Yes,3,2,Yes,3,3
RFI-00397,PRJ-012,RFI-0013,General Constructability - Area D10,General,Medium,Constructability,2025-05-22,2025-06-01,2025-06-07,2025-06-07,2025-06-10,Closed,General Contractor,Construction Manager,0,0,No,0,0,No,0,0,No,6,5
RFI-00398,PRJ-012,RFI-0014,Specialty Systems Design Clarification - Area C3,Specialty Systems,Medium,Design Clarification,2025-08-13,2025-08-25,2025-09-14,2025-09-14,2025-09-18,Closed,Subcontractor,Owner Representative,0,0,Yes,40000,36000,No,0,0,No,1,3
RFI-00399,PRJ-012,RFI-0015,Structural Coordination Conflict - Area A9,Structural,Medium,Coordination Conflict,2024-09-21,2024-10-03,2024-10-05,2024-10-05,,Answered,General Contractor,Engineer,0,0,No,0,0,No,0,0,No,3,5
RFI-00400,PRJ-012,RFI-0016,Architectural Coordination Conflict - Area A5,Architectural,Medium,Coordination Conflict,2025-02-10,2025-02-19,2025-03-02,2025-03-02,2025-03-02,Closed,Subcontractor,Architect,0,0,No,0,0,No,0,0,No,6,4
RFI-00401,PRJ-012,RFI-0017,Civil Field Condition - Area B7,Civil,High,Field Condition,2024-11-07,2024-11-11,2024-11-24,2024-11-24,2024-11-24,Closed,General Contractor,Engineer,0,0,Yes,7900,10000,No,0,0,No,4,3
RFI-00402,PRJ-012,RFI-0018,Architectural Field Condition - Area E10,Architectural,Medium,Field Condition,2024-10-24,2024-11-03,2024-11-14,2024-11-14,2024-11-14,Closed,Subcontractor,Architect,0,0,No,0,0,No,0,0,No,6,5
RFI-00403,PRJ-012,RFI-0019,Controls Field Condition - Area D6,Controls,Medium,Field Condition,2024-10-10,2024-10-19,2024-10-22,2024-10-26,2024-10-27,Closed,General Contractor,Engineer,1,0,No,0,0,No,0,0,No,4,4
RFI-00404,PRJ-012,RFI-0020,Civil Design Clarification - Area E4,Civil,Medium,Design Clarification,2025-08-14,2025-08-26,2025-09-20,2025-09-20,2025-09-24,Closed,Subcontractor,Engineer,0,0,Yes,52000,73000,No,0,0,Yes,2,3
RFI-00405,PRJ-012,RFI-0021,Electrical Substitution Request - Area D9,Electrical,Critical,Substitution Request,2024-06-08,2024-06-12,2024-06-22,2024-06-22,2024-06-22,Closed,General Contractor,Engineer,0,0,No,0,0,Yes,27,25,Yes,3,5
RFI-00406,PRJ-012,RFI-0022,Mechanical Field Condition - Area A9,Mechanical,Medium,Field Condition,2024-11-27,2024-12-06,2024-12-10,2024-12-10,2024-12-14,Closed,Subcontractor,Engineer,0,0,Yes,11000,11000,No,0,0,No,4,4
RFI-00407,PRJ-012,RFI-0023,Civil Missing Information - Area B5,Civil,Medium,Missing Information,2025-07-18,2025-07-29,,,,In Review,Subcontractor,Engineer,0,0,Yes,18000,20000,No,0,0,Yes,4,4
RFI-00408,PRJ-012,RFI-0024,Mechanical Constructability - Area E11,Mechanical,Medium,Constructability,2025-04-10,2025-04-21,2025-05-05,2025-05-07,,Answered,Subcontractor,Engineer,1,0,No,0,0,Yes,2,2,Yes,6,2
RFI-00409,PRJ-012,RFI-0025,Civil Constructability - Area C5,Civil,Medium,Constructability,2024-08-07,2024-08-16,2024-08-17,2024-08-17,2024-08-21,Closed,General Contractor,Engineer,0,0,No,0,0,Yes,7,8,Yes,3,5
RFI-00410,PRJ-012,RFI-0026,Architectural Constructability - Area C9,Architectural,High,Constructability,2024-11-23,2024-11-29,2024-12-05,2024-12-05,2024-12-09,Closed,Construction Manager,Architect,0,0,No,0,0,No,0,0,No,3,5
RFI-00411,PRJ-012,RFI-0027,Fire Protection Field Condition - Area A6,Fire Protection,Medium,Field Condition,2025-10-01,2025-10-13,2025-10-15,2025-10-17,2025-10-18,Closed,Subcontractor,Engineer,1,0,Yes,29000,39000,No,0,0,No,3,4
RFI-00412,PRJ-012,RFI-0028,Electrical Constructability - Area D8,Electrical,Critical,Constructability,2025-10-28,2025-11-01,2025-11-04,2025-11-04,2025-11-06,Closed,Subcontractor,Engineer,0,0,No,0,0,No,0,0,No,0,5
RFI-00413,PRJ-012,RFI-0029,General Substitution Request - Area B1,General,High,Substitution Request,2024-06-10,2024-06-17,2024-06-19,2024-06-19,,Answered,Construction Manager,Construction Manager,0,0,Yes,91000,89000,No,0,0,Yes,3,4
RFI-00414,PRJ-012,RFI-0030,Electrical Design Clarification - Area D7,Electrical,Medium,Design Clarification,2025-01-05,2025-01-15,,,,Awaiting Owner,General Contractor,Engineer,0,0,No,0,0,No,0,0,No,3,5
RFI-00415,PRJ-012,RFI-0031,Mechanical Missing Information - Area E9,Mechanical,Low,Missing Information,2025-08-22,2025-09-07,2025-09-21,2025-09-21,2025-09-22,Closed,General Contractor,Owner Representative,0,1,No,0,0,Yes,1,1,No,2,4
RFI-00416,PRJ-012,RFI-0032,Civil Constructability - Area B8,Civil,High,Constructability,2024-10-04,2024-10-10,2024-10-16,2024-10-16,2024-10-19,Closed,General Contractor,Engineer,0,0,No,0,0,No,0,0,No,5,5
RFI-00417,PRJ-012,RFI-0033,Civil Constructability - Area D11,Civil,Medium,Constructability,2024-08-01,2024-08-13,2024-08-08,2024-08-08,2024-08-12,Closed,General Contractor,Engineer,0,0,No,0,0,No,0,0,No,0,5
RFI-00418,PRJ-012,RFI-0034,Architectural Constructability - Area D3,Architectural,Low,Constructability,2025-09-02,2025-09-18,2025-09-15,2025-09-16,,Answered,General Contractor,Architect,1,0,No,0,0,No,0,0,No,0,4
RFI-00419,PRJ-012,RFI-0035,Plumbing Design Clarification - Area E3,Plumbing,High,Design Clarification,2025-06-14,2025-06-21,2025-07-13,2025-07-14,2025-07-15,Closed,General Contractor,Engineer,1,0,Yes,27000,21000,No,0,0,Yes,6,1
RFI-00420,PRJ-012,RFI-0036,Architectural Coordination Conflict - Area C6,Architectural,Medium,Coordination Conflict,2025-03-23,2025-04-04,2025-04-01,2025-04-01,2025-04-05,Closed,Construction Manager,Owner Representative,0,0,No,0,0,No,0,0,No,5,5
RFI-00421,PRJ-012,RFI-0037,Civil Coordination Conflict - Area E7,Civil,Low,Coordination Conflict,2024-09-09,2024-09-22,2024-10-11,2024-10-13,2024-10-17,Closed,General Contractor,Engineer,2,0,Yes,5400,7100,No,0,0,Yes,0,2
RFI-00422,PRJ-012,RFI-0038,Civil Design Clarification - Area B9,Civil,Medium,Design Clarification,2025-04-26,2025-05-08,2025-05-05,2025-05-05,,Answered,General Contractor,Engineer,0,0,No,0,0,No,0,0,No,4,5
RFI-00423,PRJ-012,RFI-0039,Electrical Missing Information - Area D3,Electrical,High,Missing Information,2025-12-20,2025-12-26,,,,Awaiting Designer,Subcontractor,Engineer,0,0,No,0,0,Yes,16,20,Yes,1,4
RFI-00424,PRJ-012,RFI-0040,Architectural Constructability - Area E11,Architectural,Medium,Constructability,2025-08-23,2025-09-02,2025-09-13,2025-09-13,2025-09-17,Closed,General Contractor,Architect,0,0,No,0,0,No,0,0,No,6,5
RFI-00425,PRJ-012,RFI-0041,General Design Clarification - Area D1,General,Medium,Design Clarification,2025-09-11,2025-09-23,2025-09-24,2025-09-24,2025-09-26,Closed,Construction Manager,Construction Manager,0,0,No,0,0,No,0,0,No,5,5
RFI-00426,PRJ-012,RFI-0042,Electrical Field Condition - Area D10,Electrical,Medium,Field Condition,2025-07-21,2025-07-31,2025-08-17,2025-08-17,2025-08-21,Closed,Subcontractor,Engineer,0,0,No,0,0,No,0,0,No,1,4
RFI-00427,PRJ-012,RFI-0043,Specialty Systems Coordination Conflict - Area E12,Specialty Systems,Medium,Coordination Conflict,2024-12-18,2024-12-29,2025-01-06,2025-01-10,,Answered,Subcontractor,Design Manager,1,0,No,0,0,No,0,0,No,6,5
RFI-00428,PRJ-012,RFI-0044,Electrical Substitution Request - Area C2,Electrical,Medium,Substitution Request,2025-07-03,2025-07-12,2025-08-02,2025-08-02,2025-08-06,Closed,Subcontractor,Engineer,0,0,Yes,21000,17000,No,0,0,Yes,4,3
RFI-00429,PRJ-012,RFI-0045,Fire Protection Coordination Conflict - Area D9,Fire Protection,Low,Coordination Conflict,2024-12-30,2025-01-14,2025-01-26,2025-01-26,2025-01-26,Closed,Subcontractor,Engineer,0,0,No,0,0,No,0,0,No,0,4
RFI-00430,PRJ-012,RFI-0046,Plumbing Missing Information - Area D3,Plumbing,High,Missing Information,2025-08-13,2025-08-18,2025-08-21,2025-08-21,2025-08-24,Closed,Subcontractor,Engineer,0,0,No,0,0,Yes,5,7,Yes,1,5
RFI-00431,PRJ-012,RFI-0047,General Code Compliance - Area C7,General,Medium,Code Compliance,2025-10-15,2025-10-24,2025-10-31,2025-11-02,,Answered,General Contractor,Construction Manager,1,0,Yes,45000,34000,Yes,5,4,Yes,3,5
RFI-00432,PRJ-012,RFI-0048,Structural Missing Information - Area E12,Structural,High,Missing Information,2025-10-17,2025-10-21,2025-11-02,2025-11-02,,Answered,General Contractor,Engineer,0,0,No,0,0,No,0,0,No,1,4
RFI-00433,PRJ-012,RFI-0049,Plumbing Field Condition - Area B8,Plumbing,Low,Field Condition,2025-06-21,2025-07-07,2025-07-04,2025-07-04,2025-07-06,Closed,General Contractor,Engineer,0,0,No,0,0,No,0,0,No,4,5
RFI-00434,PRJ-012,RFI-0050,Mechanical Design Clarification - Area A3,Mechanical,Low,Design Clarification,2024-06-24,2024-07-07,2024-09-04,2024-09-07,,Answered,General Contractor,Engineer,1,0,Yes,8800,13000,Yes,1,1,No,0,1
RFI-00435,PRJ-012,RFI-0051,Architectural Design Clarification - Area B5,Architectural,Medium,Design Clarification,2025-10-22,2025-10-31,2025-10-25,2025-10-25,2025-10-29,Closed,Subcontractor,Owner Representative,0,0,No,0,0,No,0,0,No,0,5
RFI-00436,PRJ-012,RFI-0052,Plumbing Coordination Conflict - Area A9,Plumbing,High,Coordination Conflict,2024-12-20,2024-12-27,2025-01-23,2025-01-24,2025-01-26,Closed,General Contractor,Engineer,1,0,Yes,41000,36000,Yes,1,1,No,4,3
RFI-00437,PRJ-012,RFI-0053,Civil Constructability - Area C10,Civil,Medium,Constructability,2025-01-19,2025-01-28,2025-02-02,2025-02-02,,Answered,General Contractor,Engineer,0,0,No,0,0,Yes,2,2,Yes,2,5
RFI-00438,PRJ-012,RFI-0054,Architectural Design Clarification - Area B2,Architectural,Medium,Design Clarification,2024-08-16,2024-08-25,2024-09-03,2024-09-03,2024-09-03,Closed,General Contractor,Architect,0,0,No,0,0,Yes,1,1,Yes,2,4
RFI-00439,PRJ-012,RFI-0055,Structural Design Clarification - Area B4,Structural,Medium,Design Clarification,2025-12-12,2025-12-22,,,,Open,General Contractor,Engineer,0,1,No,0,0,Yes,1,1,Yes,6,3
RFI-00440,PRJ-012,RFI-0056,Structural Field Condition - Area D10,Structural,Medium,Field Condition,2024-08-07,2024-08-19,2024-08-24,2024-08-24,2024-08-27,Closed,General Contractor,Engineer,0,0,No,0,0,No,0,0,No,2,4
RFI-00441,PRJ-012,RFI-0057,Architectural Design Clarification - Area B5,Architectural,Medium,Design Clarification,2025-11-27,2025-12-08,2025-12-15,2025-12-18,2025-12-18,Closed,General Contractor,Architect,1,0,No,0,0,No,0,0,No,0,4
RFI-00442,PRJ-012,RFI-0058,Mechanical Field Condition - Area E8,Mechanical,Medium,Field Condition,2024-12-15,2024-12-26,2024-12-26,2024-12-26,,Answered,General Contractor,Engineer,0,0,No,0,0,No,0,0,No,6,5
RFI-00443,PRJ-012,RFI-0059,Structural Coordination Conflict - Area C6,Structural,Medium,Coordination Conflict,2024-12-09,2024-12-18,2024-12-26,2024-12-26,,Answered,General Contractor,Engineer,0,0,No,0,0,No,0,0,No,1,4
RFI-00444,PRJ-012,RFI-0060,Electrical Design Clarification - Area D5,Electrical,Medium,Design Clarification,2025-01-26,2025-02-07,2025-02-05,2025-02-05,2025-02-06,Closed,Subcontractor,Owner Representative,0,0,Yes,55000,57000,No,0,0,Yes,3,4
RFI-00445,PRJ-013,RFI-0001,Plumbing Coordination Conflict - Area B10,Plumbing,High,Coordination Conflict,2023-11-10,2023-11-16,2023-11-19,2023-11-19,,Answered,Subcontractor,Owner Representative,0,0,Yes,11000,13000,No,0,0,No,4,5
RFI-00446,PRJ-013,RFI-0002,Fire Protection Missing Information - Area B5,Fire Protection,Medium,Missing Information,2022-06-18,2022-06-27,2022-06-27,2022-06-27,2022-07-01,Closed,Subcontractor,Engineer,0,0,No,0,0,No,0,0,No,1,5
RFI-00447,PRJ-013,RFI-0003,Structural Code Compliance - Area D9,Structural,Medium,Code Compliance,2022-04-29,2022-05-09,2022-05-03,2022-05-06,,Answered,General Contractor,Engineer,1,0,Yes,23000,20000,No,0,0,Yes,1,4
RFI-00448,PRJ-013,RFI-0004,Structural Design Clarification - Area B10,Structural,Medium,Design Clarification,2022-10-08,2022-10-18,2022-10-23,2022-10-23,2022-10-26,Closed,Subcontractor,Owner Representative,0,1,No,0,0,No,0,0,No,1,5
RFI-00449,PRJ-013,RFI-0005,Mechanical Design Clarification - Area E12,Mechanical,High,Design Clarification,2023-12-03,2023-12-10,2023-12-08,2023-12-08,2023-12-08,Closed,Subcontractor,Engineer,0,0,No,0,0,No,0,0,No,6,4
RFI-00450,PRJ-013,RFI-0006,Architectural Missing Information - Area D7,Architectural,High,Missing Information,2024-06-08,2024-06-14,2024-06-14,2024-06-15,2024-06-16,Closed,General Contractor,Architect,1,0,No,0,0,No,0,0,No,4,4
RFI-00451,PRJ-013,RFI-0007,Civil Constructability - Area C9,Civil,High,Constructability,2023-11-16,2023-11-22,2023-11-27,2023-11-27,2023-11-29,Closed,Subcontractor,Engineer,0,0,No,0,0,No,0,0,No,2,5
RFI-00452,PRJ-013,RFI-0008,Mechanical Field Condition - Area A1,Mechanical,High,Field Condition,2022-08-30,2022-09-03,2022-09-10,2022-09-10,2022-09-11,Closed,Subcontractor,Engineer,0,0,Yes,8000,9800,No,0,0,No,5,4
RFI-00453,PRJ-013,RFI-0009,Structural Field Condition - Area C3,Structural,Medium,Field Condition,2022-11-06,2022-11-16,2022-11-21,2022-11-21,,Answered,General Contractor,Engineer,0,0,Yes,5900,8400,No,0,0,Yes,4,5
RFI-00454,PRJ-013,RFI-0010,Architectural Substitution Request - Area B2,Architectural,Medium,Substitution Request,2022-11-20,2022-11-29,2022-11-26,,,Awaiting Owner,General Contractor,Architect,0,0,No,0,0,No,0,0,No,6,5
RFI-00455,PRJ-013,RFI-0011,Specialty Systems Constructability - Area A11,Specialty Systems,Medium,Constructability,2024-03-15,2024-03-27,2024-03-25,2024-03-25,,Answered,Subcontractor,Design Manager,0,0,No,0,0,No,0,0,No,5,4
RFI-00456,PRJ-013,RFI-0012,General Constructability - Area E8,General,Critical,Constructability,2023-08-26,2023-08-28,,,,Awaiting Designer,General Contractor,Construction Manager,1,0,Yes,25000,20000,No,0,0,Yes,1,4
RFI-00457,PRJ-013,RFI-0013,Structural Field Condition - Area E5,Structural,High,Field Condition,2023-05-16,2023-05-23,2023-05-30,2023-06-01,2023-06-04,Closed,Subcontractor,Engineer,1,0,No,0,0,Yes,5,5,Yes,4,3
RFI-00458,PRJ-013,RFI-0014,Fire Protection Constructability - Area B1,Fire Protection,Medium,Constructability,2024-04-21,2024-05-02,2024-05-04,2024-05-04,,Answered,Subcontractor,Engineer,0,1,Yes,63000,76000,No,0,0,No,5,5
RFI-00459,PRJ-013,RFI-0015,Electrical Coordination Conflict - Area E9,Electrical,Medium,Coordination Conflict,2024-06-05,2024-06-15,2024-06-14,2024-06-16,,Answered,Subcontractor,Engineer,1,0,No,0,0,No,0,0,No,6,5
RFI-00460,PRJ-013,RFI-0016,Civil Coordination Conflict - Area A4,Civil,High,Coordination Conflict,2022-07-26,2022-07-31,2022-08-01,2022-08-01,2022-08-02,Closed,General Contractor,Owner Representative,0,0,Yes,28000,25000,Yes,9,10,Yes,6,5
RFI-00461,PRJ-013,RFI-0017,Mechanical Design Clarification - Area C6,Mechanical,Critical,Design Clarification,2023-05-15,2023-05-18,2023-05-29,2023-05-29,2023-06-01,Closed,Subcontractor,Engineer,0,1,No,0,0,Yes,4,5,Yes,5,5
RFI-00462,PRJ-013,RFI-0018,Plumbing Constructability - Area E8,Plumbing,Low,Constructability,2023-11-22,2023-12-08,2023-11-26,2023-11-26,2023-11-26,Closed,Subcontractor,Engineer,0,0,No,0,0,No,0,0,No,1,4
RFI-00463,PRJ-013,RFI-0019,Fire Protection Field Condition - Area C2,Fire Protection,High,Field Condition,2022-01-23,2022-01-30,2022-01-28,2022-02-01,,Answered,Subcontractor,Engineer,1,0,Yes,2700,2100,No,0,0,Yes,1,5
RFI-00464,PRJ-013,RFI-0020,General Design Clarification - Area C8,General,Low,Design Clarification,2023-10-15,2023-10-29,2023-10-24,2023-10-25,2023-10-29,Closed,Construction Manager,Construction Manager,1,0,No,0,0,Yes,2,2,No,2,5
RFI-00465,PRJ-013,RFI-0021,Civil Missing Information - Area A9,Civil,High,Missing Information,2023-11-29,2023-12-03,2023-12-10,2023-12-14,2023-12-18,Closed,Construction Manager,Engineer,1,1,No,0,0,Yes,3,4,No,0,3
RFI-00466,PRJ-013,RFI-0022,Plumbing Field Condition - Area A10,Plumbing,Medium,Field Condition,2022-09-17,2022-09-28,2022-09-28,2022-10-02,2022-10-02,Closed,General Contractor,Engineer,1,0,No,0,0,No,0,0,No,4,4
RFI-00467,PRJ-013,RFI-0023,Mechanical Design Clarification - Area B10,Mechanical,Medium,Design Clarification,2023-03-07,2023-03-17,2023-03-14,2023-03-14,,Answered,General Contractor,Engineer,0,0,No,0,0,No,0,0,No,6,5
RFI-00468,PRJ-013,RFI-0024,Fire Protection Constructability - Area B7,Fire Protection,High,Constructability,2024-06-09,2024-06-13,2024-06-16,2024-06-18,2024-06-18,Closed,General Contractor,Engineer,1,0,No,0,0,No,0,0,No,6,4
RFI-00469,PRJ-013,RFI-0025,Mechanical Missing Information - Area D4,Mechanical,High,Missing Information,2024-02-20,2024-02-24,2024-03-02,2024-03-02,2024-03-03,Closed,Subcontractor,Engineer,0,0,No,0,0,No,0,0,No,0,5
RFI-00470,PRJ-013,RFI-0026,Plumbing Design Clarification - Area B7,Plumbing,High,Design Clarification,2023-07-06,2023-07-11,2023-07-13,,,Open,Subcontractor,Engineer,0,0,Yes,33000,46000,Yes,4,3,Yes,6,5
RFI-00471,PRJ-013,RFI-0027,Structural Code Compliance - Area E3,Structural,Low,Code Compliance,2022-11-22,2022-12-08,2022-12-11,2022-12-13,2022-12-14,Closed,General Contractor,Engineer,1,0,Yes,8800,8500,No,0,0,No,6,4
RFI-00472,PRJ-013,RFI-0028,Fire Protection Coordination Conflict - Area E4,Fire Protection,Low,Coordination Conflict,2022-07-16,2022-07-31,2022-07-26,2022-07-30,2022-07-31,Closed,General Contractor,Engineer,1,0,No,0,0,No,0,0,No,4,5
RFI-00473,PRJ-013,RFI-0029,Architectural Design Clarification - Area E4,Architectural,Medium,Design Clarification,2024-02-11,2024-02-22,2024-02-19,2024-02-19,,Answered,General Contractor,Architect,0,0,No,0,0,No,0,0,No,6,5
RFI-00474,PRJ-013,RFI-0030,Architectural Missing Information - Area D9,Architectural,Medium,Missing Information,2023-10-15,2023-10-24,2023-10-21,,,Awaiting Designer,Subcontractor,Architect,0,0,No,0,0,No,0,0,No,6,5
RFI-00475,PRJ-013,RFI-0031,Structural Field Condition - Area B6,Structural,Medium,Field Condition,2022-12-28,2023-01-07,2023-01-08,2023-01-10,2023-01-12,Closed,Subcontractor,Engineer,1,0,No,0,0,No,0,0,No,2,5
RFI-00476,PRJ-013,RFI-0032,Electrical Design Clarification - Area C11,Electrical,Medium,Design Clarification,2023-08-18,2023-08-27,2023-08-23,2023-08-23,,Answered,General Contractor,Owner Representative,0,0,No,0,0,No,0,0,No,2,5
RFI-00477,PRJ-013,RFI-0033,Specialty Systems Coordination Conflict - Area D4,Specialty Systems,Medium,Coordination Conflict,2023-08-14,2023-08-23,2023-08-25,2023-08-25,,Answered,General Contractor,Design Manager,0,0,No,0,0,Yes,3,2,Yes,6,5
RFI-00478,PRJ-013,RFI-0034,Controls Coordination Conflict - Area A11,Controls,Medium,Coordination Conflict,2022-06-09,2022-06-19,2022-06-14,2022-06-14,,Answered,Subcontractor,Engineer,0,0,No,0,0,No,0,0,No,1,4
RFI-00479,PRJ-013,RFI-0035,Plumbing Constructability - Area D12,Plumbing,Medium,Constructability,2023-05-09,2023-05-19,2023-05-14,2023-05-14,2023-05-15,Closed,Construction Manager,Engineer,0,0,No,0,0,No,0,0,No,3,5
RFI-00480,PRJ-013,RFI-0036,Fire Protection Design Clarification - Area E12,Fire Protection,Medium,Design Clarification,2023-03-28,2023-04-08,2023-04-07,2023-04-07,2023-04-09,Closed,General Contractor,Owner Representative,0,0,No,0,0,No,0,0,No,6,5
RFI-00481,PRJ-013,RFI-0037,Civil Missing Information - Area D10,Civil,High,Missing Information,2023-09-12,2023-09-19,2023-09-20,2023-09-20,,Answered,General Contractor,Engineer,0,0,No,0,0,No,0,0,No,4,5
RFI-00482,PRJ-013,RFI-0038,Architectural Coordination Conflict - Area D5,Architectural,Medium,Coordination Conflict,2023-10-13,2023-10-22,2023-10-20,,,In Review,Construction Manager,Architect,0,0,No,0,0,No,0,0,No,6,5
RFI-00483,PRJ-013,RFI-0039,Structural Design Clarification - Area D4,Structural,High,Design Clarification,2022-04-04,2022-04-08,,,,Awaiting Designer,Subcontractor,Owner Representative,0,0,No,0,0,No,0,0,No,1,5
RFI-00484,PRJ-013,RFI-0040,Specialty Systems Coordination Conflict - Area A11,Specialty Systems,Low,Coordination Conflict,2022-03-16,2022-03-31,,,,In Review,General Contractor,Design Manager,0,0,No,0,0,No,0,0,No,0,5
RFI-00485,PRJ-013,RFI-0041,Plumbing Coordination Conflict - Area A6,Plumbing,Medium,Coordination Conflict,2022-08-23,2022-09-01,2022-08-29,2022-08-29,2022-09-02,Closed,General Contractor,Engineer,0,0,No,0,0,No,0,0,No,4,5
RFI-00486,PRJ-013,RFI-0042,Controls Substitution Request - Area A12,Controls,Medium,Substitution Request,2022-06-16,2022-06-26,2022-06-22,2022-06-22,2022-06-26,Closed,General Contractor,Engineer,0,0,No,0,0,No,0,0,No,6,5
RFI-00487,PRJ-013,RFI-0043,Specialty Systems Field Condition - Area D11,Specialty Systems,Medium,Field Condition,2023-05-07,2023-05-18,2023-06-05,2023-06-05,2023-06-06,Closed,Subcontractor,Design Manager,0,0,No,0,0,Yes,4,5,No,0,3
RFI-00488,PRJ-013,RFI-0044,Fire Protection Constructability - Area D3,Fire Protection,Medium,Constructability,2024-05-07,2024-05-16,2024-05-14,2024-05-14,2024-05-18,Closed,Construction Manager,Engineer,0,0,No,0,0,No,0,0,No,0,5
RFI-00489,PRJ-013,RFI-0045,Fire Protection Design Clarification - Area B11,Fire Protection,Medium,Design Clarification,2023-12-14,2023-12-25,2023-12-22,2023-12-22,2023-12-24,Closed,Subcontractor,Engineer,0,0,No,0,0,No,0,0,No,6,5
RFI-00490,PRJ-014,RFI-0001,Mechanical Constructability - Area E5,Mechanical,Medium,Constructability,2023-10-28,2023-11-09,2023-11-14,2023-11-16,2023-11-20,Closed,Subcontractor,Engineer,1,0,No,0,0,No,0,0,No,3,3
RFI-00491,PRJ-014,RFI-0002,Architectural Coordination Conflict - Area D5,Architectural,Medium,Coordination Conflict,2023-12-12,2023-12-23,2023-12-23,2023-12-23,2023-12-23,Closed,General Contractor,Architect,0,0,No,0,0,No,0,0,No,0,5
RFI-00492,PRJ-014,RFI-0003,Mechanical Constructability - Area E1,Mechanical,Medium,Constructability,2024-09-13,2024-09-24,2024-09-17,2024-09-17,2024-09-18,Closed,General Contractor,Engineer,0,0,No,0,0,No,0,0,No,0,5
RFI-00493,PRJ-014,RFI-0004,Controls Coordination Conflict - Area A6,Controls,High,Coordination Conflict,2024-03-09,2024-03-14,2024-03-16,2024-03-16,2024-03-17,Closed,Subcontractor,Engineer,0,0,No,0,0,No,0,0,No,0,5
RFI-00494,PRJ-014,RFI-0005,Electrical Code Compliance - Area D1,Electrical,Low,Code Compliance,2025-11-14,2025-11-29,2025-11-23,2025-11-23,2025-11-26,Closed,General Contractor,Engineer,0,0,No,0,0,No,0,0,No,5,5
RFI-00495,PRJ-014,RFI-0006,Civil Coordination Conflict - Area D10,Civil,High,Coordination Conflict,2025-02-25,2025-03-03,2025-03-01,2025-03-01,2025-03-02,Closed,Construction Manager,Engineer,0,0,Yes,12000,13000,Yes,5,5,Yes,3,5
RFI-00496,PRJ-014,RFI-0007,Specialty Systems Substitution Request - Area A8,Specialty Systems,Medium,Substitution Request,2024-03-02,2024-03-12,2024-03-13,2024-03-13,2024-03-16,Closed,Subcontractor,Design Manager,0,0,No,0,0,No,0,0,No,0,5
RFI-00497,PRJ-014,RFI-0008,General Coordination Conflict - Area B11,General,Low,Coordination Conflict,2025-08-12,2025-08-27,2025-08-15,2025-08-15,2025-08-16,Closed,General Contractor,Construction Manager,0,0,No,0,0,No,0,0,No,0,4
RFI-00498,PRJ-014,RFI-0009,Structural Missing Information - Area A8,Structural,Medium,Missing Information,2025-07-02,2025-07-13,2025-07-15,2025-07-18,2025-07-18,Closed,General Contractor,Owner Representative,1,0,Yes,34000,47000,No,0,0,Yes,1,4
RFI-00499,PRJ-014,RFI-0010,Architectural Constructability - Area C12,Architectural,Medium,Constructability,2024-12-09,2024-12-18,2024-12-18,2024-12-18,2024-12-20,Closed,Subcontractor,Architect,0,0,No,0,0,No,0,0,No,5,5
RFI-00500,PRJ-014,RFI-0011,Civil Design Clarification - Area C8,Civil,Low,Design Clarification,2025-03-30,2025-04-15,2025-04-07,2025-04-07,2025-04-08,Closed,Subcontractor,Engineer,0,0,No,0,0,No,0,0,No,2,4
RFI-00501,PRJ-014,RFI-0012,Fire Protection Design Clarification - Area D1,Fire Protection,Low,Design Clarification,2025-05-09,2025-05-24,2025-05-30,2025-05-30,2025-06-03,Closed,General Contractor,Engineer,0,1,No,0,0,No,0,0,No,3,4
RFI-00502,PRJ-014,RFI-0013,Structural Missing Information - Area C9,Structural,Medium,Missing Information,2024-02-15,2024-02-27,2024-02-21,2024-02-21,,Answered,Subcontractor,Engineer,0,0,No,0,0,Yes,5,7,Yes,3,4
RFI-00503,PRJ-014,RFI-0014,Electrical Design Clarification - Area C1,Electrical,Low,Design Clarification,2024-11-09,2024-11-24,2024-11-18,2024-11-18,2024-11-19,Closed,General Contractor,Engineer,0,0,No,0,0,No,0,0,No,1,5
RFI-00504,PRJ-014,RFI-0015,Plumbing Design Clarification - Area E3,Plumbing,Medium,Design Clarification,2025-07-01,2025-07-13,2025-07-05,2025-07-05,2025-07-09,Closed,General Contractor,Engineer,0,0,No,0,0,No,0,0,No,3,5
RFI-00505,PRJ-014,RFI-0016,Architectural Design Clarification - Area D7,Architectural,Medium,Design Clarification,2025-06-10,2025-06-21,2025-06-14,2025-06-14,2025-06-18,Closed,Subcontractor,Architect,0,0,No,0,0,No,0,0,No,3,5
RFI-00506,PRJ-014,RFI-0017,Architectural Missing Information - Area B12,Architectural,Medium,Missing Information,2024-12-31,2025-01-10,2025-01-14,2025-01-14,,Answered,Subcontractor,Architect,0,0,Yes,7000,9300,Yes,6,5,No,6,5
RFI-00507,PRJ-014,RFI-0018,Electrical Coordination Conflict - Area E7,Electrical,Medium,Coordination Conflict,2025-01-13,2025-01-23,2025-02-10,2025-02-14,2025-02-14,Closed,General Contractor,Engineer,1,0,No,0,0,No,0,0,No,1,3
RFI-00508,PRJ-014,RFI-0019,Electrical Constructability - Area E7,Electrical,Medium,Constructability,2025-08-19,2025-08-28,,,,In Review,General Contractor,Engineer,0,0,No,0,0,No,0,0,No,2,4
RFI-00509,PRJ-014,RFI-0020,General Coordination Conflict - Area E7,General,High,Coordination Conflict,2025-01-22,2025-01-26,2025-01-27,2025-01-27,2025-01-29,Closed,Subcontractor,Owner Representative,0,0,No,0,0,No,0,0,No,1,5
RFI-00510,PRJ-014,RFI-0021,Mechanical Design Clarification - Area D8,Mechanical,Low,Design Clarification,2025-02-25,2025-03-12,2025-03-07,2025-03-07,2025-03-09,Closed,General Contractor,Engineer,0,0,No,0,0,No,0,0,No,6,5
RFI-00511,PRJ-014,RFI-0022,Electrical Constructability - Area B3,Electrical,Medium,Constructability,2023-12-31,2024-01-11,2024-01-10,2024-01-14,2024-01-16,Closed,Construction Manager,Engineer,1,0,No,0,0,No,0,0,No,1,4
RFI-00512,PRJ-014,RFI-0023,Civil Coordination Conflict - Area D10,Civil,Low,Coordination Conflict,2023-08-28,2023-09-13,2023-09-06,2023-09-06,,Answered,Subcontractor,Engineer,0,0,No,0,0,No,0,0,No,3,5
RFI-00513,PRJ-014,RFI-0024,Civil Design Clarification - Area A1,Civil,Critical,Design Clarification,2024-07-17,2024-07-21,2024-07-22,2024-07-24,2024-07-25,Closed,Subcontractor,Engineer,1,0,No,0,0,Yes,12,8,Yes,5,4
RFI-00514,PRJ-014,RFI-0025,Fire Protection Design Clarification - Area B2,Fire Protection,Medium,Design Clarification,2024-02-02,2024-02-12,2024-02-10,2024-02-10,2024-02-12,Closed,Subcontractor,Engineer,0,0,No,0,0,No,0,0,No,3,5
RFI-00515,PRJ-014,RFI-0026,Mechanical Constructability - Area A3,Mechanical,High,Constructability,2024-12-15,2024-12-20,2024-12-28,2024-12-31,2025-01-04,Closed,General Contractor,Engineer,1,0,No,0,0,Yes,2,2,Yes,3,3
RFI-00516,PRJ-015,RFI-0001,Mechanical Missing Information - Area A2,Mechanical,High,Missing Information,2025-07-14,2025-07-20,2025-07-28,2025-07-28,,Answered,Subcontractor,Engineer,0,0,Yes,64000,83000,Yes,6,7,Yes,3,4
RFI-00517,PRJ-015,RFI-0002,Electrical Constructability - Area D3,Electrical,High,Constructability,2025-11-26,2025-12-03,2025-12-04,2025-12-05,2025-12-06,Closed,Subcontractor,Engineer,1,0,No,0,0,No,0,0,No,5,4
RFI-00518,PRJ-015,RFI-0003,Electrical Field Condition - Area D6,Electrical,High,Field Condition,2024-07-29,2024-08-04,2024-08-04,2024-08-04,2024-08-06,Closed,Subcontractor,Engineer,0,0,No,0,0,Yes,4,3,Yes,3,5
RFI-00519,PRJ-015,RFI-0004,Structural Field Condition - Area E6,Structural,Medium,Field Condition,2025-01-30,2025-02-11,2025-02-12,2025-02-13,2025-02-14,Closed,Construction Manager,Engineer,1,0,Yes,5100,4500,No,0,0,Yes,0,5
RFI-00520,PRJ-015,RFI-0005,Structural Field Condition - Area C1,Structural,Critical,Field Condition,2025-11-01,2025-11-03,2025-11-16,2025-11-19,,Answered,Construction Manager,Engineer,1,0,Yes,21000,27000,Yes,6,5,No,2,3
RFI-00521,PRJ-015,RFI-0006,Electrical Missing Information - Area E3,Electrical,High,Missing Information,2025-10-30,2025-11-06,2025-11-06,2025-11-06,2025-11-06,Closed,Subcontractor,Engineer,0,0,No,0,0,No,0,0,No,1,5
RFI-00522,PRJ-015,RFI-0007,Plumbing Constructability - Area A11,Plumbing,Medium,Constructability,2025-04-09,2025-04-20,2025-04-13,2025-04-13,2025-04-17,Closed,General Contractor,Engineer,0,0,No,0,0,No,0,0,No,5,4
RFI-00523,PRJ-015,RFI-0008,General Constructability - Area B7,General,Medium,Constructability,2025-10-31,2025-11-09,2025-11-07,2025-11-07,2025-11-07,Closed,Subcontractor,Construction Manager,0,0,No,0,0,No,0,0,No,6,5
RFI-00524,PRJ-015,RFI-0009,Mechanical Field Condition - Area D10,Mechanical,Medium,Field Condition,2024-04-15,2024-04-24,2024-04-24,2024-04-24,2024-04-24,Closed,Subcontractor,Engineer,0,0,No,0,0,No,0,0,No,2,5
RFI-00525,PRJ-015,RFI-0010,Electrical Design Clarification - Area E9,Electrical,High,Design Clarification,2025-10-27,2025-11-01,2025-11-23,2025-11-23,2025-11-23,Closed,Subcontractor,Engineer,0,0,No,0,0,Yes,6,6,Yes,5,3
RFI-00526,PRJ-015,RFI-0011,Mechanical Coordination Conflict - Area E4,Mechanical,Low,Coordination Conflict,2024-04-08,2024-04-24,2024-04-14,2024-04-14,2024-04-15,Closed,General Contractor,Engineer,0,0,No,0,0,No,0,0,No,5,5
RFI-00527,PRJ-015,RFI-0012,Electrical Coordination Conflict - Area C10,Electrical,Medium,Coordination Conflict,2025-05-29,2025-06-09,2025-06-07,2025-06-07,2025-06-10,Closed,Construction Manager,Engineer,0,0,No,0,0,No,0,0,No,2,5
RFI-00528,PRJ-015,RFI-0013,Electrical Field Condition - Area C2,Electrical,Medium,Field Condition,2025-10-01,2025-10-12,2025-10-08,2025-10-08,2025-10-09,Closed,Subcontractor,Owner Representative,0,0,Yes,3200,4300,No,0,0,Yes,0,5
RFI-00529,PRJ-015,RFI-0014,Controls Design Clarification - Area D8,Controls,Medium,Design Clarification,2024-07-11,2024-07-22,2024-07-13,2024-07-13,2024-07-15,Closed,General Contractor,Engineer,0,0,No,0,0,No,0,0,No,0,5
RFI-00530,PRJ-015,RFI-0015,Civil Design Clarification - Area D2,Civil,Low,Design Clarification,2025-01-08,2025-01-22,2025-01-12,2025-01-12,2025-01-13,Closed,General Contractor,Engineer,0,0,No,0,0,No,0,0,No,6,5
RFI-00531,PRJ-015,RFI-0016,Specialty Systems Design Clarification - Area C7,Specialty Systems,Low,Design Clarification,2025-10-15,2025-10-29,2025-10-20,2025-10-20,,Answered,Subcontractor,Design Manager,0,0,No,0,0,No,0,0,No,6,5
RFI-00532,PRJ-015,RFI-0017,Electrical Design Clarification - Area A5,Electrical,Medium,Design Clarification,2025-08-29,2025-09-07,,,,Awaiting Designer,Subcontractor,Engineer,0,0,No,0,0,No,0,0,No,4,5
RFI-00533,PRJ-015,RFI-0018,Mechanical Missing Information - Area E6,Mechanical,High,Missing Information,2025-08-21,2025-08-25,2025-09-07,2025-09-07,2025-09-08,Closed,General Contractor,Engineer,0,1,No,0,0,No,0,0,No,1,4
RFI-00534,PRJ-015,RFI-0019,Architectural Coordination Conflict - Area D5,Architectural,Medium,Coordination Conflict,2024-05-08,2024-05-19,2024-05-14,2024-05-14,2024-05-15,Closed,General Contractor,Architect,0,0,No,0,0,No,0,0,No,0,5
RFI-00535,PRJ-015,RFI-0020,Architectural Constructability - Area B7,Architectural,High,Constructability,2024-08-02,2024-08-09,2024-08-06,2024-08-06,2024-08-08,Closed,General Contractor,Architect,0,0,No,0,0,Yes,4,4,Yes,3,5
RFI-00536,PRJ-015,RFI-0021,Mechanical Substitution Request - Area E9,Mechanical,Medium,Substitution Request,2025-04-18,2025-04-28,2025-04-25,2025-04-25,2025-04-27,Closed,General Contractor,Engineer,0,0,No,0,0,No,0,0,No,1,5
RFI-00537,PRJ-015,RFI-0022,Architectural Constructability - Area C1,Architectural,High,Constructability,2025-08-23,2025-08-27,2025-08-31,2025-09-02,2025-09-06,Closed,Subcontractor,Architect,1,0,No,0,0,No,0,0,No,3,5
RFI-00538,PRJ-015,RFI-0023,Architectural Constructability - Area E7,Architectural,High,Constructability,2025-03-09,2025-03-14,2025-03-14,2025-03-14,2025-03-15,Closed,General Contractor,Owner Representative,0,0,Yes,27000,34000,No,0,0,Yes,3,5
RFI-00539,PRJ-015,RFI-0024,Structural Constructability - Area C10,Structural,Medium,Constructability,2025-03-13,2025-03-25,2025-03-24,2025-03-24,,Answered,Construction Manager,Engineer,0,1,No,0,0,No,0,0,No,0,5
RFI-00540,PRJ-015,RFI-0025,Architectural Coordination Conflict - Area E10,Architectural,Low,Coordination Conflict,2024-10-07,2024-10-23,2024-10-12,2024-10-12,2024-10-15,Closed,Subcontractor,Owner Representative,0,0,Yes,1200,1300,No,0,0,Yes,5,5
RFI-00541,PRJ-015,RFI-0026,Specialty Systems Design Clarification - Area B7,Specialty Systems,Medium,Design Clarification,2024-11-08,2024-11-19,2024-11-14,2024-11-14,2024-11-17,Closed,Subcontractor,Design Manager,0,0,No,0,0,No,0,0,No,2,5
RFI-00542,PRJ-016,RFI-0001,Architectural Constructability - Area A9,Architectural,High,Constructability,2022-12-28,2023-01-01,2023-01-02,2023-01-02,2023-01-03,Closed,General Contractor,Architect,0,0,No,0,0,Yes,7,6,Yes,6,5
RFI-00543,PRJ-016,RFI-0002,Controls Coordination Conflict - Area B12,Controls,Low,Coordination Conflict,2023-11-25,2023-12-11,2023-12-11,2023-12-13,,Answered,Subcontractor,Owner Representative,1,0,No,0,0,No,0,0,No,3,4
RFI-00544,PRJ-016,RFI-0003,Civil Coordination Conflict - Area C10,Civil,Medium,Coordination Conflict,2023-01-16,2023-01-27,2023-01-22,2023-01-22,2023-01-22,Closed,General Contractor,Engineer,0,0,No,0,0,No,0,0,No,1,5
RFI-00545,PRJ-016,RFI-0004,Structural Design Clarification - Area A4,Structural,Medium,Design Clarification,2023-02-03,2023-02-12,2023-02-12,2023-02-12,,Answered,Subcontractor,Owner Representative,0,0,No,0,0,No,0,0,No,4,5
RFI-00546,PRJ-016,RFI-0005,General Coordination Conflict - Area A7,General,Medium,Coordination Conflict,2023-09-30,2023-10-12,2023-10-09,2023-10-09,,Answered,General Contractor,Owner Representative,0,0,No,0,0,No,0,0,No,4,5
RFI-00547,PRJ-016,RFI-0006,Civil Design Clarification - Area C1,Civil,Medium,Design Clarification,2024-04-24,2024-05-05,2024-05-07,2024-05-07,2024-05-10,Closed,Construction Manager,Engineer,0,0,No,0,0,No,0,0,No,0,5
RFI-00548,PRJ-016,RFI-0007,Fire Protection Design Clarification - Area E8,Fire Protection,Medium,Design Clarification,2024-09-08,2024-09-18,2024-09-21,2024-09-24,,Answered,General Contractor,Engineer,1,0,No,0,0,No,0,0,No,2,4
RFI-00549,PRJ-016,RFI-0008,Specialty Systems Design Clarification - Area A11,Specialty Systems,Medium,Design Clarification,2023-08-16,2023-08-27,2023-08-25,2023-08-25,2023-08-26,Closed,Subcontractor,Design Manager,0,0,No,0,0,No,0,0,No,3,4
RFI-00550,PRJ-016,RFI-0009,Controls Field Condition - Area D2,Controls,High,Field Condition,2022-02-22,2022-03-01,2022-03-05,2022-03-05,2022-03-08,Closed,Subcontractor,Engineer,0,0,Yes,23000,23000,No,0,0,Yes,2,4
RFI-00551,PRJ-016,RFI-0010,Structural Coordination Conflict - Area E12,Structural,Medium,Coordination Conflict,2024-11-02,2024-11-11,2024-11-26,2024-11-26,,Answered,General Contractor,Engineer,0,0,Yes,251000,181000,No,0,0,No,0,4
RFI-00552,PRJ-016,RFI-0011,General Code Compliance - Area C4,General,Low,Code Compliance,2023-01-19,2023-02-02,2023-02-22,2023-02-25,2023-02-26,Closed,General Contractor,Construction Manager,1,0,Yes,2200,2100,No,0,0,Yes,6,2
RFI-00553,PRJ-016,RFI-0012,Electrical Design Clarification - Area E3,Electrical,Medium,Design Clarification,2022-09-28,2022-10-08,,,,In Review,General Contractor,Engineer,0,0,No,0,0,No,0,0,No,0,4
RFI-00554,PRJ-016,RFI-0013,Civil Design Clarification - Area D1,Civil,Medium,Design Clarification,2024-02-13,2024-02-24,2024-02-23,2024-02-27,,Answered,General Contractor,Owner Representative,1,0,No,0,0,Yes,2,2,No,3,4
RFI-00555,PRJ-016,RFI-0014,Specialty Systems Coordination Conflict - Area C2,Specialty Systems,High,Coordination Conflict,2023-10-13,2023-10-17,2023-10-23,2023-10-25,,Answered,Subcontractor,Owner Representative,1,0,No,0,0,No,0,0,No,3,3
RFI-00556,PRJ-016,RFI-0015,Mechanical Coordination Conflict - Area C2,Mechanical,Medium,Coordination Conflict,2024-08-25,2024-09-03,2024-09-18,2024-09-22,2024-09-26,Closed,General Contractor,Owner Representative,1,0,No,0,0,Yes,3,4,Yes,1,4
RFI-00557,PRJ-016,RFI-0016,Electrical Coordination Conflict - Area D7,Electrical,Medium,Coordination Conflict,2022-01-29,2022-02-08,2022-02-11,2022-02-11,2022-02-12,Closed,Subcontractor,Engineer,0,0,Yes,25000,23000,No,0,0,Yes,0,5
RFI-00558,PRJ-016,RFI-0017,General Field Condition - Area D1,General,High,Field Condition,2023-10-19,2023-10-26,2023-10-31,2023-10-31,,Answered,General Contractor,Construction Manager,0,0,Yes,14000,12000,No,0,0,No,6,5
RFI-00559,PRJ-016,RFI-0018,Mechanical Code Compliance - Area E1,Mechanical,High,Code Compliance,2023-08-18,2023-08-24,2023-09-05,2023-09-05,,Answered,Subcontractor,Engineer,0,0,Yes,52000,39000,No,0,0,Yes,3,4
RFI-00560,PRJ-016,RFI-0019,General Coordination Conflict - Area C8,General,Medium,Coordination Conflict,2024-07-09,2024-07-21,2024-07-19,2024-07-19,2024-07-21,Closed,General Contractor,Construction Manager,0,0,No,0,0,Yes,4,3,Yes,1,5
RFI-00561,PRJ-016,RFI-0020,Mechanical Design Clarification - Area A7,Mechanical,High,Design Clarification,2022-11-17,2022-11-23,2022-12-01,2022-12-01,,Answered,General Contractor,Engineer,0,0,No,0,0,No,0,0,No,1,4
RFI-00562,PRJ-016,RFI-0021,Structural Code Compliance - Area D9,Structural,Medium,Code Compliance,2022-10-12,2022-10-21,2022-10-26,2022-10-26,2022-10-30,Closed,Subcontractor,Owner Representative,0,0,No,0,0,No,0,0,No,0,5
RFI-00563,PRJ-016,RFI-0022,Structural Missing Information - Area E10,Structural,High,Missing Information,2022-02-17,2022-02-22,2022-03-21,2022-03-21,2022-03-25,Closed,Subcontractor,Engineer,0,0,Yes,15000,21000,No,0,0,Yes,2,4
RFI-00564,PRJ-016,RFI-0023,Architectural Constructability - Area A5,Architectural,High,Constructability,2022-09-23,2022-09-30,2022-10-07,,,Awaiting Owner,Subcontractor,Architect,1,0,No,0,0,No,0,0,No,6,4
RFI-00565,PRJ-016,RFI-0024,Architectural Missing Information - Area A10,Architectural,High,Missing Information,2023-11-30,2023-12-06,2023-12-05,2023-12-05,2023-12-06,Closed,Subcontractor,Architect,0,0,No,0,0,No,0,0,No,6,5
RFI-00566,PRJ-016,RFI-0025,Controls Substitution Request - Area C9,Controls,Medium,Substitution Request,2024-09-14,2024-09-25,2024-09-21,2024-09-21,2024-09-25,Closed,General Contractor,Engineer,0,0,No,0,0,No,0,0,No,5,5
RFI-00567,PRJ-016,RFI-0026,Specialty Systems Design Clarification - Area E10,Specialty Systems,Medium,Design Clarification,2024-06-10,2024-06-21,2024-07-21,2024-07-24,2024-07-28,Closed,General Contractor,Design Manager,1,1,No,0,0,No,0,0,No,5,2
RFI-00568,PRJ-016,RFI-0027,Specialty Systems Field Condition - Area C11,Specialty Systems,Medium,Field Condition,2023-10-12,2023-10-23,2023-10-28,2023-10-29,2023-10-31,Closed,General Contractor,Design Manager,1,0,No,0,0,No,0,0,No,0,5
RFI-00569,PRJ-016,RFI-0028,Electrical Design Clarification - Area B1,Electrical,Low,Design Clarification,2023-05-04,2023-05-20,2023-05-28,2023-05-28,2023-05-28,Closed,General Contractor,Engineer,0,0,No,0,0,No,0,0,No,1,4
RFI-00570,PRJ-016,RFI-0029,Mechanical Constructability - Area E8,Mechanical,High,Constructability,2023-02-20,2023-02-24,2023-03-06,2023-03-08,2023-03-08,Closed,General Contractor,Engineer,1,0,No,0,0,No,0,0,No,3,3
RFI-00571,PRJ-016,RFI-0030,Controls Missing Information - Area C6,Controls,Medium,Missing Information,2023-05-26,2023-06-04,2023-07-01,2023-07-01,2023-07-03,Closed,General Contractor,Owner Representative,0,0,Yes,23000,28000,No,0,0,Yes,4,3
RFI-00572,PRJ-016,RFI-0031,Civil Design Clarification - Area A5,Civil,Medium,Design Clarification,2022-09-19,2022-09-29,2022-10-03,2022-10-07,,Answered,Construction Manager,Engineer,1,0,Yes,14000,16000,No,0,0,No,6,4
RFI-00573,PRJ-016,RFI-0032,Architectural Coordination Conflict - Area E12,Architectural,Medium,Coordination Conflict,2022-04-09,2022-04-19,2022-05-01,2022-05-01,2022-05-01,Closed,Subcontractor,Architect,0,1,No,0,0,No,0,0,No,2,4
RFI-00574,PRJ-016,RFI-0033,Plumbing Design Clarification - Area C6,Plumbing,Medium,Design Clarification,2023-11-11,2023-11-23,2023-11-26,2023-11-27,2023-11-27,Closed,General Contractor,Engineer,1,0,No,0,0,Yes,3,3,No,3,5
RFI-00575,PRJ-016,RFI-0034,Electrical Coordination Conflict - Area D2,Electrical,Medium,Coordination Conflict,2023-11-10,2023-11-19,2023-11-28,2023-11-28,2023-11-28,Closed,General Contractor,Engineer,0,0,No,0,0,No,0,0,No,2,5
RFI-00576,PRJ-016,RFI-0035,Fire Protection Missing Information - Area D12,Fire Protection,Medium,Missing Information,2022-09-15,2022-09-27,2022-10-03,2022-10-04,2022-10-07,Closed,Subcontractor,Engineer,1,0,Yes,22000,15000,No,0,0,No,6,5
RFI-00577,PRJ-016,RFI-0036,General Substitution Request - Area E5,General,High,Substitution Request,2022-03-28,2022-04-01,2022-04-14,2022-04-14,2022-04-15,Closed,Construction Manager,Construction Manager,0,1,Yes,22000,20000,No,0,0,Yes,5,3
RFI-00578,PRJ-016,RFI-0037,Mechanical Missing Information - Area E10,Mechanical,Critical,Missing Information,2022-07-02,2022-07-06,2022-07-08,2022-07-08,2022-07-09,Closed,Subcontractor,Engineer,0,0,Yes,81000,117000,Yes,2,2,No,5,5
RFI-00579,PRJ-016,RFI-0038,Mechanical Field Condition - Area D3,Mechanical,High,Field Condition,2023-12-29,2024-01-04,2024-01-13,2024-01-15,2024-01-17,Closed,Subcontractor,Engineer,1,0,Yes,66000,83000,No,0,0,Yes,2,2
RFI-00580,PRJ-016,RFI-0039,Mechanical Missing Information - Area C7,Mechanical,Medium,Missing Information,2024-07-20,2024-07-31,2024-07-31,,,Awaiting Designer,Subcontractor,Engineer,0,0,Yes,7500,7300,No,0,0,Yes,1,4
RFI-00581,PRJ-016,RFI-0040,Electrical Missing Information - Area C1,Electrical,Low,Missing Information,2022-03-17,2022-04-01,2022-04-14,2022-04-15,2022-04-15,Closed,Construction Manager,Engineer,1,0,No,0,0,No,0,0,No,5,5
RFI-00582,PRJ-016,RFI-0041,General Missing Information - Area D5,General,High,Missing Information,2023-12-02,2023-12-06,2023-12-18,2023-12-18,,Answered,General Contractor,Construction Manager,0,0,Yes,9700,12000,No,0,0,No,2,5
RFI-00583,PRJ-016,RFI-0042,Electrical Field Condition - Area E8,Electrical,Medium,Field Condition,2023-06-14,2023-06-25,2023-07-05,2023-07-05,,Answered,General Contractor,Engineer,0,0,No,0,0,No,0,0,No,3,5
RFI-00584,PRJ-016,RFI-0043,Structural Design Clarification - Area C6,Structural,Medium,Design Clarification,2022-12-26,2023-01-04,2023-01-04,2023-01-04,,Answered,Subcontractor,Engineer,0,0,No,0,0,No,0,0,No,1,5
RFI-00585,PRJ-017,RFI-0001,Mechanical Coordination Conflict - Area D11,Mechanical,Medium,Coordination Conflict,2023-09-21,2023-10-02,2023-10-10,2023-10-12,,Answered,General Contractor,Engineer,1,0,Yes,40000,32000,No,0,0,No,4,4
RFI-00586,PRJ-017,RFI-0002,General Coordination Conflict - Area A7,General,High,Coordination Conflict,2023-04-21,2023-04-26,2023-05-06,2023-05-09,,Answered,Construction Manager,Owner Representative,1,0,Yes,8800,6700,No,0,0,Yes,1,3
RFI-00587,PRJ-017,RFI-0003,Architectural Missing Information - Area E1,Architectural,High,Missing Information,2023-10-10,2023-10-14,2023-11-06,2023-11-07,2023-11-07,Closed,Construction Manager,Architect,1,1,No,0,0,Yes,2,1,No,0,3
RFI-00588,PRJ-017,RFI-0004,Electrical Design Clarification - Area E5,Electrical,Medium,Design Clarification,2022-11-17,2022-11-26,2022-11-29,2022-12-02,,Answered,General Contractor,Engineer,1,0,Yes,160000,184000,Yes,2,2,No,5,5
RFI-00589,PRJ-017,RFI-0005,Architectural Substitution Request - Area D12,Architectural,Low,Substitution Request,2023-04-19,2023-05-02,2023-05-03,2023-05-06,2023-05-10,Closed,Subcontractor,Owner Representative,1,0,Yes,45000,64000,Yes,1,1,Yes,6,4
RFI-00590,PRJ-017,RFI-0006,Fire Protection Coordination Conflict - Area C5,Fire Protection,Medium,Coordination Conflict,2023-07-06,2023-07-15,2023-07-14,2023-07-14,2023-07-15,Closed,General Contractor,Owner Representative,0,0,No,0,0,No,0,0,No,0,5
RFI-00591,PRJ-017,RFI-0007,Architectural Substitution Request - Area A10,Architectural,Low,Substitution Request,2022-10-24,2022-11-09,2022-11-15,2022-11-15,2022-11-15,Closed,General Contractor,Architect,0,0,No,0,0,No,0,0,No,3,5
RFI-00592,PRJ-017,RFI-0008,Electrical Missing Information - Area E7,Electrical,Medium,Missing Information,2022-04-15,2022-04-27,2022-05-04,2022-05-04,2022-05-08,Closed,Construction Manager,Engineer,0,0,No,0,0,Yes,1,1,Yes,1,5
RFI-00593,PRJ-017,RFI-0009,Civil Coordination Conflict - Area D8,Civil,Medium,Coordination Conflict,2023-04-27,2023-05-07,2023-05-07,2023-05-07,2023-05-10,Closed,General Contractor,Engineer,0,0,No,0,0,No,0,0,No,5,5
RFI-00594,PRJ-017,RFI-0010,Architectural Missing Information - Area D2,Architectural,Low,Missing Information,2023-10-22,2023-11-07,2023-11-06,2023-11-09,2023-11-12,Closed,General Contractor,Owner Representative,1,0,No,0,0,Yes,4,6,Yes,2,5
RFI-00595,PRJ-017,RFI-0011,Civil Coordination Conflict - Area E9,Civil,Low,Coordination Conflict,2023-07-24,2023-08-06,2023-08-23,2023-08-23,2023-08-23,Closed,Subcontractor,Engineer,0,0,No,0,0,No,0,0,No,1,5
RFI-00596,PRJ-017,RFI-0012,Architectural Design Clarification - Area A3,Architectural,Medium,Design Clarification,2023-03-05,2023-03-15,,,,In Review,Subcontractor,Architect,1,0,Yes,12000,14000,Yes,2,2,Yes,5,3
RFI-00597,PRJ-017,RFI-0013,Architectural Constructability - Area E11,Architectural,Low,Constructability,2022-05-26,2022-06-11,,,,Open,Construction Manager,Owner Representative,0,0,No,0,0,No,0,0,No,5,4
RFI-00598,PRJ-017,RFI-0014,Electrical Coordination Conflict - Area C1,Electrical,Medium,Coordination Conflict,2022-09-30,2022-10-09,2022-10-23,2022-10-27,2022-10-27,Closed,Construction Manager,Engineer,1,0,Yes,9100,8300,No,0,0,Yes,1,2
RFI-00599,PRJ-017,RFI-0015,Plumbing Design Clarification - Area E5,Plumbing,Medium,Design Clarification,2023-01-14,2023-01-24,2023-02-04,2023-02-04,,Answered,Construction Manager,Engineer,0,0,No,0,0,No,0,0,No,2,4
RFI-00600,PRJ-017,RFI-0016,Specialty Systems Missing Information - Area B8,Specialty Systems,Low,Missing Information,2023-09-12,2023-09-27,2023-09-28,2023-09-28,,Answered,Subcontractor,Design Manager,0,0,No,0,0,Yes,1,1,No,1,5
RFI-00601,PRJ-017,RFI-0017,Electrical Design Clarification - Area D2,Electrical,Low,Design Clarification,2023-11-06,2023-11-22,2023-11-28,2023-11-28,,Answered,General Contractor,Engineer,0,0,No,0,0,Yes,1,1,Yes,4,4
RFI-00602,PRJ-017,RFI-0018,Civil Substitution Request - Area C2,Civil,Low,Substitution Request,2022-09-12,2022-09-25,2022-09-28,2022-09-28,,Answered,General Contractor,Engineer,0,0,No,0,0,No,0,0,No,6,5
RFI-00603,PRJ-017,RFI-0019,Civil Design Clarification - Area A10,Civil,Medium,Design Clarification,2022-02-18,2022-02-28,,,,Open,General Contractor,Engineer,1,0,No,0,0,No,0,0,No,6,4
RFI-00604,PRJ-017,RFI-0020,Mechanical Field Condition - Area E6,Mechanical,Low,Field Condition,2024-01-24,2024-02-06,2024-02-08,2024-02-08,2024-02-09,Closed,Subcontractor,Engineer,0,0,No,0,0,No,0,0,No,0,5
RFI-00605,PRJ-017,RFI-0021,General Coordination Conflict - Area C3,General,Medium,Coordination Conflict,2023-12-31,2024-01-12,2024-01-20,2024-01-21,2024-01-21,Closed,Subcontractor,Construction Manager,1,0,Yes,30000,33000,Yes,2,2,Yes,2,5
RFI-00606,PRJ-017,RFI-0022,Structural Design Clarification - Area E10,Structural,Medium,Design Clarification,2022-03-28,2022-04-09,2022-04-16,,,Awaiting Designer,General Contractor,Owner Representative,0,0,Yes,28000,36000,No,0,0,Yes,0,5
RFI-00607,PRJ-017,RFI-0023,Architectural Design Clarification - Area B5,Architectural,Medium,Design Clarification,2022-08-19,2022-08-30,2022-08-28,2022-09-01,2022-09-01,Closed,Construction Manager,Owner Representative,1,0,No,0,0,No,0,0,No,1,3
RFI-00608,PRJ-017,RFI-0024,Plumbing Coordination Conflict - Area A1,Plumbing,High,Coordination Conflict,2023-07-11,2023-07-18,,,,Open,General Contractor,Engineer,0,0,No,0,0,Yes,2,2,Yes,6,4
RFI-00609,PRJ-017,RFI-0025,Plumbing Field Condition - Area E3,Plumbing,Low,Field Condition,2022-01-15,2022-01-28,2022-01-24,2022-01-24,2022-01-24,Closed,General Contractor,Engineer,0,0,No,0,0,No,0,0,No,3,4
RFI-00610,PRJ-017,RFI-0026,Mechanical Field Condition - Area B6,Mechanical,Medium,Field Condition,2023-04-23,2023-05-04,2023-05-19,2023-05-23,2023-05-25,Closed,Subcontractor,Engineer,1,0,Yes,23000,26000,Yes,1,1,No,0,3
RFI-00611,PRJ-017,RFI-0027,General Design Clarification - Area E8,General,Medium,Design Clarification,2023-06-26,2023-07-07,2023-07-06,2023-07-06,2023-07-10,Closed,Subcontractor,Construction Manager,0,0,No,0,0,No,0,0,No,2,4
RFI-00612,PRJ-017,RFI-0028,Civil Design Clarification - Area C12,Civil,Medium,Design Clarification,2022-10-16,2022-10-28,2022-11-07,2022-11-11,,Answered,General Contractor,Engineer,1,0,No,0,0,No,0,0,No,6,3
RFI-00613,PRJ-017,RFI-0029,Architectural Coordination Conflict - Area D11,Architectural,Low,Coordination Conflict,2022-02-15,2022-03-03,2022-03-16,2022-03-19,2022-03-22,Closed,Subcontractor,Owner Representative,1,0,No,0,0,No,0,0,No,3,2
RFI-00614,PRJ-017,RFI-0030,Electrical Design Clarification - Area A6,Electrical,Medium,Design Clarification,2022-11-20,2022-11-29,2022-12-01,2022-12-01,2022-12-02,Closed,General Contractor,Engineer,0,0,No,0,0,No,0,0,No,3,5
RFI-00615,PRJ-017,RFI-0031,Civil Constructability - Area B12,Civil,Low,Constructability,2022-08-09,2022-08-24,2022-08-29,2022-08-29,2022-08-29,Closed,Subcontractor,Engineer,0,0,No,0,0,No,0,0,No,1,3
RFI-00616,PRJ-017,RFI-0032,Civil Design Clarification - Area D5,Civil,Medium,Design Clarification,2023-02-15,2023-02-24,2023-02-27,2023-02-27,,Answered,Subcontractor,Engineer,0,0,Yes,11000,8000,No,0,0,Yes,1,4
RFI-00617,PRJ-017,RFI-0033,Architectural Coordination Conflict - Area C12,Architectural,High,Coordination Conflict,2022-12-07,2022-12-11,2022-12-23,2022-12-23,2022-12-26,Closed,General Contractor,Architect,0,0,No,0,0,Yes,3,2,Yes,2,4
RFI-00618,PRJ-017,RFI-0034,Civil Substitution Request - Area E9,Civil,Medium,Substitution Request,2023-12-16,2023-12-28,2024-01-06,2024-01-06,2024-01-09,Closed,Subcontractor,Engineer,0,1,No,0,0,No,0,0,No,5,4
RFI-00619,PRJ-017,RFI-0035,Structural Constructability - Area B6,Structural,High,Constructability,2022-03-16,2022-03-20,2022-04-01,2022-04-01,2022-04-01,Closed,Subcontractor,Engineer,0,0,No,0,0,No,0,0,No,3,3
RFI-00620,PRJ-017,RFI-0036,Architectural Coordination Conflict - Area B2,Architectural,Low,Coordination Conflict,2022-12-20,2023-01-05,2023-01-03,2023-01-03,2023-01-07,Closed,General Contractor,Architect,0,0,No,0,0,No,0,0,No,1,5
RFI-00621,PRJ-017,RFI-0037,General Constructability - Area D4,General,High,Constructability,2023-07-24,2023-07-31,2023-08-04,2023-08-06,,Answered,General Contractor,Construction Manager,1,0,No,0,0,No,0,0,No,6,4
RFI-00622,PRJ-017,RFI-0038,Electrical Constructability - Area C9,Electrical,Low,Constructability,2022-06-17,2022-07-01,2022-07-14,2022-07-18,2022-07-20,Closed,Construction Manager,Engineer,1,0,Yes,8200,9800,Yes,2,3,Yes,5,2
RFI-00623,PRJ-017,RFI-0039,Structural Substitution Request - Area D5,Structural,Medium,Substitution Request,2023-09-17,2023-09-28,2023-10-15,2023-10-17,,Answered,General Contractor,Engineer,1,0,Yes,27000,29000,Yes,4,4,No,5,2
RFI-00624,PRJ-017,RFI-0040,Civil Coordination Conflict - Area A5,Civil,High,Coordination Conflict,2023-12-18,2023-12-24,2024-01-09,2024-01-09,2024-01-11,Closed,Construction Manager,Engineer,0,1,No,0,0,Yes,9,5,Yes,6,4
RFI-00625,PRJ-017,RFI-0041,Plumbing Constructability - Area D6,Plumbing,Critical,Constructability,2023-10-04,2023-10-09,2023-10-20,2023-10-20,2023-10-20,Closed,General Contractor,Engineer,0,0,Yes,153000,171000,No,0,0,Yes,5,2
RFI-00626,PRJ-017,RFI-0042,Civil Constructability - Area B7,Civil,Medium,Constructability,2022-10-06,2022-10-18,2022-10-21,2022-10-21,2022-10-22,Closed,General Contractor,Engineer,0,0,Yes,70000,69000,Yes,13,13,No,1,4
RFI-00627,PRJ-017,RFI-0043,Structural Constructability - Area B6,Structural,Medium,Constructability,2023-06-06,2023-06-16,,,,In Review,Subcontractor,Engineer,0,0,No,0,0,No,0,0,No,1,5
RFI-00628,PRJ-017,RFI-0044,Plumbing Constructability - Area C1,Plumbing,Medium,Constructability,2023-01-21,2023-02-02,,,,Awaiting Designer,Construction Manager,Engineer,1,0,Yes,50000,57000,No,0,0,Yes,5,3
RFI-00629,PRJ-017,RFI-0045,Structural Code Compliance - Area A6,Structural,Low,Code Compliance,2022-03-01,2022-03-16,2022-04-18,2022-04-19,,Answered,General Contractor,Engineer,1,0,Yes,9800,8800,No,0,0,No,3,1
RFI-00630,PRJ-017,RFI-0046,Fire Protection Coordination Conflict - Area B5,Fire Protection,High,Coordination Conflict,2022-11-05,2022-11-11,2022-11-30,2022-11-30,2022-12-01,Closed,General Contractor,Engineer,0,1,Yes,2400,3000,No,0,0,No,1,2
RFI-00631,PRJ-017,RFI-0047,General Field Condition - Area D6,General,High,Field Condition,2023-06-15,2023-06-21,2023-06-23,2023-06-23,2023-06-26,Closed,Subcontractor,Construction Manager,0,0,No,0,0,No,0,0,No,2,4
RFI-00632,PRJ-017,RFI-0048,Fire Protection Design Clarification - Area D4,Fire Protection,Medium,Design Clarification,2023-12-03,2023-12-12,2023-12-24,2023-12-24,2023-12-25,Closed,Subcontractor,Owner Representative,0,0,No,0,0,Yes,3,4,Yes,0,5
RFI-00633,PRJ-017,RFI-0049,Civil Design Clarification - Area A3,Civil,High,Design Clarification,2023-08-31,2023-09-06,2023-09-17,2023-09-17,2023-09-19,Closed,Subcontractor,Engineer,0,0,Yes,39000,47000,No,0,0,No,3,3
RFI-00634,PRJ-017,RFI-0050,Electrical Coordination Conflict - Area A2,Electrical,Medium,Coordination Conflict,2022-11-24,2022-12-04,2023-01-01,,,Awaiting Owner,General Contractor,Engineer,0,0,Yes,20000,24000,No,0,0,No,4,3
RFI-00635,PRJ-017,RFI-0051,Civil Missing Information - Area E12,Civil,Medium,Missing Information,2023-04-20,2023-05-02,2023-05-11,2023-05-13,2023-05-13,Closed,Construction Manager,Owner Representative,2,0,No,0,0,Yes,4,4,No,4,3
RFI-00636,PRJ-017,RFI-0052,Architectural Missing Information - Area D6,Architectural,Medium,Missing Information,2022-01-20,2022-01-29,2022-02-14,2022-02-14,2022-02-18,Closed,Subcontractor,Architect,0,0,Yes,12000,10000,Yes,3,3,Yes,6,3
RFI-00637,PRJ-017,RFI-0053,Plumbing Coordination Conflict - Area C3,Plumbing,High,Coordination Conflict,2022-02-09,2022-02-15,2022-02-17,2022-02-17,,Answered,Subcontractor,Owner Representative,0,0,Yes,40000,40000,No,0,0,No,4,5
RFI-00638,PRJ-017,RFI-0054,Specialty Systems Code Compliance - Area E5,Specialty Systems,Low,Code Compliance,2023-01-08,2023-01-22,2023-02-02,2023-02-02,2023-02-06,Closed,Subcontractor,Design Manager,0,0,No,0,0,No,0,0,No,3,5
RFI-00639,PRJ-017,RFI-0055,General Field Condition - Area B7,General,Medium,Field Condition,2022-07-01,2022-07-12,2022-07-25,2022-07-25,2022-07-29,Closed,General Contractor,Construction Manager,0,1,Yes,9400,12000,Yes,4,3,No,5,5
RFI-00640,PRJ-017,RFI-0056,Fire Protection Constructability - Area C9,Fire Protection,Medium,Constructability,2023-03-10,2023-03-20,2023-03-20,2023-03-20,,Answered,Subcontractor,Engineer,0,0,No,0,0,No,0,0,No,2,5
RFI-00641,PRJ-017,RFI-0057,Architectural Field Condition - Area B4,Architectural,Low,Field Condition,2023-08-25,2023-09-07,2023-09-05,2023-09-05,2023-09-06,Closed,General Contractor,Architect,0,0,No,0,0,No,0,0,No,5,4
RFI-00642,PRJ-017,RFI-0058,Civil Constructability - Area A9,Civil,High,Constructability,2023-05-19,2023-05-26,2023-06-06,2023-06-06,2023-06-09,Closed,Construction Manager,Owner Representative,0,0,No,0,0,Yes,6,8,No,4,5
RFI-00643,PRJ-017,RFI-0059,General Code Compliance - Area D12,General,Medium,Code Compliance,2023-03-27,2023-04-05,2023-04-10,,,Open,General Contractor,Construction Manager,0,0,No,0,0,No,0,0,No,5,5
RFI-00644,PRJ-017,RFI-0060,Architectural Field Condition - Area C8,Architectural,Medium,Field Condition,2022-04-22,2022-05-01,2022-04-28,2022-04-28,2022-04-30,Closed,Subcontractor,Architect,0,0,No,0,0,No,0,0,No,6,5
RFI-00645,PRJ-017,RFI-0061,Electrical Coordination Conflict - Area C7,Electrical,High,Coordination Conflict,2023-07-31,2023-08-04,2023-08-22,,,Awaiting Designer,General Contractor,Engineer,0,0,No,0,0,No,0,0,No,5,4
RFI-00646,PRJ-018,RFI-0001,Electrical Design Clarification - Area A8,Electrical,Medium,Design Clarification,2022-01-02,2022-01-12,2022-01-07,2022-01-07,2022-01-11,Closed,Subcontractor,Engineer,0,0,No,0,0,No,0,0,No,1,4
RFI-00647,PRJ-018,RFI-0002,Architectural Design Clarification - Area D9,Architectural,Medium,Design Clarification,2022-01-24,2022-02-05,2022-01-30,2022-01-30,2022-01-31,Closed,General Contractor,Architect,0,0,No,0,0,No,0,0,No,6,5
RFI-00648,PRJ-018,RFI-0003,Architectural Coordination Conflict - Area D1,Architectural,Critical,Coordination Conflict,2022-05-29,2022-06-03,,,,In Review,Subcontractor,Architect,1,0,No,0,0,Yes,3,2,No,2,3
RFI-00649,PRJ-018,RFI-0004,Mechanical Design Clarification - Area A12,Mechanical,High,Design Clarification,2022-05-21,2022-05-25,2022-05-29,2022-05-29,,Answered,General Contractor,Engineer,0,0,Yes,13000,13000,No,0,0,Yes,4,4
RFI-00650,PRJ-018,RFI-0005,Electrical Design Clarification - Area D5,Electrical,Low,Design Clarification,2022-05-12,2022-05-28,2022-05-17,2022-05-17,2022-05-17,Closed,Subcontractor,Engineer,0,0,No,0,0,No,0,0,No,4,4
RFI-00651,PRJ-018,RFI-0006,Plumbing Code Compliance - Area D12,Plumbing,Medium,Code Compliance,2022-03-18,2022-03-30,2022-03-24,2022-03-24,2022-03-27,Closed,General Contractor,Owner Representative,0,0,No,0,0,No,0,0,No,1,5
RFI-00652,PRJ-018,RFI-0007,General Substitution Request - Area E2,General,High,Substitution Request,2022-02-25,2022-03-02,2022-03-02,2022-03-02,,Answered,Construction Manager,Construction Manager,0,0,No,0,0,No,0,0,No,1,5
RFI-00653,PRJ-018,RFI-0008,Architectural Field Condition - Area C4,Architectural,High,Field Condition,2022-02-11,2022-02-15,2022-02-17,2022-02-17,2022-02-19,Closed,General Contractor,Architect,0,0,No,0,0,No,0,0,No,5,5
RFI-00654,PRJ-018,RFI-0009,Electrical Substitution Request - Area D5,Electrical,Medium,Substitution Request,2022-04-30,2022-05-11,2022-05-08,2022-05-08,2022-05-09,Closed,Construction Manager,Owner Representative,0,0,Yes,6100,4500,No,0,0,No,3,5
RFI-00655,PRJ-018,RFI-0010,Electrical Substitution Request - Area C11,Electrical,High,Substitution Request,2022-05-07,2022-05-14,2022-05-11,,,In Review,General Contractor,Engineer,0,0,No,0,0,No,0,0,No,4,4
RFI-00656,PRJ-018,RFI-0011,Civil Constructability - Area E4,Civil,Critical,Constructability,2022-02-21,2022-02-24,2022-02-28,2022-03-03,2022-03-05,Closed,General Contractor,Engineer,1,0,Yes,18000,26000,Yes,13,10,Yes,6,4
RFI-00657,PRJ-018,RFI-0012,Specialty Systems Missing Information - Area E10,Specialty Systems,High,Missing Information,2022-05-11,2022-05-17,2022-05-16,2022-05-16,2022-05-17,Closed,General Contractor,Owner Representative,0,0,No,0,0,No,0,0,No,2,5
RFI-00658,PRJ-018,RFI-0013,Architectural Missing Information - Area C5,Architectural,Medium,Missing Information,2022-05-02,2022-05-12,2022-05-07,2022-05-07,2022-05-10,Closed,Subcontractor,Architect,0,0,No,0,0,No,0,0,No,2,5
RFI-00659,PRJ-018,RFI-0014,Electrical Field Condition - Area E4,Electrical,Low,Field Condition,2022-02-12,2022-02-28,2022-02-20,2022-02-20,2022-02-24,Closed,Subcontractor,Engineer,0,0,No,0,0,No,0,0,No,4,4
RFI-00660,PRJ-018,RFI-0015,Mechanical Missing Information - Area D7,Mechanical,Medium,Missing Information,2022-03-20,2022-03-31,2022-03-27,2022-03-27,,Answered,General Contractor,Engineer,0,0,No,0,0,No,0,0,No,4,5
RFI-00661,PRJ-018,RFI-0016,Controls Coordination Conflict - Area B12,Controls,High,Coordination Conflict,2022-03-27,2022-03-31,2022-04-01,,,Awaiting Owner,Construction Manager,Engineer,0,0,No,0,0,No,0,0,No,3,5
RFI-00662,PRJ-018,RFI-0017,Electrical Coordination Conflict - Area C12,Electrical,Medium,Coordination Conflict,2022-02-28,2022-03-10,2022-03-09,2022-03-09,2022-03-13,Closed,General Contractor,Engineer,0,0,No,0,0,No,0,0,No,2,5
RFI-00663,PRJ-018,RFI-0018,Structural Field Condition - Area C9,Structural,Low,Field Condition,2022-05-16,2022-05-31,2022-05-24,2022-05-24,2022-05-27,Closed,Construction Manager,Engineer,0,0,No,0,0,No,0,0,No,3,4
RFI-00664,PRJ-018,RFI-0019,Architectural Design Clarification - Area B8,Architectural,High,Design Clarification,2022-04-21,2022-04-26,2022-04-26,2022-04-26,2022-04-29,Closed,Subcontractor,Architect,0,0,No,0,0,No,0,0,No,3,5
RFI-00665,PRJ-018,RFI-0020,Electrical Design Clarification - Area C5,Electrical,Medium,Design Clarification,2022-05-15,2022-05-27,2022-05-31,2022-05-31,2022-06-03,Closed,General Contractor,Engineer,0,0,No,0,0,No,0,0,No,2,5
RFI-00666,PRJ-018,RFI-0021,Plumbing Constructability - Area A1,Plumbing,Medium,Constructability,2022-03-03,2022-03-13,2022-03-09,2022-03-09,,Answered,Subcontractor,Engineer,0,0,No,0,0,No,0,0,No,4,5
RFI-00667,PRJ-018,RFI-0022,Architectural Design Clarification - Area D3,Architectural,Medium,Design Clarification,2022-02-02,2022-02-13,,,,Open,Subcontractor,Architect,0,0,No,0,0,No,0,0,No,2,4
RFI-00668,PRJ-018,RFI-0023,Controls Missing Information - Area B5,Controls,Medium,Missing Information,2022-06-05,2022-06-14,2022-06-15,2022-06-15,,Answered,Subcontractor,Engineer,0,0,No,0,0,No,0,0,No,4,5
RFI-00669,PRJ-018,RFI-0024,Electrical Design Clarification - Area C9,Electrical,Medium,Design Clarification,2022-05-11,2022-05-22,2022-05-16,2022-05-16,2022-05-17,Closed,Subcontractor,Engineer,0,0,No,0,0,No,0,0,No,0,5
RFI-00670,PRJ-018,RFI-0025,Architectural Constructability - Area C11,Architectural,Medium,Constructability,2022-05-16,2022-05-26,2022-05-25,2022-05-25,2022-05-26,Closed,General Contractor,Architect,0,0,No,0,0,No,0,0,No,6,5
RFI-00671,PRJ-018,RFI-0026,Electrical Coordination Conflict - Area C8,Electrical,Low,Coordination Conflict,2022-04-26,2022-05-10,2022-04-29,2022-04-29,,Answered,General Contractor,Engineer,0,0,No,0,0,No,0,0,No,1,5
RFI-00672,PRJ-018,RFI-0027,Electrical Coordination Conflict - Area E8,Electrical,Medium,Coordination Conflict,2022-04-10,2022-04-22,,,,Awaiting Designer,General Contractor,Engineer,0,0,No,0,0,No,0,0,No,4,5
RFI-00673,PRJ-018,RFI-0028,Plumbing Coordination Conflict - Area C12,Plumbing,Medium,Coordination Conflict,2022-01-30,2022-02-10,2022-02-06,2022-02-06,2022-02-10,Closed,Subcontractor,Engineer,0,0,No,0,0,No,0,0,No,3,4
RFI-00674,PRJ-018,RFI-0029,Controls Missing Information - Area C8,Controls,Medium,Missing Information,2022-01-03,2022-01-13,2022-01-08,2022-01-08,2022-01-10,Closed,General Contractor,Engineer,0,0,No,0,0,No,0,0,No,4,5
RFI-00675,PRJ-018,RFI-0030,Architectural Field Condition - Area C10,Architectural,Low,Field Condition,2022-02-11,2022-02-26,2022-02-17,2022-02-17,2022-02-20,Closed,General Contractor,Architect,0,0,No,0,0,No,0,0,No,4,5
RFI-00676,PRJ-018,RFI-0031,Mechanical Field Condition - Area D1,Mechanical,Medium,Field Condition,2022-01-19,2022-01-31,2022-01-29,2022-02-02,,Answered,Construction Manager,Engineer,1,0,No,0,0,No,0,0,No,5,4
RFI-00677,PRJ-018,RFI-0032,Mechanical Coordination Conflict - Area E10,Mechanical,Medium,Coordination Conflict,2022-04-29,2022-05-09,2022-05-09,2022-05-09,2022-05-13,Closed,Subcontractor,Engineer,0,0,No,0,0,No,0,0,No,6,5
RFI-00678,PRJ-018,RFI-0033,Specialty Systems Coordination Conflict - Area E10,Specialty Systems,Medium,Coordination Conflict,2022-04-04,2022-04-14,2022-04-13,2022-04-13,2022-04-13,Closed,General Contractor,Design Manager,0,0,Yes,2900,2100,No,0,0,No,6,5
RFI-00679,PRJ-018,RFI-0034,Fire Protection Missing Information - Area A1,Fire Protection,Medium,Missing Information,2022-05-28,2022-06-06,2022-06-04,2022-06-04,,Answered,General Contractor,Engineer,0,0,Yes,7600,9600,Yes,1,1,Yes,6,4
RFI-00680,PRJ-018,RFI-0035,Plumbing Constructability - Area B11,Plumbing,Medium,Constructability,2022-03-25,2022-04-06,2022-03-31,2022-04-03,2022-04-03,Closed,Construction Manager,Engineer,1,0,No,0,0,No,0,0,No,5,4
RFI-00681,PRJ-018,RFI-0036,Specialty Systems Constructability - Area C4,Specialty Systems,Medium,Constructability,2022-04-01,2022-04-10,2022-04-10,2022-04-10,,Answered,Subcontractor,Design Manager,0,0,No,0,0,No,0,0,No,1,4
RFI-00682,PRJ-018,RFI-0037,Fire Protection Field Condition - Area A8,Fire Protection,Medium,Field Condition,2022-04-20,2022-04-30,2022-04-27,2022-04-27,2022-05-01,Closed,General Contractor,Engineer,0,0,No,0,0,No,0,0,No,0,5
RFI-00683,PRJ-018,RFI-0038,Civil Design Clarification - Area E2,Civil,Medium,Design Clarification,2022-05-21,2022-05-30,2022-05-25,,,In Review,General Contractor,Engineer,0,0,No,0,0,No,0,0,No,6,5
RFI-00684,PRJ-018,RFI-0039,Civil Design Clarification - Area D12,Civil,High,Design Clarification,2022-03-19,2022-03-25,2022-03-25,2022-03-25,2022-03-25,Closed,Subcontractor,Engineer,0,0,Yes,137000,186000,No,0,0,Yes,0,5
RFI-00685,PRJ-018,RFI-0040,Controls Field Condition - Area E4,Controls,Medium,Field Condition,2022-03-09,2022-03-20,2022-03-16,2022-03-16,,Answered,Subcontractor,Engineer,0,0,No,0,0,No,0,0,No,0,4
RFI-00686,PRJ-018,RFI-0041,Electrical Substitution Request - Area C9,Electrical,Medium,Substitution Request,2022-02-28,2022-03-11,2022-03-04,2022-03-04,2022-03-07,Closed,Subcontractor,Engineer,0,0,No,0,0,No,0,0,No,2,5
RFI-00687,PRJ-018,RFI-0042,Controls Code Compliance - Area A12,Controls,High,Code Compliance,2022-05-05,2022-05-12,2022-05-10,2022-05-10,2022-05-10,Closed,Subcontractor,Engineer,0,0,No,0,0,No,0,0,No,0,5
RFI-00688,PRJ-018,RFI-0043,Architectural Missing Information - Area D11,Architectural,High,Missing Information,2022-03-23,2022-03-28,2022-03-29,,,Open,Subcontractor,Architect,0,0,Yes,17000,22000,No,0,0,No,0,5
RFI-00689,PRJ-018,RFI-0044,Architectural Coordination Conflict - Area E4,Architectural,Medium,Coordination Conflict,2022-01-31,2022-02-12,2022-02-05,2022-02-05,,Answered,Subcontractor,Architect,0,0,No,0,0,No,0,0,No,4,5
RFI-00690,PRJ-018,RFI-0045,Specialty Systems Coordination Conflict - Area D7,Specialty Systems,Medium,Coordination Conflict,2022-05-14,2022-05-23,,,,Open,Subcontractor,Design Manager,0,0,No,0,0,No,0,0,No,1,5
RFI-00691,PRJ-018,RFI-0046,Architectural Code Compliance - Area C8,Architectural,Medium,Code Compliance,2022-06-08,2022-06-18,2022-06-15,2022-06-15,2022-06-19,Closed,General Contractor,Architect,0,0,No,0,0,Yes,6,8,Yes,3,5
RFI-00692,PRJ-018,RFI-0047,Electrical Missing Information - Area C2,Electrical,Medium,Missing Information,2022-04-22,2022-05-03,2022-04-27,2022-04-27,2022-04-28,Closed,Subcontractor,Engineer,0,0,No,0,0,No,0,0,No,0,5
RFI-00693,PRJ-019,RFI-0001,Plumbing Missing Information - Area E11,Plumbing,Medium,Missing Information,2024-02-15,2024-02-25,2024-02-22,2024-02-22,,Answered,Subcontractor,Engineer,0,0,No,0,0,No,0,0,No,2,5
RFI-00694,PRJ-019,RFI-0002,General Design Clarification - Area D2,General,Low,Design Clarification,2023-07-24,2023-08-06,2023-08-10,2023-08-10,2023-08-11,Closed,General Contractor,Construction Manager,0,0,No,0,0,No,0,0,No,3,5
RFI-00695,PRJ-019,RFI-0003,Plumbing Coordination Conflict - Area C5,Plumbing,Medium,Coordination Conflict,2024-12-07,2024-12-16,2024-12-28,2024-12-28,2024-12-29,Closed,General Contractor,Owner Representative,0,0,No,0,0,No,0,0,No,0,3
RFI-00696,PRJ-019,RFI-0004,Structural Field Condition - Area D9,Structural,Medium,Field Condition,2024-10-14,2024-10-24,2024-10-28,2024-10-28,2024-10-29,Closed,Subcontractor,Engineer,0,0,Yes,25000,34000,No,0,0,No,6,5
RFI-00697,PRJ-019,RFI-0005,Civil Field Condition - Area A4,Civil,Medium,Field Condition,2024-09-25,2024-10-05,2024-10-12,2024-10-12,2024-10-15,Closed,Construction Manager,Engineer,0,0,Yes,21000,29000,No,0,0,Yes,1,4
RFI-00698,PRJ-019,RFI-0006,Civil Design Clarification - Area A2,Civil,High,Design Clarification,2024-08-24,2024-08-29,2024-09-02,2024-09-02,2024-09-06,Closed,Subcontractor,Engineer,0,0,No,0,0,No,0,0,No,1,5
RFI-00699,PRJ-019,RFI-0007,Fire Protection Substitution Request - Area A3,Fire Protection,High,Substitution Request,2024-08-07,2024-08-12,2024-08-18,2024-08-18,,Answered,Construction Manager,Engineer,0,1,Yes,38000,54000,No,0,0,No,4,5
RFI-00700,PRJ-019,RFI-0008,Structural Code Compliance - Area E11,Structural,High,Code Compliance,2024-07-18,2024-07-22,2024-08-01,2024-08-04,2024-08-06,Closed,Subcontractor,Engineer,1,0,No,0,0,Yes,3,3,Yes,5,3
RFI-00701,PRJ-019,RFI-0009,Structural Design Clarification - Area A4,Structural,Medium,Design Clarification,2024-03-21,2024-03-30,2024-04-03,2024-04-03,2024-04-03,Closed,General Contractor,Engineer,0,0,No,0,0,No,0,0,No,1,5
RFI-00702,PRJ-019,RFI-0010,Fire Protection Design Clarification - Area D3,Fire Protection,Medium,Design Clarification,2025-03-17,2025-03-26,2025-03-26,2025-03-26,2025-03-27,Closed,General Contractor,Engineer,0,0,No,0,0,No,0,0,No,1,5
RFI-00703,PRJ-019,RFI-0011,Fire Protection Field Condition - Area D1,Fire Protection,Medium,Field Condition,2023-04-24,2023-05-04,2023-05-09,2023-05-09,2023-05-10,Closed,Construction Manager,Engineer,0,0,No,0,0,Yes,3,2,Yes,1,4
RFI-00704,PRJ-019,RFI-0012,Plumbing Design Clarification - Area D5,Plumbing,High,Design Clarification,2023-02-07,2023-02-14,2023-02-19,2023-02-19,,Answered,Construction Manager,Engineer,0,0,Yes,25000,23000,Yes,8,10,No,5,5
RFI-00705,PRJ-019,RFI-0013,General Design Clarification - Area D1,General,Medium,Design Clarification,2023-10-14,2023-10-24,2023-11-02,2023-11-05,2023-11-08,Closed,Construction Manager,Construction Manager,1,0,Yes,7300,10000,No,0,0,Yes,1,4
RFI-00706,PRJ-019,RFI-0014,Specialty Systems Field Condition - Area C6,Specialty Systems,Medium,Field Condition,2023-09-27,2023-10-07,2023-10-14,2023-10-14,2023-10-17,Closed,Construction Manager,Design Manager,0,0,No,0,0,No,0,0,No,1,3
RFI-00707,PRJ-019,RFI-0015,Plumbing Code Compliance - Area C7,Plumbing,High,Code Compliance,2023-02-23,2023-02-28,2023-02-26,2023-02-26,2023-02-26,Closed,Construction Manager,Engineer,0,0,No,0,0,No,0,0,No,0,5
RFI-00708,PRJ-019,RFI-0016,Electrical Missing Information - Area A5,Electrical,High,Missing Information,2023-06-21,2023-06-26,2023-07-24,2023-07-24,2023-07-24,Closed,General Contractor,Engineer,0,1,Yes,11000,9600,No,0,0,No,2,3
RFI-00709,PRJ-019,RFI-0017,Architectural Code Compliance - Area B8,Architectural,Medium,Code Compliance,2025-02-20,2025-03-02,2025-03-03,2025-03-03,2025-03-05,Closed,General Contractor,Architect,0,0,Yes,4400,5700,No,0,0,No,6,5
RFI-00710,PRJ-019,RFI-0018,Plumbing Missing Information - Area D12,Plumbing,High,Missing Information,2024-11-24,2024-12-01,2024-12-13,2024-12-13,2024-12-17,Closed,General Contractor,Engineer,0,1,No,0,0,Yes,2,2,No,6,3
RFI-00711,PRJ-019,RFI-0019,Architectural Design Clarification - Area A7,Architectural,Medium,Design Clarification,2023-06-23,2023-07-02,2023-06-30,2023-06-30,,Answered,Subcontractor,Architect,0,0,No,0,0,No,0,0,No,0,5
RFI-00712,PRJ-019,RFI-0020,Civil Constructability - Area B2,Civil,High,Constructability,2025-03-11,2025-03-18,2025-03-25,2025-03-25,2025-03-26,Closed,Subcontractor,Engineer,0,0,No,0,0,No,0,0,No,6,5
RFI-00713,PRJ-019,RFI-0021,Structural Constructability - Area A2,Structural,Medium,Constructability,2024-02-29,2024-03-10,2024-03-14,2024-03-14,,Answered,Subcontractor,Engineer,0,1,No,0,0,No,0,0,No,4,5
RFI-00714,PRJ-019,RFI-0022,Architectural Design Clarification - Area B8,Architectural,Medium,Design Clarification,2024-07-30,2024-08-09,2024-08-21,2024-08-24,2024-08-27,Closed,Subcontractor,Architect,1,0,No,0,0,No,0,0,No,1,3
RFI-00715,PRJ-019,RFI-0023,Civil Coordination Conflict - Area E8,Civil,Medium,Coordination Conflict,2024-10-14,2024-10-26,2024-10-25,2024-10-25,2024-10-28,Closed,Subcontractor,Engineer,0,0,Yes,36000,42000,No,0,0,Yes,4,4
RFI-00716,PRJ-019,RFI-0024,Electrical Constructability - Area D9,Electrical,Medium,Constructability,2024-09-18,2024-09-29,2024-09-28,2024-09-28,2024-10-02,Closed,Subcontractor,Engineer,0,0,Yes,28000,30000,No,0,0,Yes,0,5
RFI-00717,PRJ-019,RFI-0025,Structural Code Compliance - Area D1,Structural,Medium,Code Compliance,2023-08-27,2023-09-07,2023-09-14,2023-09-14,,Answered,Subcontractor,Engineer,0,0,Yes,15000,17000,Yes,5,6,Yes,5,5
RFI-00718,PRJ-019,RFI-0026,Plumbing Constructability - Area A5,Plumbing,Critical,Constructability,2024-07-19,2024-07-23,,,,In Review,General Contractor,Engineer,0,0,No,0,0,No,0,0,No,2,5
RFI-00719,PRJ-019,RFI-0027,Structural Design Clarification - Area A8,Structural,High,Design Clarification,2024-05-23,2024-05-29,2024-06-30,2024-07-01,2024-07-01,Closed,Subcontractor,Engineer,1,1,No,0,0,No,0,0,No,4,1
RFI-00720,PRJ-019,RFI-0028,Controls Substitution Request - Area E8,Controls,Medium,Substitution Request,2023-01-23,2023-02-03,2023-02-17,2023-02-17,2023-02-21,Closed,Subcontractor,Engineer,0,0,No,0,0,No,0,0,No,2,4
RFI-00721,PRJ-019,RFI-0029,Controls Constructability - Area E11,Controls,High,Constructability,2023-03-16,2023-03-23,2023-03-29,,,Awaiting Designer,Subcontractor,Engineer,0,0,No,0,0,No,0,0,No,4,5
RFI-00722,PRJ-019,RFI-0030,Specialty Systems Coordination Conflict - Area B3,Specialty Systems,Medium,Coordination Conflict,2023-11-08,2023-11-18,2023-12-01,2023-12-01,2023-12-04,Closed,Subcontractor,Design Manager,0,1,Yes,16000,16000,No,0,0,No,3,4
RFI-00723,PRJ-019,RFI-0031,Architectural Design Clarification - Area E4,Architectural,Medium,Design Clarification,2024-10-16,2024-10-26,2024-10-26,2024-10-30,,Answered,Subcontractor,Architect,1,1,No,0,0,No,0,0,No,5,4
RFI-00724,PRJ-019,RFI-0032,Electrical Missing Information - Area A8,Electrical,Medium,Missing Information,2024-09-08,2024-09-17,2024-09-23,2024-09-23,,Answered,Subcontractor,Engineer,0,0,No,0,0,No,0,0,No,0,4
RFI-00725,PRJ-019,RFI-0033,Mechanical Coordination Conflict - Area E2,Mechanical,Critical,Coordination Conflict,2023-02-06,2023-02-09,2023-02-25,,,In Review,Subcontractor,Owner Representative,0,0,Yes,86000,113000,No,0,0,Yes,5,3
RFI-00726,PRJ-019,RFI-0034,Mechanical Coordination Conflict - Area C1,Mechanical,Medium,Coordination Conflict,2023-05-09,2023-05-19,2023-05-16,2023-05-17,2023-05-19,Closed,General Contractor,Owner Representative,1,0,No,0,0,No,0,0,No,1,5
RFI-00727,PRJ-019,RFI-0035,Civil Coordination Conflict - Area A5,Civil,Medium,Coordination Conflict,2025-01-10,2025-01-21,2025-01-31,2025-02-02,,Answered,Subcontractor,Engineer,1,0,Yes,8200,6900,Yes,3,4,Yes,4,3
RFI-00728,PRJ-019,RFI-0036,Electrical Code Compliance - Area C4,Electrical,Medium,Code Compliance,2025-01-29,2025-02-08,2025-02-14,2025-02-14,2025-02-16,Closed,General Contractor,Engineer,0,0,No,0,0,No,0,0,No,3,4
RFI-00729,PRJ-019,RFI-0037,Structural Design Clarification - Area E8,Structural,High,Design Clarification,2024-09-04,2024-09-09,2024-09-18,,,Awaiting Owner,Subcontractor,Engineer,0,0,No,0,0,No,0,0,No,6,4
RFI-00730,PRJ-019,RFI-0038,Electrical Design Clarification - Area E5,Electrical,High,Design Clarification,2022-12-28,2023-01-03,2023-01-17,2023-01-17,2023-01-17,Closed,Subcontractor,Engineer,0,1,Yes,14000,18000,No,0,0,No,2,5
RFI-00731,PRJ-019,RFI-0039,Architectural Code Compliance - Area C8,Architectural,Medium,Code Compliance,2024-06-30,2024-07-12,2024-07-10,2024-07-10,2024-07-14,Closed,General Contractor,Architect,0,0,No,0,0,Yes,7,8,No,5,5
RFI-00732,PRJ-019,RFI-0040,Mechanical Code Compliance - Area E4,Mechanical,High,Code Compliance,2023-02-23,2023-02-28,2023-03-07,2023-03-07,,Answered,General Contractor,Engineer,0,0,No,0,0,No,0,0,No,3,4
RFI-00733,PRJ-019,RFI-0041,Mechanical Constructability - Area E7,Mechanical,High,Constructability,2022-09-10,2022-09-14,2022-09-23,2022-09-23,,Answered,General Contractor,Owner Representative,0,0,No,0,0,No,0,0,No,1,4
RFI-00734,PRJ-019,RFI-0042,General Coordination Conflict - Area B5,General,Medium,Coordination Conflict,2024-12-22,2024-12-31,2024-12-27,2024-12-27,2024-12-27,Closed,General Contractor,Construction Manager,0,0,No,0,0,No,0,0,No,2,5
RFI-00735,PRJ-019,RFI-0043,Electrical Design Clarification - Area A10,Electrical,Medium,Design Clarification,2023-10-05,2023-10-14,2023-11-02,2023-11-03,2023-11-06,Closed,Construction Manager,Engineer,1,0,No,0,0,Yes,7,4,No,3,4
RFI-00736,PRJ-019,RFI-0044,Fire Protection Coordination Conflict - Area B11,Fire Protection,Medium,Coordination Conflict,2024-12-26,2025-01-05,2025-01-15,2025-01-15,2025-01-18,Closed,General Contractor,Engineer,0,0,Yes,102000,136000,No,0,0,Yes,5,5
RFI-00737,PRJ-019,RFI-0045,Specialty Systems Missing Information - Area A10,Specialty Systems,Low,Missing Information,2024-11-14,2024-11-29,2024-11-29,2024-11-29,,Answered,Subcontractor,Design Manager,0,0,No,0,0,No,0,0,No,2,5
RFI-00738,PRJ-019,RFI-0046,Plumbing Coordination Conflict - Area A6,Plumbing,High,Coordination Conflict,2024-06-11,2024-06-17,2024-06-20,2024-06-20,2024-06-24,Closed,Subcontractor,Engineer,0,0,Yes,62000,47000,Yes,1,1,No,2,5
RFI-00739,PRJ-019,RFI-0047,General Design Clarification - Area C3,General,Medium,Design Clarification,2024-07-26,2024-08-06,2024-08-04,2024-08-06,2024-08-07,Closed,General Contractor,Construction Manager,1,0,Yes,32000,44000,No,0,0,Yes,2,5
RFI-00740,PRJ-019,RFI-0048,Architectural Design Clarification - Area E3,Architectural,Medium,Design Clarification,2023-09-17,2023-09-28,2023-09-27,2023-09-27,2023-10-01,Closed,Subcontractor,Architect,0,0,No,0,0,No,0,0,No,5,5
RFI-00741,PRJ-019,RFI-0049,Plumbing Design Clarification - Area D12,Plumbing,High,Design Clarification,2024-01-03,2024-01-10,2024-01-10,2024-01-10,,Answered,General Contractor,Engineer,0,0,Yes,15000,16000,No,0,0,No,0,5
RFI-00742,PRJ-019,RFI-0050,Specialty Systems Coordination Conflict - Area C7,Specialty Systems,Medium,Coordination Conflict,2025-03-11,2025-03-23,2025-03-19,2025-03-19,2025-03-20,Closed,Subcontractor,Design Manager,0,0,No,0,0,No,0,0,No,4,4
RFI-00743,PRJ-019,RFI-0051,Controls Design Clarification - Area C2,Controls,High,Design Clarification,2022-11-28,2022-12-04,2022-12-06,2022-12-06,2022-12-07,Closed,Subcontractor,Owner Representative,0,0,No,0,0,No,0,0,No,4,5
RFI-00744,PRJ-019,RFI-0052,Architectural Missing Information - Area E3,Architectural,Critical,Missing Information,2024-01-26,2024-01-30,2024-02-01,2024-02-01,2024-02-05,Closed,General Contractor,Architect,0,0,No,0,0,No,0,0,No,4,5
RFI-00745,PRJ-019,RFI-0053,Mechanical Code Compliance - Area D8,Mechanical,High,Code Compliance,2023-07-26,2023-07-30,2023-08-08,2023-08-08,2023-08-10,Closed,General Contractor,Engineer,0,0,No,0,0,Yes,3,3,Yes,1,4
RFI-00746,PRJ-019,RFI-0054,General Design Clarification - Area E8,General,Medium,Design Clarification,2023-01-26,2023-02-04,2023-02-06,2023-02-06,2023-02-06,Closed,Subcontractor,Construction Manager,0,0,Yes,40000,47000,No,0,0,Yes,2,5
RFI-00747,PRJ-019,RFI-0055,Mechanical Coordination Conflict - Area C4,Mechanical,Medium,Coordination Conflict,2022-12-24,2023-01-05,2023-01-18,2023-01-18,2023-01-18,Closed,Construction Manager,Engineer,0,0,No,0,0,Yes,7,9,Yes,3,4
RFI-00748,PRJ-019,RFI-0056,Mechanical Constructability - Area D1,Mechanical,Medium,Constructability,2023-07-31,2023-08-11,2023-08-16,2023-08-16,2023-08-20,Closed,Subcontractor,Engineer,0,0,No,0,0,No,0,0,No,2,5
RFI-00749,PRJ-020,RFI-0001,Structural Missing Information - Area D11,Structural,Medium,Missing Information,2024-11-17,2024-11-27,2024-11-27,2024-11-27,,Answered,Subcontractor,Engineer,0,0,No,0,0,No,0,0,No,4,4
RFI-00750,PRJ-020,RFI-0002,Electrical Field Condition - Area A7,Electrical,Medium,Field Condition,2023-12-12,2023-12-22,2023-12-16,2023-12-16,2023-12-19,Closed,Subcontractor,Engineer,0,0,Yes,10000,12000,No,0,0,No,6,5
RFI-00751,PRJ-020,RFI-0003,Plumbing Missing Information - Area D1,Plumbing,Medium,Missing Information,2023-09-12,2023-09-23,2023-09-19,2023-09-19,2023-09-23,Closed,Subcontractor,Engineer,0,0,No,0,0,No,0,0,No,6,5
RFI-00752,PRJ-020,RFI-0004,Mechanical Design Clarification - Area B8,Mechanical,Low,Design Clarification,2024-04-07,2024-04-20,2024-04-18,2024-04-18,,Answered,General Contractor,Engineer,0,0,No,0,0,No,0,0,No,0,5
RFI-00753,PRJ-020,RFI-0005,Architectural Constructability - Area C3,Architectural,Medium,Constructability,2023-09-11,2023-09-22,2023-09-16,2023-09-16,2023-09-16,Closed,Subcontractor,Architect,0,0,No,0,0,No,0,0,No,3,5
RFI-00754,PRJ-020,RFI-0006,Mechanical Design Clarification - Area A1,Mechanical,High,Design Clarification,2023-08-17,2023-08-23,2023-08-23,2023-08-23,2023-08-27,Closed,Subcontractor,Engineer,0,0,No,0,0,Yes,6,7,No,1,5
RFI-00755,PRJ-020,RFI-0007,Mechanical Field Condition - Area C3,Mechanical,Medium,Field Condition,2023-01-26,2023-02-07,2023-01-31,2023-01-31,2023-02-03,Closed,Subcontractor,Engineer,0,0,No,0,0,No,0,0,No,2,5
RFI-00756,PRJ-020,RFI-0008,Structural Missing Information - Area D6,Structural,Medium,Missing Information,2023-02-04,2023-02-14,2023-02-19,2023-02-19,2023-02-22,Closed,Subcontractor,Engineer,0,0,No,0,0,Yes,2,2,No,5,4
RFI-00757,PRJ-020,RFI-0009,Plumbing Field Condition - Area C11,Plumbing,Low,Field Condition,2025-01-19,2025-02-04,2025-01-29,2025-01-29,2025-02-01,Closed,Subcontractor,Engineer,0,0,Yes,6200,4900,No,0,0,No,4,5
RFI-00758,PRJ-020,RFI-0010,Electrical Design Clarification - Area E2,Electrical,Medium,Design Clarification,2025-01-14,2025-01-23,2025-01-27,2025-01-27,2025-01-28,Closed,Subcontractor,Engineer,0,1,Yes,6900,5800,No,0,0,Yes,5,5
RFI-00759,PRJ-020,RFI-0011,Fire Protection Design Clarification - Area D10,Fire Protection,Medium,Design Clarification,2024-04-26,2024-05-06,2024-05-08,2024-05-09,2024-05-10,Closed,Subcontractor,Engineer,1,0,No,0,0,No,0,0,No,4,4
RFI-00760,PRJ-020,RFI-0012,General Constructability - Area A3,General,Medium,Constructability,2024-09-15,2024-09-24,2024-09-18,2024-09-18,2024-09-22,Closed,Subcontractor,Construction Manager,0,0,No,0,0,No,0,0,No,4,4
RFI-00761,PRJ-020,RFI-0013,Controls Code Compliance - Area E1,Controls,High,Code Compliance,2024-09-21,2024-09-28,2024-09-26,2024-09-26,,Answered,Subcontractor,Owner Representative,0,0,No,0,0,No,0,0,No,6,4
RFI-00762,PRJ-020,RFI-0014,Specialty Systems Missing Information - Area D5,Specialty Systems,Medium,Missing Information,2024-03-01,2024-03-10,2024-03-14,2024-03-14,2024-03-15,Closed,Subcontractor,Owner Representative,0,0,No,0,0,No,0,0,No,6,5
RFI-00763,PRJ-020,RFI-0015,Civil Design Clarification - Area B1,Civil,Medium,Design Clarification,2024-01-14,2024-01-26,2024-01-21,2024-01-21,2024-01-23,Closed,Subcontractor,Engineer,0,0,No,0,0,No,0,0,No,4,5
RFI-00764,PRJ-020,RFI-0016,Civil Design Clarification - Area D6,Civil,Medium,Design Clarification,2023-02-19,2023-03-03,2023-02-22,2023-02-22,,Answered,Subcontractor,Engineer,0,0,No,0,0,No,0,0,No,1,5
RFI-00765,PRJ-020,RFI-0017,General Field Condition - Area A6,General,Medium,Field Condition,2024-11-27,2024-12-07,2024-12-04,2024-12-08,,Answered,Construction Manager,Construction Manager,1,1,No,0,0,No,0,0,No,3,5
RFI-00766,PRJ-020,RFI-0018,Controls Coordination Conflict - Area B5,Controls,Low,Coordination Conflict,2023-03-19,2023-04-01,2023-03-24,2023-03-24,,Answered,Construction Manager,Engineer,0,0,No,0,0,No,0,0,No,6,5
RFI-00767,PRJ-020,RFI-0019,Electrical Coordination Conflict - Area D7,Electrical,High,Coordination Conflict,2022-12-31,2023-01-06,2023-01-05,2023-01-05,,Answered,General Contractor,Owner Representative,0,0,No,0,0,No,0,0,No,3,4
RFI-00768,PRJ-020,RFI-0020,Controls Coordination Conflict - Area B11,Controls,Medium,Coordination Conflict,2024-12-26,2025-01-06,2024-12-30,2024-12-30,2025-01-03,Closed,Subcontractor,Engineer,0,0,Yes,17000,20000,No,0,0,No,1,5
RFI-00769,PRJ-020,RFI-0021,Electrical Constructability - Area B9,Electrical,Low,Constructability,2023-09-12,2023-09-26,2023-09-30,2023-10-04,2023-10-06,Closed,Subcontractor,Engineer,1,0,No,0,0,Yes,1,1,Yes,6,5
RFI-00770,PRJ-020,RFI-0022,Mechanical Constructability - Area B3,Mechanical,Low,Constructability,2024-02-02,2024-02-16,2024-02-11,2024-02-11,2024-02-14,Closed,Subcontractor,Engineer,0,0,No,0,0,No,0,0,No,1,4
RFI-00771,PRJ-020,RFI-0023,General Coordination Conflict - Area D9,General,Medium,Coordination Conflict,2023-10-12,2023-10-21,2023-10-16,2023-10-16,2023-10-18,Closed,Subcontractor,Construction Manager,0,0,No,0,0,No,0,0,No,2,5
RFI-00772,PRJ-020,RFI-0024,Mechanical Substitution Request - Area E8,Mechanical,High,Substitution Request,2024-08-17,2024-08-22,2024-08-24,2024-08-24,2024-08-24,Closed,Subcontractor,Engineer,0,0,No,0,0,No,0,0,No,2,5
RFI-00773,PRJ-020,RFI-0025,Electrical Design Clarification - Area C2,Electrical,High,Design Clarification,2023-12-02,2023-12-06,2023-12-08,2023-12-08,2023-12-08,Closed,Subcontractor,Engineer,0,0,No,0,0,No,0,0,No,0,4
RFI-00774,PRJ-020,RFI-0026,Architectural Missing Information - Area B12,Architectural,Medium,Missing Information,2023-10-21,2023-11-02,2023-10-27,,,In Review,Subcontractor,Architect,0,0,No,0,0,No,0,0,No,6,5
RFI-00775,PRJ-020,RFI-0027,Electrical Code Compliance - Area B5,Electrical,Medium,Code Compliance,2023-05-18,2023-05-28,2023-05-26,2023-05-26,2023-05-28,Closed,Subcontractor,Engineer,0,0,No,0,0,No,0,0,No,5,4
RFI-00776,PRJ-020,RFI-0028,Civil Design Clarification - Area A4,Civil,Low,Design Clarification,2024-12-03,2024-12-16,2024-12-14,2024-12-14,,Answered,Construction Manager,Engineer,0,0,No,0,0,No,0,0,No,1,5
RFI-00777,PRJ-020,RFI-0029,Architectural Code Compliance - Area E11,Architectural,Medium,Code Compliance,2025-01-25,2025-02-06,2025-01-30,2025-02-03,2025-02-07,Closed,Subcontractor,Architect,1,0,No,0,0,No,0,0,No,5,4
RFI-00778,PRJ-020,RFI-0030,Mechanical Code Compliance - Area A11,Mechanical,Medium,Code Compliance,2024-07-09,2024-07-19,2024-07-22,2024-07-22,,Answered,Subcontractor,Engineer,0,0,No,0,0,No,0,0,No,5,5
RFI-00779,PRJ-021,RFI-0001,Mechanical Substitution Request - Area D10,Mechanical,Medium,Substitution Request,2022-05-08,2022-05-19,2022-06-23,2022-06-23,2022-06-27,Closed,Subcontractor,Engineer,0,0,Yes,6400,9200,No,0,0,Yes,4,2
RFI-00780,PRJ-021,RFI-0002,Civil Field Condition - Area B3,Civil,Medium,Field Condition,2023-11-03,2023-11-15,2023-11-18,2023-11-18,2023-11-20,Closed,General Contractor,Engineer,0,0,No,0,0,No,0,0,No,0,5
RFI-00781,PRJ-021,RFI-0003,Structural Substitution Request - Area C2,Structural,High,Substitution Request,2022-02-08,2022-02-12,2022-03-01,2022-03-01,2022-03-05,Closed,Subcontractor,Engineer,0,0,Yes,51000,53000,No,0,0,Yes,5,3
RFI-00782,PRJ-021,RFI-0004,Mechanical Coordination Conflict - Area C9,Mechanical,Low,Coordination Conflict,2022-09-13,2022-09-28,2022-09-26,2022-09-26,2022-09-29,Closed,Subcontractor,Engineer,0,0,No,0,0,No,0,0,No,5,5
RFI-00783,PRJ-021,RFI-0005,Specialty Systems Design Clarification - Area B1,Specialty Systems,Low,Design Clarification,2023-08-19,2023-09-02,2023-09-11,2023-09-12,2023-09-12,Closed,General Contractor,Owner Representative,1,0,No,0,0,Yes,3,4,Yes,6,3
RFI-00784,PRJ-021,RFI-0006,Civil Design Clarification - Area B6,Civil,High,Design Clarification,2023-10-14,2023-10-18,2023-11-09,2023-11-09,2023-11-11,Closed,General Contractor,Engineer,0,0,No,0,0,Yes,1,1,Yes,4,3
RFI-00785,PRJ-021,RFI-0007,General Design Clarification - Area A1,General,Medium,Design Clarification,2022-07-29,2022-08-08,2022-08-05,2022-08-08,,Answered,General Contractor,Construction Manager,1,0,No,0,0,No,0,0,No,5,5
RFI-00786,PRJ-021,RFI-0008,Specialty Systems Design Clarification - Area B7,Specialty Systems,Medium,Design Clarification,2022-03-20,2022-04-01,2022-03-28,2022-04-01,2022-04-02,Closed,Subcontractor,Design Manager,1,0,No,0,0,No,0,0,No,4,5
RFI-00787,PRJ-021,RFI-0009,Controls Field Condition - Area C4,Controls,Medium,Field Condition,2022-04-05,2022-04-16,2022-04-20,2022-04-20,2022-04-22,Closed,Subcontractor,Engineer,0,0,No,0,0,Yes,5,7,Yes,2,5
RFI-00788,PRJ-021,RFI-0010,Specialty Systems Design Clarification - Area A7,Specialty Systems,Medium,Design Clarification,2022-06-16,2022-06-26,2022-07-01,2022-07-03,,Answered,General Contractor,Design Manager,1,0,No,0,0,Yes,4,6,Yes,4,4
RFI-00789,PRJ-021,RFI-0011,Specialty Systems Coordination Conflict - Area C11,Specialty Systems,Medium,Coordination Conflict,2022-12-21,2023-01-01,2023-01-15,2023-01-15,,Answered,General Contractor,Design Manager,0,0,No,0,0,No,0,0,No,0,4
RFI-00790,PRJ-021,RFI-0012,Structural Missing Information - Area A7,Structural,Medium,Missing Information,2022-10-17,2022-10-28,2022-11-08,2022-11-08,2022-11-09,Closed,General Contractor,Engineer,0,0,No,0,0,No,0,0,No,6,4
RFI-00791,PRJ-021,RFI-0013,Electrical Coordination Conflict - Area D5,Electrical,Low,Coordination Conflict,2022-07-24,2022-08-08,2022-08-19,2022-08-19,,Answered,Subcontractor,Engineer,0,0,No,0,0,No,0,0,No,1,5
RFI-00792,PRJ-021,RFI-0014,Civil Design Clarification - Area B3,Civil,Medium,Design Clarification,2023-04-04,2023-04-13,2023-04-12,2023-04-12,,Answered,General Contractor,Engineer,0,0,No,0,0,No,0,0,No,5,5
RFI-00793,PRJ-021,RFI-0015,Civil Field Condition - Area C1,Civil,Low,Field Condition,2022-10-28,2022-11-10,2022-11-11,2022-11-11,,Answered,General Contractor,Engineer,0,0,No,0,0,No,0,0,No,1,5
RFI-00794,PRJ-021,RFI-0016,Plumbing Missing Information - Area E12,Plumbing,Low,Missing Information,2023-11-30,2023-12-14,2023-12-12,2023-12-12,2023-12-15,Closed,Subcontractor,Engineer,0,0,No,0,0,No,0,0,No,5,5
RFI-00795,PRJ-021,RFI-0017,Civil Missing Information - Area E2,Civil,Medium,Missing Information,2023-12-22,2024-01-02,2024-01-06,2024-01-06,2024-01-08,Closed,Subcontractor,Engineer,0,0,Yes,5800,7200,No,0,0,Yes,3,5
RFI-00796,PRJ-021,RFI-0018,Electrical Constructability - Area E9,Electrical,Low,Constructability,2024-01-08,2024-01-22,2024-01-21,2024-01-21,2024-01-22,Closed,Subcontractor,Engineer,0,0,No,0,0,No,0,0,No,4,5
RFI-00797,PRJ-021,RFI-0019,Mechanical Design Clarification - Area A6,Mechanical,High,Design Clarification,2022-12-16,2022-12-21,2023-01-04,2023-01-04,2023-01-04,Closed,Subcontractor,Engineer,0,0,No,0,0,No,0,0,No,6,4
RFI-00798,PRJ-021,RFI-0020,Plumbing Substitution Request - Area A11,Plumbing,Medium,Substitution Request,2022-01-15,2022-01-26,2022-01-28,2022-01-28,2022-01-30,Closed,Subcontractor,Engineer,0,0,No,0,0,No,0,0,No,4,4
RFI-00799,PRJ-021,RFI-0021,Electrical Missing Information - Area D1,Electrical,High,Missing Information,2024-02-26,2024-03-01,2024-03-05,2024-03-05,,Answered,General Contractor,Engineer,0,0,No,0,0,No,0,0,No,5,4
RFI-00800,PRJ-021,RFI-0022,General Missing Information - Area A9,General,Medium,Missing Information,2022-03-24,2022-04-03,2022-04-04,2022-04-04,2022-04-06,Closed,General Contractor,Construction Manager,0,0,No,0,0,No,0,0,No,5,5
RFI-00801,PRJ-021,RFI-0023,Mechanical Design Clarification - Area A2,Mechanical,High,Design Clarification,2022-09-15,2022-09-21,2022-09-30,2022-09-30,2022-10-04,Closed,General Contractor,Engineer,0,0,No,0,0,No,0,0,No,5,4
RFI-00802,PRJ-021,RFI-0024,Architectural Design Clarification - Area C8,Architectural,High,Design Clarification,2024-02-13,2024-02-20,2024-02-29,2024-02-29,,Answered,General Contractor,Owner Representative,0,1,No,0,0,No,0,0,No,4,5
RFI-00803,PRJ-021,RFI-0025,Controls Substitution Request - Area B3,Controls,Low,Substitution Request,2022-07-17,2022-08-02,2022-08-01,2022-08-01,,Answered,Construction Manager,Engineer,0,0,No,0,0,No,0,0,No,4,5
RFI-00804,PRJ-021,RFI-0026,Architectural Missing Information - Area A9,Architectural,Critical,Missing Information,2024-01-12,2024-01-15,2024-02-04,,,Awaiting Designer,Subcontractor,Owner Representative,0,0,Yes,15000,11000,Yes,4,5,Yes,4,3
RFI-00805,PRJ-021,RFI-0027,Civil Missing Information - Area E4,Civil,Medium,Missing Information,2022-12-23,2023-01-04,2023-01-19,2023-01-19,,Answered,Subcontractor,Owner Representative,0,0,No,0,0,No,0,0,No,5,3
RFI-00806,PRJ-021,RFI-0028,Structural Missing Information - Area D6,Structural,Medium,Missing Information,2022-10-22,2022-10-31,2022-11-07,2022-11-07,2022-11-10,Closed,Subcontractor,Engineer,0,0,No,0,0,No,0,0,No,0,4
RFI-00807,PRJ-021,RFI-0029,Fire Protection Missing Information - Area E11,Fire Protection,Medium,Missing Information,2023-10-13,2023-10-25,2023-10-28,2023-10-28,2023-11-01,Closed,Subcontractor,Engineer,0,0,No,0,0,No,0,0,No,0,5
RFI-00808,PRJ-021,RFI-0030,Mechanical Missing Information - Area B10,Mechanical,High,Missing Information,2023-08-25,2023-08-29,2023-09-11,2023-09-11,2023-09-15,Closed,Subcontractor,Engineer,0,0,No,0,0,No,0,0,No,3,2
RFI-00809,PRJ-021,RFI-0031,Specialty Systems Code Compliance - Area D12,Specialty Systems,High,Code Compliance,2023-01-17,2023-01-24,2023-01-30,2023-01-30,2023-01-30,Closed,General Contractor,Design Manager,0,0,No,0,0,No,0,0,No,6,5
RFI-00810,PRJ-021,RFI-0032,Structural Field Condition - Area B7,Structural,Medium,Field Condition,2023-06-25,2023-07-06,2023-08-06,2023-08-06,2023-08-07,Closed,General Contractor,Engineer,0,0,Yes,14000,20000,Yes,11,10,Yes,3,2
RFI-00811,PRJ-021,RFI-0033,Structural Coordination Conflict - Area B9,Structural,Medium,Coordination Conflict,2023-07-25,2023-08-05,2023-08-09,2023-08-09,2023-08-10,Closed,Subcontractor,Engineer,0,0,No,0,0,No,0,0,No,3,5
RFI-00812,PRJ-021,RFI-0034,Mechanical Missing Information - Area C12,Mechanical,Medium,Missing Information,2023-05-10,2023-05-21,2023-05-27,2023-05-28,2023-05-30,Closed,General Contractor,Owner Representative,1,0,No,0,0,No,0,0,No,4,5
RFI-00813,PRJ-022,RFI-0001,Mechanical Design Clarification - Area B2,Mechanical,Medium,Design Clarification,2022-03-17,2022-03-28,2022-03-21,2022-03-21,2022-03-25,Closed,General Contractor,Engineer,0,0,No,0,0,No,0,0,No,0,5
RFI-00814,PRJ-022,RFI-0002,Architectural Substitution Request - Area B12,Architectural,Medium,Substitution Request,2022-07-07,2022-07-16,,,,Awaiting Owner,Subcontractor,Architect,0,0,No,0,0,No,0,0,No,5,5
RFI-00815,PRJ-022,RFI-0003,Structural Field Condition - Area C5,Structural,Low,Field Condition,2022-06-03,2022-06-19,2022-06-09,2022-06-09,,Answered,General Contractor,Engineer,0,0,No,0,0,No,0,0,No,3,5
RFI-00816,PRJ-022,RFI-0004,Electrical Coordination Conflict - Area D7,Electrical,Medium,Coordination Conflict,2022-07-14,2022-07-25,,,,In Review,Construction Manager,Engineer,0,0,Yes,30000,24000,No,0,0,Yes,5,5
RFI-00817,PRJ-022,RFI-0005,Structural Missing Information - Area C6,Structural,Medium,Missing Information,2022-02-08,2022-02-18,2022-02-21,2022-02-21,,Answered,General Contractor,Engineer,0,0,Yes,31000,32000,Yes,1,1,No,3,5
RFI-00818,PRJ-022,RFI-0006,Mechanical Design Clarification - Area B5,Mechanical,Low,Design Clarification,2022-04-27,2022-05-11,2022-05-03,2022-05-03,,Answered,Construction Manager,Owner Representative,0,0,No,0,0,No,0,0,No,1,5
RFI-00819,PRJ-022,RFI-0007,Electrical Design Clarification - Area A12,Electrical,Medium,Design Clarification,2022-05-23,2022-06-02,2022-05-30,2022-05-30,2022-05-30,Closed,General Contractor,Engineer,0,0,No,0,0,No,0,0,No,2,5
RFI-00820,PRJ-022,RFI-0008,Structural Code Compliance - Area D9,Structural,Medium,Code Compliance,2022-05-18,2022-05-27,2022-05-23,2022-05-23,2022-05-26,Closed,General Contractor,Engineer,0,0,No,0,0,No,0,0,No,6,5
RFI-00821,PRJ-022,RFI-0009,Electrical Constructability - Area C10,Electrical,High,Constructability,2022-01-03,2022-01-08,2022-01-15,2022-01-15,,Answered,Subcontractor,Engineer,0,1,No,0,0,No,0,0,No,4,5
RFI-00822,PRJ-022,RFI-0010,General Constructability - Area A7,General,Medium,Constructability,2022-07-15,2022-07-24,2022-07-18,2022-07-18,2022-07-21,Closed,Subcontractor,Construction Manager,0,0,Yes,3200,3000,No,0,0,No,4,4
RFI-00823,PRJ-022,RFI-0011,Electrical Field Condition - Area E11,Electrical,Low,Field Condition,2022-05-24,2022-06-09,2022-05-28,2022-05-28,,Answered,Construction Manager,Engineer,0,0,No,0,0,No,0,0,No,6,5
RFI-00824,PRJ-022,RFI-0012,Specialty Systems Coordination Conflict - Area E6,Specialty Systems,Medium,Coordination Conflict,2022-05-06,2022-05-18,2022-05-17,2022-05-17,2022-05-21,Closed,General Contractor,Owner Representative,0,0,No,0,0,No,0,0,No,3,5
RFI-00825,PRJ-022,RFI-0013,Electrical Coordination Conflict - Area E5,Electrical,Medium,Coordination Conflict,2022-07-28,2022-08-07,2022-08-03,2022-08-06,,Answered,Construction Manager,Engineer,1,0,No,0,0,No,0,0,No,1,4
RFI-00826,PRJ-022,RFI-0014,Structural Missing Information - Area E9,Structural,Medium,Missing Information,2022-07-31,2022-08-11,2022-08-10,2022-08-10,,Answered,General Contractor,Engineer,0,0,No,0,0,No,0,0,No,0,5
RFI-00827,PRJ-022,RFI-0015,Mechanical Coordination Conflict - Area D3,Mechanical,Medium,Coordination Conflict,2022-03-20,2022-04-01,2022-03-27,2022-03-30,2022-03-30,Closed,General Contractor,Engineer,1,0,No,0,0,No,0,0,No,4,5
RFI-00828,PRJ-022,RFI-0016,General Coordination Conflict - Area A8,General,Medium,Coordination Conflict,2022-07-08,2022-07-19,,,,Awaiting Owner,General Contractor,Construction Manager,0,0,Yes,10000,13000,No,0,0,Yes,5,5
RFI-00829,PRJ-022,RFI-0017,Electrical Design Clarification - Area D1,Electrical,Medium,Design Clarification,2022-05-17,2022-05-26,,,,Awaiting Designer,General Contractor,Engineer,0,0,No,0,0,No,0,0,No,0,5
RFI-00830,PRJ-022,RFI-0018,Electrical Design Clarification - Area B1,Electrical,Medium,Design Clarification,2022-03-27,2022-04-07,2022-03-31,2022-03-31,2022-04-01,Closed,General Contractor,Engineer,0,0,No,0,0,No,0,0,No,2,4
RFI-00831,PRJ-022,RFI-0019,Architectural Coordination Conflict - Area D11,Architectural,Medium,Coordination Conflict,2022-07-25,2022-08-06,2022-07-28,2022-07-28,2022-07-31,Closed,General Contractor,Architect,0,0,No,0,0,Yes,9,6,Yes,5,5
RFI-00832,PRJ-022,RFI-0020,Architectural Design Clarification - Area B2,Architectural,Medium,Design Clarification,2022-06-18,2022-06-29,2022-06-29,2022-06-29,2022-06-29,Closed,General Contractor,Architect,0,0,No,0,0,No,0,0,No,5,5
RFI-00833,PRJ-022,RFI-0021,Architectural Design Clarification - Area C4,Architectural,Low,Design Clarification,2022-03-31,2022-04-14,2022-04-02,2022-04-02,2022-04-06,Closed,Construction Manager,Architect,0,0,No,0,0,No,0,0,No,5,5
RFI-00834,PRJ-022,RFI-0022,General Coordination Conflict - Area D8,General,Medium,Coordination Conflict,2022-06-04,2022-06-15,2022-06-14,2022-06-14,2022-06-16,Closed,Subcontractor,Construction Manager,0,0,No,0,0,No,0,0,No,1,5
RFI-00835,PRJ-022,RFI-0023,Plumbing Design Clarification - Area E11,Plumbing,Medium,Design Clarification,2022-05-06,2022-05-17,2022-05-10,2022-05-10,2022-05-10,Closed,General Contractor,Engineer,0,0,No,0,0,No,0,0,No,5,5
RFI-00836,PRJ-022,RFI-0024,Specialty Systems Coordination Conflict - Area E10,Specialty Systems,Medium,Coordination Conflict,2022-02-05,2022-02-15,2022-02-11,2022-02-11,2022-02-13,Closed,Subcontractor,Design Manager,0,0,No,0,0,No,0,0,No,2,5
RFI-00837,PRJ-022,RFI-0025,Fire Protection Missing Information - Area E1,Fire Protection,Low,Missing Information,2022-04-30,2022-05-13,2022-05-03,2022-05-03,2022-05-06,Closed,General Contractor,Engineer,0,0,No,0,0,No,0,0,No,3,4
RFI-00838,PRJ-022,RFI-0026,Specialty Systems Design Clarification - Area A8,Specialty Systems,High,Design Clarification,2022-06-10,2022-06-14,2022-06-21,2022-06-21,,Answered,Construction Manager,Design Manager,0,1,Yes,49000,38000,No,0,0,Yes,2,5
RFI-00839,PRJ-022,RFI-0027,Controls Code Compliance - Area C11,Controls,Medium,Code Compliance,2022-08-10,2022-08-22,2022-08-21,2022-08-21,2022-08-21,Closed,Subcontractor,Engineer,0,0,No,0,0,No,0,0,No,1,3
RFI-00840,PRJ-022,RFI-0028,Civil Design Clarification - Area A9,Civil,Low,Design Clarification,2022-07-08,2022-07-22,2022-07-21,,,In Review,Subcontractor,Engineer,0,0,Yes,12000,8700,No,0,0,Yes,3,5
RFI-00841,PRJ-022,RFI-0029,Electrical Design Clarification - Area B2,Electrical,High,Design Clarification,2022-06-17,2022-06-21,2022-06-23,2022-06-23,2022-06-24,Closed,Construction Manager,Engineer,0,0,No,0,0,No,0,0,No,1,4
RFI-00842,PRJ-022,RFI-0030,Architectural Field Condition - Area A2,Architectural,Medium,Field Condition,2022-01-29,2022-02-08,2022-02-02,2022-02-02,,Answered,General Contractor,Architect,0,0,No,0,0,Yes,4,5,No,6,5
RFI-00843,PRJ-022,RFI-0031,Electrical Design Clarification - Area D3,Electrical,Medium,Design Clarification,2022-03-05,2022-03-15,2022-03-14,2022-03-17,2022-03-20,Closed,Construction Manager,Engineer,1,0,No,0,0,No,0,0,No,6,4
RFI-00844,PRJ-022,RFI-0032,Architectural Missing Information - Area D5,Architectural,Low,Missing Information,2022-01-13,2022-01-26,2022-01-26,2022-01-26,2022-01-26,Closed,General Contractor,Architect,0,0,No,0,0,No,0,0,No,2,5
RFI-00845,PRJ-022,RFI-0033,Mechanical Constructability - Area D6,Mechanical,High,Constructability,2022-07-23,2022-07-27,2022-07-30,2022-08-02,2022-08-05,Closed,Subcontractor,Engineer,1,0,No,0,0,No,0,0,No,5,4
RFI-00846,PRJ-022,RFI-0034,Electrical Missing Information - Area D2,Electrical,Medium,Missing Information,2022-03-24,2022-04-02,2022-03-29,2022-03-29,2022-04-01,Closed,Construction Manager,Owner Representative,0,0,No,0,0,No,0,0,No,5,5
RFI-00847,PRJ-022,RFI-0035,Architectural Field Condition - Area C9,Architectural,Low,Field Condition,2022-03-16,2022-03-31,2022-03-24,2022-03-24,2022-03-27,Closed,General Contractor,Architect,0,0,No,0,0,Yes,1,1,Yes,1,5
RFI-00848,PRJ-022,RFI-0036,Architectural Coordination Conflict - Area A12,Architectural,Medium,Coordination Conflict,2022-07-10,2022-07-22,,,,Awaiting Owner,Subcontractor,Architect,0,0,No,0,0,No,0,0,No,0,5
RFI-00849,PRJ-022,RFI-0037,General Design Clarification - Area E4,General,Medium,Design Clarification,2022-02-28,2022-03-11,2022-03-04,2022-03-08,2022-03-11,Closed,Subcontractor,Owner Representative,1,0,No,0,0,No,0,0,No,1,5
RFI-00850,PRJ-022,RFI-0038,Specialty Systems Constructability - Area E10,Specialty Systems,Medium,Constructability,2022-02-14,2022-02-23,2022-02-20,2022-02-20,2022-02-21,Closed,Subcontractor,Owner Representative,0,0,No,0,0,No,0,0,No,2,4
RFI-00851,PRJ-022,RFI-0039,Electrical Constructability - Area C5,Electrical,Low,Constructability,2022-06-10,2022-06-24,2022-06-18,2022-06-18,2022-06-20,Closed,Subcontractor,Engineer,0,0,No,0,0,No,0,0,No,3,5
RFI-00852,PRJ-022,RFI-0040,Electrical Field Condition - Area D7,Electrical,Medium,Field Condition,2022-02-21,2022-03-02,2022-03-21,2022-03-23,,Answered,General Contractor,Engineer,1,0,Yes,34000,38000,No,0,0,No,2,3
RFI-00853,PRJ-022,RFI-0041,Structural Coordination Conflict - Area C12,Structural,Low,Coordination Conflict,2022-04-15,2022-04-28,2022-04-25,2022-04-25,2022-04-25,Closed,Subcontractor,Owner Representative,0,0,No,0,0,No,0,0,No,5,5
RFI-00854,PRJ-022,RFI-0042,Electrical Field Condition - Area C12,Electrical,Medium,Field Condition,2022-06-06,2022-06-16,2022-06-14,2022-06-14,,Answered,Construction Manager,Engineer,0,0,No,0,0,No,0,0,No,1,5
RFI-00855,PRJ-022,RFI-0043,Controls Missing Information - Area D3,Controls,Low,Missing Information,2022-04-29,2022-05-13,2022-05-14,2022-05-14,,Answered,Subcontractor,Engineer,0,0,No,0,0,No,0,0,No,6,5
RFI-00856,PRJ-022,RFI-0044,Civil Field Condition - Area C5,Civil,High,Field Condition,2022-07-29,2022-08-04,2022-08-09,,,Open,Subcontractor,Engineer,0,0,No,0,0,Yes,2,1,Yes,2,4
RFI-00857,PRJ-023,RFI-0001,General Design Clarification - Area D2,General,Medium,Design Clarification,2023-02-09,2023-02-21,2023-02-19,2023-02-19,2023-02-19,Closed,General Contractor,Construction Manager,0,0,No,0,0,No,0,0,No,3,5
RFI-00858,PRJ-023,RFI-0002,Plumbing Coordination Conflict - Area A6,Plumbing,Medium,Coordination Conflict,2023-11-16,2023-11-25,2023-12-04,2023-12-04,2023-12-05,Closed,General Contractor,Owner Representative,0,0,Yes,24000,27000,No,0,0,Yes,5,4
RFI-00859,PRJ-023,RFI-0003,Structural Field Condition - Area B7,Structural,Medium,Field Condition,2023-05-18,2023-05-29,2023-06-11,2023-06-11,,Answered,General Contractor,Engineer,0,0,Yes,54000,55000,No,0,0,Yes,0,4
RFI-00860,PRJ-023,RFI-0004,Electrical Constructability - Area B10,Electrical,High,Constructability,2023-07-06,2023-07-11,2023-07-16,2023-07-16,,Answered,General Contractor,Engineer,0,0,No,0,0,No,0,0,No,1,5
RFI-00861,PRJ-023,RFI-0005,Structural Design Clarification - Area D10,Structural,High,Design Clarification,2024-04-29,2024-05-04,2024-05-20,2024-05-20,2024-05-21,Closed,Subcontractor,Engineer,0,0,Yes,17000,23000,Yes,6,3,No,3,3
RFI-00862,PRJ-023,RFI-0006,General Code Compliance - Area A3,General,Medium,Code Compliance,2022-11-02,2022-11-11,2022-11-18,2022-11-21,,Answered,General Contractor,Construction Manager,1,0,No,0,0,No,0,0,No,0,3
RFI-00863,PRJ-023,RFI-0007,Controls Missing Information - Area A4,Controls,Critical,Missing Information,2024-07-21,2024-07-26,2024-08-03,2024-08-06,,Answered,General Contractor,Engineer,1,0,No,0,0,Yes,4,5,Yes,1,3
RFI-00864,PRJ-023,RFI-0008,Specialty Systems Constructability - Area A6,Specialty Systems,Medium,Constructability,2022-11-03,2022-11-13,2022-11-15,2022-11-15,2022-11-15,Closed,Construction Manager,Design Manager,0,1,No,0,0,Yes,5,5,Yes,2,4
RFI-00865,PRJ-023,RFI-0009,Fire Protection Missing Information - Area C3,Fire Protection,Medium,Missing Information,2023-03-31,2023-04-09,2023-05-07,2023-05-07,2023-05-09,Closed,General Contractor,Engineer,0,0,No,0,0,Yes,1,1,Yes,2,2
RFI-00866,PRJ-023,RFI-0010,Architectural Coordination Conflict - Area A9,Architectural,Critical,Coordination Conflict,2024-05-09,2024-05-11,2024-05-22,2024-05-25,2024-05-27,Closed,General Contractor,Architect,1,0,Yes,20000,19000,No,0,0,No,3,4
RFI-00867,PRJ-023,RFI-0011,Plumbing Field Condition - Area E11,Plumbing,Medium,Field Condition,2023-12-01,2023-12-11,2023-12-10,2023-12-10,2023-12-11,Closed,General Contractor,Engineer,0,0,No,0,0,No,0,0,No,3,5
RFI-00868,PRJ-023,RFI-0012,Structural Missing Information - Area D9,Structural,High,Missing Information,2024-01-01,2024-01-08,2024-01-12,2024-01-12,,Answered,Subcontractor,Owner Representative,0,0,No,0,0,Yes,4,3,No,5,5
RFI-00869,PRJ-023,RFI-0013,Plumbing Constructability - Area E6,Plumbing,Medium,Constructability,2024-06-22,2024-07-02,2024-07-08,2024-07-08,2024-07-10,Closed,Construction Manager,Engineer,0,0,No,0,0,No,0,0,No,1,4
RFI-00870,PRJ-023,RFI-0014,Architectural Coordination Conflict - Area C10,Architectural,Medium,Coordination Conflict,2023-02-27,2023-03-11,2023-03-10,2023-03-11,2023-03-13,Closed,Subcontractor,Architect,1,0,Yes,62000,62000,No,0,0,No,1,5
RFI-00871,PRJ-023,RFI-0015,Electrical Code Compliance - Area C11,Electrical,High,Code Compliance,2023-06-03,2023-06-07,2023-06-25,2023-06-25,2023-06-27,Closed,Subcontractor,Engineer,0,1,No,0,0,No,0,0,No,0,3
RFI-00872,PRJ-023,RFI-0016,Architectural Design Clarification - Area A11,Architectural,Low,Design Clarification,2022-10-15,2022-10-31,2022-11-13,2022-11-13,,Answered,General Contractor,Architect,0,1,No,0,0,No,0,0,No,1,4
RFI-00873,PRJ-023,RFI-0017,General Coordination Conflict - Area A10,General,Critical,Coordination Conflict,2024-08-14,2024-08-18,2024-08-26,2024-08-26,2024-08-28,Closed,General Contractor,Construction Manager,0,0,Yes,77000,111000,No,0,0,Yes,4,5
RFI-00874,PRJ-023,RFI-0018,Architectural Missing Information - Area A2,Architectural,Medium,Missing Information,2024-06-17,2024-06-29,2024-07-01,2024-07-01,,Answered,General Contractor,Owner Representative,0,0,No,0,0,No,0,0,No,0,5
RFI-00875,PRJ-023,RFI-0019,Electrical Design Clarification - Area E5,Electrical,Low,Design Clarification,2024-09-12,2024-09-28,2024-09-27,2024-09-27,2024-09-29,Closed,General Contractor,Engineer,0,0,No,0,0,Yes,1,1,Yes,4,5
RFI-00876,PRJ-023,RFI-0020,Fire Protection Design Clarification - Area B11,Fire Protection,Critical,Design Clarification,2023-12-17,2023-12-22,2023-12-29,2024-01-01,,Answered,Subcontractor,Engineer,1,0,Yes,225000,293000,No,0,0,Yes,6,2
RFI-00877,PRJ-023,RFI-0021,Electrical Design Clarification - Area C1,Electrical,High,Design Clarification,2024-01-21,2024-01-28,2024-03-07,2024-03-08,2024-03-10,Closed,Construction Manager,Engineer,1,0,Yes,17000,19000,No,0,0,No,1,1
RFI-00878,PRJ-023,RFI-0022,Mechanical Code Compliance - Area D2,Mechanical,Low,Code Compliance,2022-10-22,2022-11-04,2022-11-10,2022-11-10,2022-11-10,Closed,Subcontractor,Engineer,0,0,No,0,0,No,0,0,No,1,4
RFI-00879,PRJ-023,RFI-0023,Electrical Substitution Request - Area B10,Electrical,High,Substitution Request,2023-10-09,2023-10-13,2023-10-21,2023-10-21,2023-10-25,Closed,Subcontractor,Engineer,0,0,No,0,0,No,0,0,No,2,5
RFI-00880,PRJ-023,RFI-0024,Civil Constructability - Area C8,Civil,Medium,Constructability,2024-07-17,2024-07-28,2024-08-18,2024-08-18,2024-08-19,Closed,Construction Manager,Engineer,0,0,Yes,2700,2900,No,0,0,No,3,3
RFI-00881,PRJ-023,RFI-0025,Mechanical Missing Information - Area A2,Mechanical,Medium,Missing Information,2024-11-12,2024-11-21,2024-12-06,2024-12-07,2024-12-09,Closed,General Contractor,Engineer,1,0,No,0,0,Yes,5,3,No,6,3
RFI-00882,PRJ-023,RFI-0026,Architectural Design Clarification - Area A3,Architectural,Low,Design Clarification,2023-12-15,2023-12-30,2024-01-07,2024-01-07,,Answered,Construction Manager,Architect,0,0,No,0,0,Yes,1,1,No,6,5
RFI-00883,PRJ-023,RFI-0027,Structural Coordination Conflict - Area B12,Structural,High,Coordination Conflict,2024-03-16,2024-03-21,2024-04-01,2024-04-02,2024-04-04,Closed,Subcontractor,Engineer,1,0,Yes,10000,14000,No,0,0,No,5,3
RFI-00884,PRJ-023,RFI-0028,Architectural Design Clarification - Area C2,Architectural,Low,Design Clarification,2023-11-04,2023-11-20,,,,Awaiting Designer,General Contractor,Architect,0,1,No,0,0,No,0,0,No,6,4
RFI-00885,PRJ-023,RFI-0029,Fire Protection Code Compliance - Area D10,Fire Protection,High,Code Compliance,2022-11-21,2022-11-25,2022-12-03,,,In Review,Construction Manager,Engineer,1,1,Yes,13000,11000,No,0,0,Yes,1,4
RFI-00886,PRJ-023,RFI-0030,Structural Field Condition - Area B9,Structural,Medium,Field Condition,2023-11-17,2023-11-28,2023-11-27,2023-11-27,,Answered,General Contractor,Engineer,0,0,No,0,0,No,0,0,No,1,5
RFI-00887,PRJ-023,RFI-0031,Structural Constructability - Area C2,Structural,Medium,Constructability,2024-01-05,2024-01-16,2024-01-22,2024-01-23,2024-01-25,Closed,Subcontractor,Engineer,1,0,No,0,0,No,0,0,No,2,4
RFI-00888,PRJ-023,RFI-0032,Mechanical Design Clarification - Area A7,Mechanical,High,Design Clarification,2024-10-23,2024-10-29,2024-11-09,2024-11-09,,Answered,Construction Manager,Engineer,0,0,Yes,117000,85000,No,0,0,No,0,5
RFI-00889,PRJ-023,RFI-0033,Plumbing Coordination Conflict - Area C3,Plumbing,High,Coordination Conflict,2024-08-31,2024-09-06,2024-09-11,2024-09-11,2024-09-15,Closed,Subcontractor,Engineer,0,0,Yes,93000,116000,No,0,0,Yes,5,5
RFI-00890,PRJ-023,RFI-0034,Plumbing Coordination Conflict - Area E7,Plumbing,Medium,Coordination Conflict,2023-03-10,2023-03-21,2023-03-30,2023-03-30,2023-03-31,Closed,General Contractor,Owner Representative,0,1,No,0,0,No,0,0,No,0,4
RFI-00891,PRJ-023,RFI-0035,Structural Missing Information - Area B4,Structural,High,Missing Information,2023-07-12,2023-07-19,2023-07-22,2023-07-22,2023-07-25,Closed,Subcontractor,Engineer,0,0,No,0,0,No,0,0,No,6,5
RFI-00892,PRJ-023,RFI-0036,Structural Missing Information - Area A8,Structural,Low,Missing Information,2022-10-23,2022-11-05,2022-11-16,2022-11-17,2022-11-17,Closed,Subcontractor,Engineer,1,0,Yes,83000,62000,No,0,0,Yes,3,3
RFI-00893,PRJ-023,RFI-0037,Plumbing Code Compliance - Area A12,Plumbing,High,Code Compliance,2024-05-17,2024-05-22,2024-05-31,2024-05-31,2024-06-01,Closed,Subcontractor,Engineer,0,0,No,0,0,No,0,0,No,6,5
RFI-00894,PRJ-023,RFI-0038,Architectural Field Condition - Area D5,Architectural,High,Field Condition,2024-06-15,2024-06-20,,,,Returned for Clarification,Subcontractor,Architect,0,0,Yes,20000,20000,Yes,7,8,Yes,4,4
RFI-00895,PRJ-023,RFI-0039,Electrical Missing Information - Area C8,Electrical,Low,Missing Information,2023-06-10,2023-06-24,2023-06-26,2023-06-26,2023-06-26,Closed,Subcontractor,Engineer,0,0,No,0,0,No,0,0,No,0,5
RFI-00896,PRJ-023,RFI-0040,Civil Substitution Request - Area E11,Civil,Medium,Substitution Request,2023-04-22,2023-05-01,2023-05-04,2023-05-07,2023-05-07,Closed,Construction Manager,Engineer,1,0,No,0,0,No,0,0,No,5,4
RFI-00897,PRJ-024,RFI-0001,Plumbing Design Clarification - Area B7,Plumbing,Medium,Design Clarification,2024-05-01,2024-05-11,2024-05-16,2024-05-17,2024-05-21,Closed,Subcontractor,Engineer,1,0,No,0,0,No,0,0,No,6,4
RFI-00898,PRJ-024,RFI-0002,Mechanical Missing Information - Area C12,Mechanical,Medium,Missing Information,2022-10-15,2022-10-26,2022-11-01,2022-11-04,,Answered,Subcontractor,Engineer,1,0,Yes,34000,35000,Yes,13,14,Yes,0,3
RFI-00899,PRJ-024,RFI-0003,Mechanical Missing Information - Area E11,Mechanical,Low,Missing Information,2024-07-26,2024-08-08,2024-08-11,2024-08-13,,Answered,General Contractor,Engineer,1,0,No,0,0,Yes,1,1,Yes,1,4
RFI-00900,PRJ-024,RFI-0004,Electrical Substitution Request - Area C6,Electrical,Medium,Substitution Request,2023-04-18,2023-04-27,2023-04-30,2023-04-30,,Answered,Subcontractor,Engineer,0,0,No,0,0,No,0,0,No,6,5
RFI-00901,PRJ-024,RFI-0005,Controls Coordination Conflict - Area E1,Controls,High,Coordination Conflict,2023-07-25,2023-07-29,2023-08-13,2023-08-13,2023-08-13,Closed,Subcontractor,Engineer,0,0,No,0,0,Yes,4,3,Yes,3,5
RFI-00902,PRJ-024,RFI-0006,Electrical Design Clarification - Area B7,Electrical,High,Design Clarification,2024-04-17,2024-04-23,2024-05-05,2024-05-05,2024-05-07,Closed,General Contractor,Engineer,0,0,No,0,0,Yes,2,3,No,3,3
RFI-00903,PRJ-024,RFI-0007,Fire Protection Field Condition - Area C5,Fire Protection,Medium,Field Condition,2023-05-28,2023-06-07,2023-06-17,2023-06-17,2023-06-18,Closed,Construction Manager,Engineer,0,1,Yes,4800,6800,No,0,0,No,5,4
RFI-00904,PRJ-024,RFI-0008,Architectural Coordination Conflict - Area A11,Architectural,Medium,Coordination Conflict,2023-08-25,2023-09-03,2023-09-01,2023-09-01,,Answered,Subcontractor,Architect,0,0,No,0,0,No,0,0,No,5,5
RFI-00905,PRJ-024,RFI-0009,Mechanical Missing Information - Area C9,Mechanical,High,Missing Information,2023-02-18,2023-02-25,2023-03-08,2023-03-08,2023-03-12,Closed,Subcontractor,Owner Representative,0,0,Yes,411000,500000,Yes,5,6,No,3,5
RFI-00906,PRJ-024,RFI-0010,Architectural Missing Information - Area E3,Architectural,Medium,Missing Information,2023-01-27,2023-02-07,2023-02-08,2023-02-09,2023-02-09,Closed,General Contractor,Architect,1,0,No,0,0,No,0,0,No,6,3
RFI-00907,PRJ-024,RFI-0011,Civil Design Clarification - Area E12,Civil,Medium,Design Clarification,2023-02-08,2023-02-20,2023-02-23,2023-02-24,2023-02-24,Closed,General Contractor,Engineer,1,0,No,0,0,No,0,0,No,1,5
RFI-00908,PRJ-024,RFI-0012,Fire Protection Design Clarification - Area C10,Fire Protection,Medium,Design Clarification,2023-10-25,2023-11-05,2023-11-07,2023-11-07,,Answered,Subcontractor,Engineer,0,0,No,0,0,No,0,0,No,0,5
RFI-00909,PRJ-024,RFI-0013,Plumbing Constructability - Area C9,Plumbing,High,Constructability,2024-02-08,2024-02-13,2024-02-15,2024-02-15,2024-02-16,Closed,Subcontractor,Engineer,0,0,No,0,0,No,0,0,No,6,5
RFI-00910,PRJ-024,RFI-0014,General Coordination Conflict - Area C12,General,Medium,Coordination Conflict,2024-08-01,2024-08-13,2024-08-09,2024-08-09,2024-08-09,Closed,Construction Manager,Construction Manager,0,0,Yes,19000,24000,No,0,0,Yes,1,4
RFI-00911,PRJ-024,RFI-0015,Electrical Substitution Request - Area C6,Electrical,High,Substitution Request,2024-05-08,2024-05-14,2024-05-26,2024-05-30,2024-05-30,Closed,Construction Manager,Engineer,1,0,Yes,20000,18000,No,0,0,No,6,4
RFI-00912,PRJ-024,RFI-0016,Plumbing Constructability - Area A4,Plumbing,Low,Constructability,2022-11-03,2022-11-16,2022-11-17,2022-11-17,2022-11-18,Closed,Construction Manager,Engineer,0,0,No,0,0,No,0,0,No,0,5
RFI-00913,PRJ-024,RFI-0017,Mechanical Coordination Conflict - Area A9,Mechanical,Medium,Coordination Conflict,2023-11-05,2023-11-15,2023-12-05,2023-12-05,2023-12-06,Closed,Subcontractor,Engineer,0,0,Yes,3700,4300,Yes,5,5,No,4,2
RFI-00914,PRJ-024,RFI-0018,Electrical Coordination Conflict - Area C2,Electrical,High,Coordination Conflict,2023-08-02,2023-08-09,2023-08-10,2023-08-10,2023-08-10,Closed,Subcontractor,Owner Representative,0,0,Yes,61000,51000,No,0,0,Yes,3,5
RFI-00915,PRJ-024,RFI-0019,Architectural Field Condition - Area D7,Architectural,Medium,Field Condition,2022-12-05,2022-12-15,2022-12-26,2022-12-27,2022-12-29,Closed,General Contractor,Architect,1,0,No,0,0,No,0,0,No,1,5
RFI-00916,PRJ-024,RFI-0020,Architectural Coordination Conflict - Area D7,Architectural,Medium,Coordination Conflict,2023-03-18,2023-03-29,2023-03-31,2023-03-31,,Answered,Subcontractor,Architect,0,0,No,0,0,No,0,0,No,0,4
RFI-00917,PRJ-024,RFI-0021,Electrical Constructability - Area E3,Electrical,Medium,Constructability,2023-06-06,2023-06-18,2023-06-19,2023-06-22,2023-06-26,Closed,General Contractor,Owner Representative,1,0,No,0,0,No,0,0,No,6,5
RFI-00918,PRJ-024,RFI-0022,Plumbing Field Condition - Area A4,Plumbing,Medium,Field Condition,2023-05-21,2023-05-30,2023-05-31,2023-05-31,2023-05-31,Closed,General Contractor,Engineer,0,0,No,0,0,No,0,0,No,2,5
RFI-00919,PRJ-024,RFI-0023,Electrical Coordination Conflict - Area C4,Electrical,High,Coordination Conflict,2022-12-13,2022-12-17,2023-01-10,2023-01-11,,Answered,General Contractor,Engineer,1,0,Yes,19000,27000,No,0,0,Yes,6,2
RFI-00920,PRJ-024,RFI-0024,Mechanical Substitution Request - Area B3,Mechanical,Low,Substitution Request,2024-04-14,2024-04-29,2024-04-28,2024-04-28,,Answered,Subcontractor,Engineer,0,0,No,0,0,No,0,0,No,6,4
RFI-00921,PRJ-024,RFI-0025,General Field Condition - Area C1,General,Medium,Field Condition,2024-03-29,2024-04-07,2024-04-03,2024-04-03,2024-04-03,Closed,Subcontractor,Construction Manager,0,0,No,0,0,No,0,0,No,5,4
RFI-00922,PRJ-024,RFI-0026,Electrical Coordination Conflict - Area E5,Electrical,Medium,Coordination Conflict,2023-10-23,2023-11-02,2023-11-05,2023-11-05,,Answered,Construction Manager,Engineer,0,0,Yes,4200,5500,No,0,0,Yes,2,4
RFI-00923,PRJ-024,RFI-0027,Plumbing Coordination Conflict - Area D2,Plumbing,Low,Coordination Conflict,2023-11-08,2023-11-22,2023-11-27,2023-11-27,2023-11-29,Closed,General Contractor,Engineer,0,0,No,0,0,No,0,0,No,4,5
RFI-00924,PRJ-024,RFI-0028,General Code Compliance - Area D8,General,Medium,Code Compliance,2022-11-15,2022-11-27,2022-11-27,2022-11-27,2022-11-27,Closed,Subcontractor,Construction Manager,0,0,No,0,0,No,0,0,No,5,5
RFI-00925,PRJ-024,RFI-0029,Electrical Missing Information - Area A6,Electrical,Critical,Missing Information,2022-12-12,2022-12-17,2022-12-21,2022-12-22,2022-12-26,Closed,Subcontractor,Engineer,1,0,No,0,0,No,0,0,No,6,4
RFI-00926,PRJ-024,RFI-0030,Electrical Substitution Request - Area C12,Electrical,High,Substitution Request,2023-04-09,2023-04-14,2023-04-17,2023-04-21,2023-04-22,Closed,General Contractor,Engineer,1,0,Yes,33000,25000,Yes,4,3,Yes,6,4
RFI-00927,PRJ-024,RFI-0031,Controls Design Clarification - Area B7,Controls,High,Design Clarification,2023-11-17,2023-11-23,2023-11-29,2023-12-01,,Answered,Subcontractor,Owner Representative,1,0,Yes,55000,47000,Yes,5,3,Yes,5,4
RFI-00928,PRJ-024,RFI-0032,Civil Design Clarification - Area B4,Civil,Critical,Design Clarification,2023-06-13,2023-06-18,2023-06-16,2023-06-16,,Answered,Subcontractor,Engineer,0,0,No,0,0,No,0,0,No,5,5
RFI-00929,PRJ-024,RFI-0033,Structural Coordination Conflict - Area C7,Structural,Medium,Coordination Conflict,2024-04-09,2024-04-21,2024-04-16,2024-04-16,,Answered,Subcontractor,Engineer,0,0,No,0,0,No,0,0,No,6,4
RFI-00930,PRJ-024,RFI-0034,Architectural Design Clarification - Area D2,Architectural,High,Design Clarification,2023-10-19,2023-10-26,2023-10-29,2023-10-29,2023-11-02,Closed,Subcontractor,Owner Representative,0,0,No,0,0,No,0,0,No,5,4
RFI-00931,PRJ-024,RFI-0035,Architectural Substitution Request - Area D2,Architectural,Critical,Substitution Request,2024-02-12,2024-02-16,2024-02-25,2024-02-25,2024-02-27,Closed,Construction Manager,Owner Representative,0,0,No,0,0,Yes,7,5,No,0,5
RFI-00932,PRJ-025,RFI-0001,Electrical Coordination Conflict - Area A9,Electrical,Low,Coordination Conflict,2023-11-05,2023-11-19,,,,Awaiting Owner,General Contractor,Engineer,1,0,Yes,4600,6200,Yes,1,1,Yes,3,1
RFI-00933,PRJ-025,RFI-0002,Civil Coordination Conflict - Area C4,Civil,Medium,Coordination Conflict,2024-04-12,2024-04-22,2024-05-02,2024-05-02,2024-05-05,Closed,Subcontractor,Engineer,0,0,No,0,0,No,0,0,No,1,4
RFI-00934,PRJ-025,RFI-0003,General Coordination Conflict - Area B2,General,Medium,Coordination Conflict,2024-06-24,2024-07-04,2024-07-11,2024-07-13,2024-07-13,Closed,Subcontractor,Construction Manager,1,0,Yes,8100,8200,No,0,0,Yes,0,4
RFI-00935,PRJ-025,RFI-0004,General Coordination Conflict - Area C9,General,Medium,Coordination Conflict,2024-02-12,2024-02-21,2024-03-05,2024-03-08,2024-03-09,Closed,Construction Manager,Construction Manager,1,0,Yes,9400,8500,No,0,0,Yes,5,2
RFI-00936,PRJ-025,RFI-0005,Structural Field Condition - Area A7,Structural,High,Field Condition,2023-11-27,2023-12-03,2023-12-25,2023-12-25,,Answered,Subcontractor,Engineer,0,0,No,0,0,No,0,0,No,3,4
RFI-00937,PRJ-025,RFI-0006,Plumbing Substitution Request - Area E10,Plumbing,Medium,Substitution Request,2024-01-07,2024-01-17,2024-01-28,2024-01-28,2024-01-31,Closed,General Contractor,Engineer,0,0,Yes,13000,13000,No,0,0,Yes,5,5
RFI-00938,PRJ-025,RFI-0007,Plumbing Constructability - Area A12,Plumbing,Medium,Constructability,2024-07-02,2024-07-13,2024-07-12,2024-07-12,2024-07-12,Closed,Construction Manager,Engineer,0,0,No,0,0,No,0,0,No,6,5
RFI-00939,PRJ-025,RFI-0008,Mechanical Missing Information - Area C9,Mechanical,High,Missing Information,2023-09-17,2023-09-22,2023-10-04,2023-10-04,2023-10-08,Closed,Subcontractor,Engineer,0,0,No,0,0,No,0,0,No,4,4
RFI-00940,PRJ-025,RFI-0009,Electrical Coordination Conflict - Area A4,Electrical,Medium,Coordination Conflict,2024-04-22,2024-05-02,2024-05-10,2024-05-10,2024-05-14,Closed,Subcontractor,Engineer,0,0,No,0,0,No,0,0,No,5,4
RFI-00941,PRJ-025,RFI-0010,General Field Condition - Area D9,General,Medium,Field Condition,2023-09-28,2023-10-08,,,,Awaiting Owner,General Contractor,Construction Manager,1,0,Yes,5900,5400,No,0,0,Yes,6,4
RFI-00942,PRJ-025,RFI-0011,Specialty Systems Design Clarification - Area A7,Specialty Systems,Medium,Design Clarification,2023-10-19,2023-10-28,2023-11-06,2023-11-09,2023-11-13,Closed,General Contractor,Owner Representative,1,0,Yes,12000,16000,Yes,6,4,No,4,3
RFI-00943,PRJ-025,RFI-0012,Architectural Design Clarification - Area E10,Architectural,High,Design Clarification,2023-09-11,2023-09-15,,,,Open,Subcontractor,Architect,0,0,No,0,0,No,0,0,No,6,5
RFI-00944,PRJ-025,RFI-0013,General Substitution Request - Area B1,General,Medium,Substitution Request,2024-05-27,2024-06-06,2024-06-16,2024-06-16,2024-06-20,Closed,Subcontractor,Construction Manager,0,1,No,0,0,No,0,0,No,5,5
RFI-00945,PRJ-025,RFI-0014,Specialty Systems Missing Information - Area D1,Specialty Systems,Medium,Missing Information,2024-06-25,2024-07-06,2024-07-11,2024-07-11,2024-07-14,Closed,Construction Manager,Design Manager,0,0,No,0,0,No,0,0,No,0,4
RFI-00946,PRJ-025,RFI-0015,General Field Condition - Area D11,General,High,Field Condition,2024-07-05,2024-07-09,2024-07-14,2024-07-14,,Answered,Construction Manager,Construction Manager,0,0,No,0,0,Yes,1,1,No,1,5
RFI-00947,PRJ-025,RFI-0016,Structural Coordination Conflict - Area E10,Structural,Medium,Coordination Conflict,2024-01-30,2024-02-10,2024-02-14,2024-02-14,,Answered,General Contractor,Engineer,0,0,No,0,0,No,0,0,No,0,5
RFI-00948,PRJ-025,RFI-0017,General Coordination Conflict - Area A7,General,Low,Coordination Conflict,2024-01-09,2024-01-25,2024-01-30,,,Awaiting Designer,Subcontractor,Construction Manager,1,0,Yes,23000,29000,Yes,1,1,Yes,6,4
RFI-00949,PRJ-025,RFI-0018,Architectural Field Condition - Area E2,Architectural,Medium,Field Condition,2024-04-18,2024-04-30,2024-05-03,2024-05-07,2024-05-11,Closed,General Contractor,Architect,1,0,No,0,0,No,0,0,No,0,5
RFI-00950,PRJ-025,RFI-0019,Plumbing Field Condition - Area B4,Plumbing,Medium,Field Condition,2024-04-02,2024-04-13,,,,Open,Subcontractor,Engineer,0,0,No,0,0,No,0,0,No,0,4
RFI-00951,PRJ-025,RFI-0020,Structural Code Compliance - Area C2,Structural,Medium,Code Compliance,2024-07-10,2024-07-20,2024-07-28,2024-07-28,2024-07-30,Closed,General Contractor,Engineer,0,0,No,0,0,No,0,0,No,4,4
RFI-00952,PRJ-025,RFI-0021,Architectural Design Clarification - Area C4,Architectural,High,Design Clarification,2024-02-03,2024-02-09,2024-02-12,2024-02-12,,Answered,Subcontractor,Architect,0,0,No,0,0,No,0,0,No,5,5
RFI-00953,PRJ-025,RFI-0022,Architectural Design Clarification - Area B9,Architectural,Medium,Design Clarification,2024-07-17,2024-07-27,2024-08-04,2024-08-07,2024-08-11,Closed,General Contractor,Architect,1,0,Yes,14000,13000,No,0,0,Yes,1,3
RFI-00954,PRJ-025,RFI-0023,Civil Design Clarification - Area E5,Civil,Medium,Design Clarification,2024-03-21,2024-04-01,2024-04-01,2024-04-01,,Answered,General Contractor,Owner Representative,0,0,No,0,0,No,0,0,No,3,5
RFI-00955,PRJ-025,RFI-0024,Electrical Coordination Conflict - Area A5,Electrical,Critical,Coordination Conflict,2024-01-31,2024-02-05,2024-02-18,2024-02-18,2024-02-19,Closed,General Contractor,Engineer,0,0,Yes,31000,45000,No,0,0,Yes,3,3
RFI-00956,PRJ-025,RFI-0025,Architectural Field Condition - Area C11,Architectural,Medium,Field Condition,2024-07-22,2024-08-03,2024-07-28,2024-07-28,,Answered,General Contractor,Owner Representative,0,0,No,0,0,No,0,0,No,0,5
RFI-00957,PRJ-025,RFI-0026,Architectural Design Clarification - Area B9,Architectural,Medium,Design Clarification,2024-01-24,2024-02-02,2024-02-01,2024-02-01,,Answered,Construction Manager,Architect,0,0,No,0,0,No,0,0,No,6,4
RFI-00958,PRJ-025,RFI-0027,Mechanical Missing Information - Area D1,Mechanical,High,Missing Information,2024-06-20,2024-06-26,2024-07-13,2024-07-14,2024-07-15,Closed,Construction Manager,Engineer,1,0,Yes,7600,9800,No,0,0,No,3,3
RFI-00959,PRJ-025,RFI-0028,Civil Design Clarification - Area C8,Civil,Medium,Design Clarification,2024-04-19,2024-04-28,2024-04-26,2024-04-26,2024-04-29,Closed,Subcontractor,Owner Representative,0,0,No,0,0,No,0,0,No,4,5
RFI-00960,PRJ-025,RFI-0029,Architectural Design Clarification - Area E2,Architectural,Medium,Design Clarification,2024-08-10,2024-08-19,2024-08-30,2024-08-30,2024-09-03,Closed,Construction Manager,Architect,0,0,No,0,0,No,0,0,No,0,5
RFI-00961,PRJ-025,RFI-0030,Structural Coordination Conflict - Area E10,Structural,Medium,Coordination Conflict,2024-02-24,2024-03-07,2024-03-22,,,In Review,Subcontractor,Engineer,0,0,No,0,0,No,0,0,No,5,4
RFI-00962,PRJ-025,RFI-0031,Plumbing Design Clarification - Area B10,Plumbing,Medium,Design Clarification,2023-11-14,2023-11-25,2023-11-30,2023-11-30,2023-12-01,Closed,Construction Manager,Engineer,0,0,Yes,29000,22000,No,0,0,No,5,4
RFI-00963,PRJ-025,RFI-0032,Specialty Systems Design Clarification - Area E12,Specialty Systems,Medium,Design Clarification,2024-06-13,2024-06-24,2024-07-08,2024-07-09,2024-07-13,Closed,Subcontractor,Design Manager,1,0,No,0,0,No,0,0,No,3,2
RFI-00964,PRJ-025,RFI-0033,Fire Protection Constructability - Area D9,Fire Protection,High,Constructability,2024-03-24,2024-03-28,2024-03-28,2024-03-28,2024-03-31,Closed,Subcontractor,Engineer,0,0,Yes,7600,11000,No,0,0,No,6,5
RFI-00965,PRJ-025,RFI-0034,Architectural Missing Information - Area E11,Architectural,Medium,Missing Information,2024-02-17,2024-02-28,2024-02-28,,,In Review,General Contractor,Architect,1,0,Yes,17000,16000,No,0,0,No,1,4
RFI-00966,PRJ-025,RFI-0035,Architectural Design Clarification - Area C1,Architectural,Medium,Design Clarification,2024-05-25,2024-06-06,,,,Returned for Clarification,General Contractor,Architect,0,0,No,0,0,No,0,0,No,5,5
RFI-00967,PRJ-025,RFI-0036,Civil Field Condition - Area E2,Civil,Medium,Field Condition,2023-12-14,2023-12-25,,,,Returned for Clarification,Subcontractor,Owner Representative,0,0,No,0,0,No,0,0,No,1,5
RFI-00968,PRJ-025,RFI-0037,Mechanical Code Compliance - Area D7,Mechanical,Low,Code Compliance,2023-12-16,2024-01-01,2024-01-21,2024-01-21,2024-01-21,Closed,Construction Manager,Engineer,0,0,No,0,0,Yes,1,1,No,0,4
RFI-00969,PRJ-025,RFI-0038,Electrical Field Condition - Area D8,Electrical,Low,Field Condition,2024-07-04,2024-07-18,2024-07-18,2024-07-22,2024-07-22,Closed,Subcontractor,Engineer,1,0,No,0,0,No,0,0,No,6,4
RFI-00970,PRJ-025,RFI-0039,Structural Missing Information - Area C1,Structural,Critical,Missing Information,2023-12-13,2023-12-15,2023-12-23,2023-12-23,2023-12-27,Closed,General Contractor,Engineer,0,0,Yes,17000,25000,No,0,0,Yes,6,5
RFI-00971,PRJ-025,RFI-0040,Architectural Coordination Conflict - Area A7,Architectural,Medium,Coordination Conflict,2024-03-13,2024-03-22,2024-03-31,2024-03-31,2024-04-03,Closed,General Contractor,Owner Representative,0,0,Yes,4600,5700,No,0,0,No,6,5
RFI-00972,PRJ-026,RFI-0001,Architectural Design Clarification - Area A9,Architectural,Medium,Design Clarification,2025-01-16,2025-01-26,2025-01-18,2025-01-18,2025-01-18,Closed,Subcontractor,Architect,0,0,No,0,0,No,0,0,No,5,5
RFI-00973,PRJ-026,RFI-0002,Structural Coordination Conflict - Area D10,Structural,Medium,Coordination Conflict,2024-03-17,2024-03-26,2024-03-27,2024-03-27,2024-03-29,Closed,Subcontractor,Owner Representative,0,0,No,0,0,No,0,0,No,2,5
RFI-00974,PRJ-026,RFI-0003,Mechanical Design Clarification - Area E12,Mechanical,High,Design Clarification,2024-08-15,2024-08-21,2024-08-24,2024-08-24,2024-08-27,Closed,General Contractor,Engineer,0,0,No,0,0,No,0,0,No,1,4
RFI-00975,PRJ-026,RFI-0004,Electrical Design Clarification - Area B12,Electrical,Medium,Design Clarification,2024-04-12,2024-04-23,2024-04-16,2024-04-16,,Answered,Subcontractor,Engineer,0,0,No,0,0,No,0,0,No,0,5
RFI-00976,PRJ-026,RFI-0005,Specialty Systems Coordination Conflict - Area D9,Specialty Systems,Medium,Coordination Conflict,2023-11-02,2023-11-13,2023-11-07,2023-11-07,2023-11-08,Closed,Subcontractor,Design Manager,0,0,No,0,0,No,0,0,No,0,5
RFI-00977,PRJ-026,RFI-0006,Mechanical Missing Information - Area C6,Mechanical,High,Missing Information,2024-02-15,2024-02-20,2024-02-20,,,In Review,General Contractor,Engineer,0,0,No,0,0,No,0,0,No,1,5
RFI-00978,PRJ-026,RFI-0007,Mechanical Constructability - Area E1,Mechanical,Medium,Constructability,2025-09-20,2025-10-01,2025-09-29,2025-10-03,2025-10-03,Closed,Subcontractor,Engineer,1,0,No,0,0,No,0,0,No,2,4
RFI-00979,PRJ-026,RFI-0008,Specialty Systems Design Clarification - Area E7,Specialty Systems,Medium,Design Clarification,2024-04-24,2024-05-04,2024-04-29,2024-04-29,2024-05-01,Closed,Subcontractor,Design Manager,0,0,No,0,0,No,0,0,No,0,4
RFI-00980,PRJ-026,RFI-0009,Structural Substitution Request - Area D2,Structural,Medium,Substitution Request,2024-02-15,2024-02-24,2024-02-20,2024-02-20,2024-02-22,Closed,General Contractor,Owner Representative,0,0,No,0,0,No,0,0,No,5,5
RFI-00981,PRJ-026,RFI-0010,Mechanical Design Clarification - Area A10,Mechanical,High,Design Clarification,2025-09-22,2025-09-26,2025-09-24,2025-09-24,2025-09-25,Closed,General Contractor,Engineer,0,0,No,0,0,Yes,5,7,Yes,6,5
RFI-00982,PRJ-026,RFI-0011,Civil Constructability - Area C12,Civil,Medium,Constructability,2024-05-27,2024-06-05,,,,In Review,General Contractor,Engineer,0,0,No,0,0,No,0,0,No,4,5
RFI-00983,PRJ-026,RFI-0012,Plumbing Field Condition - Area A11,Plumbing,Medium,Field Condition,2025-01-10,2025-01-21,2025-01-12,2025-01-12,2025-01-14,Closed,Subcontractor,Engineer,0,0,No,0,0,No,0,0,No,3,5
RFI-00984,PRJ-026,RFI-0013,Plumbing Constructability - Area E3,Plumbing,Medium,Constructability,2024-12-24,2025-01-03,2024-12-27,2024-12-27,2024-12-28,Closed,General Contractor,Engineer,0,0,No,0,0,No,0,0,No,3,5
RFI-00985,PRJ-026,RFI-0014,Plumbing Code Compliance - Area E5,Plumbing,High,Code Compliance,2025-03-06,2025-03-10,2025-03-08,2025-03-08,2025-03-08,Closed,General Contractor,Engineer,0,0,No,0,0,No,0,0,No,1,5
RFI-00986,PRJ-026,RFI-0015,Civil Substitution Request - Area E5,Civil,High,Substitution Request,2023-11-08,2023-11-15,2023-11-12,2023-11-12,2023-11-14,Closed,Subcontractor,Engineer,0,0,No,0,0,No,0,0,No,0,5
RFI-00987,PRJ-026,RFI-0016,Controls Code Compliance - Area D4,Controls,Medium,Code Compliance,2024-05-15,2024-05-25,2024-05-18,2024-05-18,2024-05-18,Closed,Subcontractor,Engineer,0,0,No,0,0,No,0,0,No,1,5
RFI-00988,PRJ-026,RFI-0017,Electrical Design Clarification - Area A11,Electrical,Medium,Design Clarification,2024-04-29,2024-05-10,2024-05-12,2024-05-12,2024-05-13,Closed,Subcontractor,Engineer,0,0,No,0,0,No,0,0,No,1,5
RFI-00989,PRJ-027,RFI-0001,Architectural Field Condition - Area A12,Architectural,Medium,Field Condition,2022-06-10,2022-06-22,2022-06-23,2022-06-23,2022-06-27,Closed,Subcontractor,Architect,0,0,No,0,0,Yes,2,2,Yes,1,5
RFI-00990,PRJ-027,RFI-0002,Mechanical Coordination Conflict - Area D2,Mechanical,Low,Coordination Conflict,2022-05-24,2022-06-08,2022-06-03,2022-06-03,2022-06-05,Closed,Subcontractor,Engineer,0,0,No,0,0,No,0,0,No,5,4
RFI-00991,PRJ-027,RFI-0003,Architectural Field Condition - Area A7,Architectural,High,Field Condition,2022-03-01,2022-03-06,2022-03-09,2022-03-09,2022-03-10,Closed,General Contractor,Architect,0,0,No,0,0,No,0,0,No,0,5
RFI-00992,PRJ-027,RFI-0004,Architectural Coordination Conflict - Area D4,Architectural,Medium,Coordination Conflict,2022-02-16,2022-02-28,2022-03-07,2022-03-07,2022-03-07,Closed,Subcontractor,Architect,0,0,Yes,39000,48000,No,0,0,Yes,4,3
RFI-00993,PRJ-027,RFI-0005,Mechanical Code Compliance - Area C6,Mechanical,Low,Code Compliance,2022-04-14,2022-04-28,2022-04-26,2022-04-26,2022-04-30,Closed,Subcontractor,Owner Representative,0,0,Yes,4000,4600,No,0,0,No,3,5
RFI-00994,PRJ-027,RFI-0006,Structural Design Clarification - Area A2,Structural,Medium,Design Clarification,2022-03-20,2022-03-31,2022-04-09,2022-04-09,2022-04-12,Closed,Subcontractor,Engineer,0,1,No,0,0,No,0,0,No,1,5
RFI-00995,PRJ-027,RFI-0007,General Substitution Request - Area A7,General,Medium,Substitution Request,2022-01-23,2022-02-02,2022-02-04,2022-02-07,,Answered,Construction Manager,Construction Manager,1,0,Yes,9300,7700,No,0,0,Yes,4,5
RFI-00996,PRJ-027,RFI-0008,Architectural Missing Information - Area A9,Architectural,Medium,Missing Information,2022-02-08,2022-02-19,2022-02-27,2022-02-27,2022-02-28,Closed,General Contractor,Architect,0,1,No,0,0,No,0,0,No,4,5
RFI-00997,PRJ-027,RFI-0009,Plumbing Field Condition - Area A9,Plumbing,Medium,Field Condition,2022-07-12,2022-07-21,2022-07-18,2022-07-18,2022-07-19,Closed,General Contractor,Engineer,0,0,No,0,0,No,0,0,No,4,5
RFI-00998,PRJ-027,RFI-0010,Architectural Field Condition - Area B11,Architectural,High,Field Condition,2022-07-11,2022-07-17,2022-07-18,2022-07-18,2022-07-18,Closed,General Contractor,Architect,0,0,No,0,0,Yes,15,16,Yes,1,5
RFI-00999,PRJ-027,RFI-0011,Specialty Systems Coordination Conflict - Area C4,Specialty Systems,Low,Coordination Conflict,2022-07-03,2022-07-16,2022-07-17,2022-07-18,2022-07-19,Closed,General Contractor,Design Manager,1,0,No,0,0,No,0,0,No,1,4
RFI-01000,PRJ-027,RFI-0012,Plumbing Design Clarification - Area C6,Plumbing,Medium,Design Clarification,2022-04-11,2022-04-21,2022-04-21,2022-04-21,,Answered,Construction Manager,Engineer,0,0,No,0,0,No,0,0,No,2,5
RFI-01001,PRJ-027,RFI-0013,Mechanical Missing Information - Area B6,Mechanical,High,Missing Information,2022-06-02,2022-06-07,2022-06-10,2022-06-14,2022-06-15,Closed,General Contractor,Engineer,1,0,Yes,52000,73000,No,0,0,No,1,4
RFI-01002,PRJ-027,RFI-0014,Civil Design Clarification - Area B11,Civil,Medium,Design Clarification,2022-06-05,2022-06-14,2022-06-10,2022-06-10,2022-06-14,Closed,General Contractor,Engineer,0,0,No,0,0,No,0,0,No,6,5
RFI-01003,PRJ-027,RFI-0015,Specialty Systems Field Condition - Area B2,Specialty Systems,Low,Field Condition,2022-04-12,2022-04-25,2022-04-19,2022-04-19,,Answered,Subcontractor,Design Manager,0,0,Yes,15000,14000,No,0,0,No,1,5
RFI-01004,PRJ-027,RFI-0016,Specialty Systems Coordination Conflict - Area D3,Specialty Systems,Low,Coordination Conflict,2022-04-15,2022-04-28,,,,Open,Subcontractor,Design Manager,0,0,Yes,7100,6900,No,0,0,Yes,2,5
RFI-01005,PRJ-027,RFI-0017,Plumbing Design Clarification - Area C2,Plumbing,Critical,Design Clarification,2022-02-16,2022-02-20,2022-02-20,2022-02-24,,Answered,General Contractor,Engineer,1,0,Yes,45000,37000,Yes,3,3,Yes,6,4
RFI-01006,PRJ-027,RFI-0018,Plumbing Constructability - Area C10,Plumbing,Medium,Constructability,2022-04-27,2022-05-09,2022-05-01,2022-05-01,,Answered,Construction Manager,Engineer,0,0,No,0,0,No,0,0,No,0,5
RFI-01007,PRJ-027,RFI-0019,Mechanical Code Compliance - Area D1,Mechanical,Medium,Code Compliance,2022-02-21,2022-03-03,2022-02-26,2022-02-26,2022-02-26,Closed,General Contractor,Engineer,0,0,No,0,0,Yes,4,6,No,1,5
RFI-01008,PRJ-027,RFI-0020,Mechanical Field Condition - Area E1,Mechanical,Medium,Field Condition,2022-06-24,2022-07-04,2022-07-05,2022-07-09,2022-07-10,Closed,General Contractor,Engineer,1,1,No,0,0,No,0,0,No,3,4
RFI-01009,PRJ-027,RFI-0021,Mechanical Design Clarification - Area A3,Mechanical,High,Design Clarification,2022-06-20,2022-06-24,2022-07-03,2022-07-03,2022-07-03,Closed,Subcontractor,Owner Representative,0,0,Yes,6100,8800,No,0,0,Yes,1,4
RFI-01010,PRJ-027,RFI-0022,Specialty Systems Substitution Request - Area D1,Specialty Systems,Medium,Substitution Request,2022-04-13,2022-04-24,2022-04-25,2022-04-25,2022-04-26,Closed,Subcontractor,Design Manager,0,0,No,0,0,No,0,0,No,1,5
RFI-01011,PRJ-027,RFI-0023,Plumbing Coordination Conflict - Area E8,Plumbing,High,Coordination Conflict,2022-04-14,2022-04-20,2022-04-24,2022-04-25,,Answered,Subcontractor,Engineer,1,0,No,0,0,No,0,0,No,5,5
RFI-01012,PRJ-027,RFI-0024,Civil Design Clarification - Area E9,Civil,Medium,Design Clarification,2022-03-25,2022-04-03,2022-04-03,2022-04-03,2022-04-04,Closed,Subcontractor,Engineer,0,0,No,0,0,No,0,0,No,1,5
RFI-01013,PRJ-027,RFI-0025,General Coordination Conflict - Area A8,General,Low,Coordination Conflict,2022-05-21,2022-06-03,2022-05-29,2022-05-29,,Answered,General Contractor,Construction Manager,0,0,No,0,0,No,0,0,No,6,5
RFI-01014,PRJ-027,RFI-0026,Fire Protection Design Clarification - Area D7,Fire Protection,Medium,Design Clarification,2022-03-18,2022-03-28,2022-03-27,2022-03-29,2022-03-29,Closed,Subcontractor,Engineer,1,0,No,0,0,Yes,1,1,Yes,0,4
RFI-01015,PRJ-027,RFI-0027,Plumbing Missing Information - Area D2,Plumbing,Medium,Missing Information,2022-06-23,2022-07-03,,,,Awaiting Owner,General Contractor,Engineer,1,0,No,0,0,Yes,2,2,No,0,4
RFI-01016,PRJ-027,RFI-0028,General Field Condition - Area B5,General,Medium,Field Condition,2022-05-26,2022-06-07,2022-06-03,2022-06-05,2022-06-08,Closed,General Contractor,Construction Manager,1,0,No,0,0,No,0,0,No,3,5
RFI-01017,PRJ-027,RFI-0029,Fire Protection Missing Information - Area B5,Fire Protection,Medium,Missing Information,2022-03-16,2022-03-27,2022-03-31,2022-03-31,2022-04-04,Closed,Construction Manager,Owner Representative,0,0,No,0,0,Yes,3,2,Yes,3,4
RFI-01018,PRJ-027,RFI-0030,Electrical Design Clarification - Area D7,Electrical,Low,Design Clarification,2022-03-10,2022-03-23,2022-03-19,2022-03-19,2022-03-20,Closed,General Contractor,Engineer,0,0,Yes,14000,13000,No,0,0,Yes,6,5
RFI-01019,PRJ-027,RFI-0031,Electrical Design Clarification - Area A8,Electrical,Low,Design Clarification,2022-06-16,2022-06-30,2022-07-10,2022-07-10,,Answered,Subcontractor,Engineer,0,0,No,0,0,No,0,0,No,0,4
RFI-01020,PRJ-027,RFI-0032,Structural Missing Information - Area A1,Structural,Low,Missing Information,2022-01-13,2022-01-29,2022-01-23,2022-01-23,2022-01-24,Closed,General Contractor,Engineer,0,0,No,0,0,No,0,0,No,1,4
RFI-01021,PRJ-027,RFI-0033,Structural Missing Information - Area A12,Structural,Medium,Missing Information,2022-06-28,2022-07-10,2022-07-06,2022-07-10,2022-07-12,Closed,Subcontractor,Engineer,1,0,Yes,40000,44000,No,0,0,Yes,3,5
RFI-01022,PRJ-027,RFI-0034,Electrical Field Condition - Area A5,Electrical,High,Field Condition,2022-05-07,2022-05-14,2022-05-16,2022-05-16,2022-05-19,Closed,General Contractor,Engineer,0,0,Yes,31000,39000,No,0,0,Yes,4,5
RFI-01023,PRJ-027,RFI-0035,Electrical Coordination Conflict - Area A5,Electrical,Medium,Coordination Conflict,2022-06-12,2022-06-24,2022-06-25,2022-06-25,2022-06-25,Closed,General Contractor,Engineer,0,1,No,0,0,No,0,0,No,2,5
RFI-01024,PRJ-027,RFI-0036,Electrical Field Condition - Area C8,Electrical,Low,Field Condition,2022-05-02,2022-05-15,2022-05-14,2022-05-14,,Answered,General Contractor,Engineer,0,0,No,0,0,No,0,0,No,1,5
RFI-01025,PRJ-027,RFI-0037,Electrical Coordination Conflict - Area D8,Electrical,Medium,Coordination Conflict,2022-05-08,2022-05-19,2022-05-17,2022-05-17,2022-05-21,Closed,Subcontractor,Engineer,0,0,No,0,0,No,0,0,No,4,5
RFI-01026,PRJ-027,RFI-0038,Architectural Design Clarification - Area E5,Architectural,Medium,Design Clarification,2022-06-11,2022-06-23,2022-06-21,2022-06-21,,Answered,Subcontractor,Architect,0,0,No,0,0,No,0,0,No,2,5
RFI-01027,PRJ-027,RFI-0039,Fire Protection Field Condition - Area C3,Fire Protection,Medium,Field Condition,2022-04-21,2022-05-03,2022-04-26,2022-04-27,2022-04-27,Closed,General Contractor,Engineer,1,0,No,0,0,No,0,0,No,6,4
RFI-01028,PRJ-027,RFI-0040,Architectural Constructability - Area C12,Architectural,Medium,Constructability,2022-04-17,2022-04-28,2022-04-21,2022-04-21,,Answered,Subcontractor,Architect,0,0,Yes,108000,96000,No,0,0,No,6,5
RFI-01029,PRJ-027,RFI-0041,Controls Coordination Conflict - Area B2,Controls,Low,Coordination Conflict,2022-03-24,2022-04-09,2022-04-03,2022-04-03,2022-04-06,Closed,Subcontractor,Engineer,0,0,No,0,0,No,0,0,No,2,5
RFI-01030,PRJ-027,RFI-0042,Electrical Design Clarification - Area C9,Electrical,High,Design Clarification,2022-07-04,2022-07-09,,,,Returned for Clarification,Subcontractor,Engineer,0,0,Yes,27000,27000,No,0,0,Yes,0,5
RFI-01031,PRJ-027,RFI-0043,General Field Condition - Area D11,General,Medium,Field Condition,2022-02-21,2022-03-02,2022-02-24,2022-02-24,2022-02-28,Closed,Subcontractor,Construction Manager,0,0,No,0,0,No,0,0,No,4,5
RFI-01032,PRJ-027,RFI-0044,Structural Field Condition - Area C10,Structural,High,Field Condition,2022-05-04,2022-05-08,2022-05-10,2022-05-10,2022-05-11,Closed,Subcontractor,Engineer,0,0,No,0,0,No,0,0,No,4,5
RFI-01033,PRJ-027,RFI-0045,Specialty Systems Design Clarification - Area A6,Specialty Systems,Medium,Design Clarification,2022-02-09,2022-02-21,2022-02-18,2022-02-18,2022-02-20,Closed,Construction Manager,Design Manager,0,0,No,0,0,No,0,0,No,2,5
RFI-01034,PRJ-027,RFI-0046,Structural Missing Information - Area E7,Structural,Medium,Missing Information,2022-03-24,2022-04-05,2022-03-31,,,Awaiting Designer,General Contractor,Engineer,0,0,No,0,0,No,0,0,No,0,5
RFI-01035,PRJ-027,RFI-0047,Controls Code Compliance - Area D5,Controls,Low,Code Compliance,2022-01-24,2022-02-09,2022-02-09,2022-02-09,2022-02-09,Closed,General Contractor,Engineer,0,0,No,0,0,No,0,0,No,1,5
RFI-01036,PRJ-027,RFI-0048,Architectural Field Condition - Area E7,Architectural,Medium,Field Condition,2022-04-04,2022-04-16,2022-04-07,2022-04-07,2022-04-10,Closed,General Contractor,Architect,0,0,No,0,0,No,0,0,No,3,5
RFI-01037,PRJ-027,RFI-0049,General Constructability - Area C12,General,High,Constructability,2022-05-31,2022-06-05,2022-06-07,2022-06-07,2022-06-11,Closed,Subcontractor,Construction Manager,0,0,Yes,48000,35000,No,0,0,Yes,2,4
RFI-01038,PRJ-027,RFI-0050,Specialty Systems Substitution Request - Area C3,Specialty Systems,Medium,Substitution Request,2022-04-02,2022-04-12,2022-04-21,2022-04-22,,Answered,Subcontractor,Design Manager,1,0,Yes,5500,6700,No,0,0,Yes,4,3
RFI-01039,PRJ-027,RFI-0051,Plumbing Design Clarification - Area B6,Plumbing,Medium,Design Clarification,2022-06-13,2022-06-23,2022-06-18,2022-06-18,2022-06-21,Closed,General Contractor,Engineer,0,0,No,0,0,No,0,0,No,0,5
RFI-01040,PRJ-027,RFI-0052,Electrical Design Clarification - Area B3,Electrical,Medium,Design Clarification,2022-07-11,2022-07-20,2022-07-26,2022-07-26,2022-07-28,Closed,General Contractor,Owner Representative,0,0,No,0,0,No,0,0,No,1,3
RFI-01041,PRJ-027,RFI-0053,Architectural Design Clarification - Area D10,Architectural,Medium,Design Clarification,2022-05-24,2022-06-04,2022-06-04,2022-06-04,2022-06-08,Closed,General Contractor,Architect,0,0,No,0,0,No,0,0,No,6,4
RFI-01042,PRJ-027,RFI-0054,Specialty Systems Missing Information - Area C12,Specialty Systems,Low,Missing Information,2022-06-13,2022-06-27,2022-06-30,2022-06-30,2022-07-03,Closed,Construction Manager,Design Manager,0,0,Yes,42000,61000,No,0,0,Yes,2,4
RFI-01043,PRJ-027,RFI-0055,Mechanical Design Clarification - Area A7,Mechanical,Medium,Design Clarification,2022-04-16,2022-04-26,2022-04-23,2022-04-23,2022-04-25,Closed,General Contractor,Engineer,0,0,No,0,0,No,0,0,No,5,5
RFI-01044,PRJ-027,RFI-0056,Fire Protection Coordination Conflict - Area C10,Fire Protection,Low,Coordination Conflict,2022-02-06,2022-02-19,2022-03-07,2022-03-11,2022-03-11,Closed,Subcontractor,Engineer,1,0,Yes,32000,42000,No,0,0,Yes,3,3
RFI-01045,PRJ-028,RFI-0001,Controls Field Condition - Area E6,Controls,High,Field Condition,2023-04-22,2023-04-29,2023-05-05,2023-05-05,2023-05-05,Closed,General Contractor,Engineer,0,0,No,0,0,No,0,0,No,2,5
RFI-01046,PRJ-028,RFI-0002,Electrical Coordination Conflict - Area B11,Electrical,Medium,Coordination Conflict,2022-06-25,2022-07-06,2022-07-01,2022-07-05,,Answered,Subcontractor,Engineer,1,0,Yes,99000,110000,No,0,0,Yes,0,3
RFI-01047,PRJ-028,RFI-0003,Plumbing Substitution Request - Area A12,Plumbing,Medium,Substitution Request,2022-12-29,2023-01-08,2023-01-09,2023-01-09,2023-01-12,Closed,General Contractor,Owner Representative,0,1,No,0,0,No,0,0,No,5,5
RFI-01048,PRJ-028,RFI-0004,Mechanical Constructability - Area A10,Mechanical,Low,Constructability,2023-02-14,2023-02-27,2023-02-22,2023-02-22,2023-02-25,Closed,General Contractor,Engineer,0,0,No,0,0,No,0,0,No,0,5
RFI-01049,PRJ-028,RFI-0005,Electrical Missing Information - Area D10,Electrical,Medium,Missing Information,2023-07-18,2023-07-28,,,,Returned for Clarification,General Contractor,Engineer,0,0,No,0,0,No,0,0,No,4,5
RFI-01050,PRJ-028,RFI-0006,Plumbing Field Condition - Area A11,Plumbing,Medium,Field Condition,2023-04-19,2023-04-30,2023-04-28,2023-04-29,2023-05-01,Closed,Construction Manager,Engineer,1,0,No,0,0,No,0,0,No,6,5
RFI-01051,PRJ-028,RFI-0007,Civil Constructability - Area B1,Civil,Medium,Constructability,2022-05-20,2022-05-31,2022-05-25,2022-05-25,2022-05-26,Closed,General Contractor,Engineer,0,0,No,0,0,No,0,0,No,0,5
RFI-01052,PRJ-028,RFI-0008,Architectural Missing Information - Area C4,Architectural,Medium,Missing Information,2023-07-29,2023-08-09,2023-08-07,2023-08-07,2023-08-09,Closed,Subcontractor,Architect,0,0,No,0,0,No,0,0,No,0,5
RFI-01053,PRJ-028,RFI-0009,Electrical Coordination Conflict - Area A5,Electrical,High,Coordination Conflict,2022-06-14,2022-06-19,2022-07-10,2022-07-10,2022-07-11,Closed,General Contractor,Engineer,0,0,Yes,34000,36000,No,0,0,No,1,4
RFI-01054,PRJ-028,RFI-0010,Architectural Code Compliance - Area B8,Architectural,Medium,Code Compliance,2022-12-08,2022-12-19,2022-12-20,,,Awaiting Owner,Subcontractor,Architect,0,0,No,0,0,No,0,0,No,4,5
RFI-01055,PRJ-028,RFI-0011,Architectural Coordination Conflict - Area B5,Architectural,High,Coordination Conflict,2023-03-08,2023-03-12,2023-03-15,2023-03-17,,Answered,General Contractor,Owner Representative,1,0,Yes,36000,28000,No,0,0,No,1,3
RFI-01056,PRJ-028,RFI-0012,Mechanical Missing Information - Area C6,Mechanical,Medium,Missing Information,2023-03-14,2023-03-24,2023-04-02,2023-04-02,2023-04-06,Closed,General Contractor,Engineer,0,1,No,0,0,No,0,0,No,6,5
RFI-01057,PRJ-028,RFI-0013,Architectural Missing Information - Area B7,Architectural,High,Missing Information,2023-07-12,2023-07-16,2023-07-19,2023-07-19,2023-07-21,Closed,General Contractor,Architect,0,0,No,0,0,No,0,0,No,3,5
RFI-01058,PRJ-028,RFI-0014,Structural Missing Information - Area E12,Structural,Medium,Missing Information,2023-06-20,2023-06-29,2023-07-10,2023-07-10,2023-07-10,Closed,General Contractor,Engineer,0,1,No,0,0,No,0,0,No,2,4
RFI-01059,PRJ-028,RFI-0015,Controls Missing Information - Area B12,Controls,Medium,Missing Information,2022-09-02,2022-09-11,2022-09-12,2022-09-15,2022-09-15,Closed,General Contractor,Owner Representative,1,0,No,0,0,No,0,0,No,1,4
RFI-01060,PRJ-028,RFI-0016,Architectural Constructability - Area B6,Architectural,High,Constructability,2023-05-21,2023-05-26,2023-05-26,2023-05-26,2023-05-27,Closed,Subcontractor,Architect,0,0,Yes,106000,153000,No,0,0,No,5,5
RFI-01061,PRJ-028,RFI-0017,Structural Coordination Conflict - Area B5,Structural,Medium,Coordination Conflict,2022-03-23,2022-04-03,2022-04-06,2022-04-08,,Answered,Subcontractor,Owner Representative,1,0,No,0,0,No,0,0,No,6,4
RFI-01062,PRJ-028,RFI-0018,General Field Condition - Area C2,General,Medium,Field Condition,2022-07-15,2022-07-24,2022-07-20,2022-07-20,,Answered,Subcontractor,Construction Manager,0,0,No,0,0,No,0,0,No,1,5
RFI-01063,PRJ-028,RFI-0019,Electrical Field Condition - Area E12,Electrical,Low,Field Condition,2022-01-25,2022-02-07,2022-02-15,2022-02-15,2022-02-18,Closed,General Contractor,Engineer,0,1,Yes,12000,9000,No,0,0,Yes,6,4
RFI-01064,PRJ-028,RFI-0020,General Coordination Conflict - Area D12,General,Low,Coordination Conflict,2023-03-06,2023-03-20,2023-03-18,2023-03-20,,Answered,General Contractor,Construction Manager,1,0,No,0,0,No,0,0,No,4,4
RFI-01065,PRJ-028,RFI-0021,Electrical Coordination Conflict - Area D10,Electrical,High,Coordination Conflict,2022-04-14,2022-04-18,2022-04-27,2022-04-27,2022-04-27,Closed,General Contractor,Owner Representative,0,0,Yes,19000,16000,No,0,0,No,0,4
RFI-01066,PRJ-028,RFI-0022,General Substitution Request - Area A11,General,Medium,Substitution Request,2022-10-01,2022-10-10,2022-10-13,2022-10-13,2022-10-16,Closed,Subcontractor,Construction Manager,0,0,No,0,0,No,0,0,No,3,5
RFI-01067,PRJ-028,RFI-0023,Structural Coordination Conflict - Area C10,Structural,Low,Coordination Conflict,2022-12-08,2022-12-22,2022-12-18,2022-12-18,2022-12-18,Closed,General Contractor,Engineer,0,0,No,0,0,No,0,0,No,5,5
RFI-01068,PRJ-028,RFI-0024,General Design Clarification - Area E1,General,Medium,Design Clarification,2022-01-15,2022-01-26,2022-01-24,2022-01-25,,Answered,Subcontractor,Construction Manager,1,0,No,0,0,No,0,0,No,4,3
RFI-01069,PRJ-028,RFI-0025,Controls Design Clarification - Area B12,Controls,Medium,Design Clarification,2023-02-14,2023-02-23,2023-03-07,2023-03-07,2023-03-11,Closed,General Contractor,Engineer,0,0,No,0,0,No,0,0,No,0,5
RFI-01070,PRJ-028,RFI-0026,Electrical Substitution Request - Area B7,Electrical,Medium,Substitution Request,2022-02-27,2022-03-10,2022-03-17,2022-03-17,,Answered,General Contractor,Owner Representative,0,0,Yes,21000,25000,No,0,0,Yes,1,5
RFI-01071,PRJ-028,RFI-0027,Structural Coordination Conflict - Area A4,Structural,Medium,Coordination Conflict,2022-05-21,2022-05-30,2022-06-03,2022-06-06,2022-06-09,Closed,General Contractor,Engineer,1,0,Yes,61000,68000,No,0,0,Yes,6,4
RFI-01072,PRJ-028,RFI-0028,Controls Design Clarification - Area A5,Controls,Low,Design Clarification,2023-03-31,2023-04-14,2023-04-10,2023-04-14,2023-04-15,Closed,Subcontractor,Engineer,1,0,No,0,0,No,0,0,No,4,4
RFI-01073,PRJ-029,RFI-0001,Architectural Design Clarification - Area C5,Architectural,Medium,Design Clarification,2023-09-29,2023-10-09,2023-10-21,2023-10-24,2023-10-25,Closed,Subcontractor,Architect,1,0,No,0,0,No,0,0,No,2,3
RFI-01074,PRJ-029,RFI-0002,Architectural Coordination Conflict - Area B8,Architectural,Low,Coordination Conflict,2023-02-25,2023-03-12,2023-03-13,2023-03-16,2023-03-20,Closed,Subcontractor,Architect,1,0,No,0,0,Yes,1,1,No,1,4
RFI-01075,PRJ-029,RFI-0003,Mechanical Missing Information - Area C5,Mechanical,Medium,Missing Information,2022-07-24,2022-08-03,2022-08-20,,,Awaiting Designer,Subcontractor,Engineer,0,0,Yes,10000,8600,Yes,10,10,Yes,4,3
RFI-01076,PRJ-029,RFI-0004,Civil Coordination Conflict - Area E3,Civil,Medium,Coordination Conflict,2022-08-21,2022-08-30,2022-09-02,2022-09-02,2022-09-03,Closed,Subcontractor,Engineer,0,0,No,0,0,No,0,0,No,4,5
RFI-01077,PRJ-029,RFI-0005,Structural Constructability - Area E5,Structural,Low,Constructability,2022-10-01,2022-10-17,2022-10-08,2022-10-10,,Answered,Construction Manager,Engineer,1,0,No,0,0,No,0,0,No,3,4
RFI-01078,PRJ-029,RFI-0006,Electrical Constructability - Area D8,Electrical,Medium,Constructability,2023-03-14,2023-03-26,2023-03-31,2023-03-31,2023-04-01,Closed,Construction Manager,Engineer,0,1,No,0,0,No,0,0,No,4,4
RFI-01079,PRJ-029,RFI-0007,Fire Protection Design Clarification - Area A7,Fire Protection,Low,Design Clarification,2023-03-17,2023-03-30,2023-04-03,2023-04-03,2023-04-07,Closed,Construction Manager,Engineer,0,0,Yes,4900,5400,No,0,0,Yes,2,3
RFI-01080,PRJ-029,RFI-0008,Mechanical Coordination Conflict - Area B2,Mechanical,Low,Coordination Conflict,2023-01-16,2023-01-29,2023-01-22,2023-01-22,2023-01-22,Closed,General Contractor,Owner Representative,0,0,No,0,0,Yes,1,1,Yes,2,5
RFI-01081,PRJ-029,RFI-0009,General Missing Information - Area B3,General,Medium,Missing Information,2022-11-17,2022-11-27,2022-11-23,2022-11-23,2022-11-26,Closed,General Contractor,Construction Manager,0,0,No,0,0,No,0,0,No,4,5
RFI-01082,PRJ-029,RFI-0010,Electrical Coordination Conflict - Area D2,Electrical,Critical,Coordination Conflict,2022-11-04,2022-11-06,2022-11-16,2022-11-16,2022-11-18,Closed,Subcontractor,Engineer,0,0,No,0,0,Yes,6,8,Yes,1,5
RFI-01083,PRJ-029,RFI-0011,Mechanical Code Compliance - Area E1,Mechanical,Medium,Code Compliance,2023-08-17,2023-08-27,2023-09-01,2023-09-01,2023-09-01,Closed,Subcontractor,Engineer,0,0,No,0,0,No,0,0,No,2,5
RFI-01084,PRJ-029,RFI-0012,Fire Protection Design Clarification - Area E10,Fire Protection,Medium,Design Clarification,2022-10-06,2022-10-16,2022-10-25,2022-10-25,,Answered,Subcontractor,Owner Representative,0,0,No,0,0,No,0,0,No,3,4
RFI-01085,PRJ-029,RFI-0013,Specialty Systems Coordination Conflict - Area D11,Specialty Systems,Critical,Coordination Conflict,2022-04-29,2022-05-02,2022-05-10,2022-05-14,2022-05-16,Closed,Subcontractor,Design Manager,1,0,No,0,0,No,0,0,No,3,2
RFI-01086,PRJ-029,RFI-0014,Plumbing Field Condition - Area B2,Plumbing,Medium,Field Condition,2022-05-14,2022-05-26,2022-05-28,2022-05-28,2022-05-29,Closed,Subcontractor,Owner Representative,0,0,No,0,0,No,0,0,No,5,4
RFI-01087,PRJ-029,RFI-0015,Electrical Missing Information - Area D4,Electrical,Medium,Missing Information,2023-06-17,2023-06-28,2023-06-27,2023-06-27,,Answered,Subcontractor,Engineer,0,0,No,0,0,Yes,8,9,No,3,5
RFI-01088,PRJ-029,RFI-0016,Electrical Design Clarification - Area D1,Electrical,Medium,Design Clarification,2022-04-26,2022-05-08,2022-05-20,2022-05-21,2022-05-21,Closed,Subcontractor,Owner Representative,1,0,No,0,0,No,0,0,No,2,3
RFI-01089,PRJ-029,RFI-0017,Civil Coordination Conflict - Area E6,Civil,Medium,Coordination Conflict,2023-09-23,2023-10-05,2023-10-02,2023-10-06,,Answered,Subcontractor,Owner Representative,1,0,No,0,0,No,0,0,No,1,4
RFI-01090,PRJ-029,RFI-0018,Plumbing Constructability - Area B8,Plumbing,Medium,Constructability,2022-07-23,2022-08-02,2022-08-13,2022-08-13,2022-08-16,Closed,General Contractor,Engineer,0,0,Yes,17000,21000,No,0,0,No,2,4
RFI-01091,PRJ-029,RFI-0019,Electrical Field Condition - Area A4,Electrical,Medium,Field Condition,2023-09-05,2023-09-14,2023-09-16,2023-09-19,2023-09-22,Closed,General Contractor,Engineer,1,0,No,0,0,No,0,0,No,0,3
RFI-01092,PRJ-029,RFI-0020,Plumbing Design Clarification - Area A12,Plumbing,Medium,Design Clarification,2023-07-16,2023-07-25,2023-07-24,,,Open,General Contractor,Engineer,1,0,Yes,8400,7700,No,0,0,No,5,4
RFI-01093,PRJ-029,RFI-0021,Specialty Systems Field Condition - Area C6,Specialty Systems,Medium,Field Condition,2023-02-28,2023-03-09,2023-03-08,2023-03-08,2023-03-12,Closed,General Contractor,Design Manager,0,0,No,0,0,Yes,6,6,No,2,5
RFI-01094,PRJ-029,RFI-0022,General Field Condition - Area E12,General,High,Field Condition,2023-03-21,2023-03-26,2023-03-28,2023-03-31,2023-04-03,Closed,General Contractor,Owner Representative,1,0,Yes,37000,35000,No,0,0,Yes,2,4
RFI-01095,PRJ-029,RFI-0023,Civil Missing Information - Area E2,Civil,Medium,Missing Information,2022-10-04,2022-10-14,2022-11-05,2022-11-06,2022-11-08,Closed,Construction Manager,Engineer,1,0,Yes,47000,36000,Yes,15,19,No,3,1
RFI-01096,PRJ-029,RFI-0024,Plumbing Design Clarification - Area C10,Plumbing,High,Design Clarification,2023-04-11,2023-04-17,2023-04-22,2023-04-22,,Answered,Construction Manager,Engineer,0,0,Yes,33000,31000,No,0,0,Yes,2,4
RFI-01097,PRJ-029,RFI-0025,Structural Coordination Conflict - Area B7,Structural,Medium,Coordination Conflict,2022-05-26,2022-06-04,2022-06-18,2022-06-20,2022-06-21,Closed,Subcontractor,Owner Representative,2,0,Yes,11000,14000,Yes,3,3,No,2,2
RFI-01098,PRJ-029,RFI-0026,Mechanical Missing Information - Area E2,Mechanical,Medium,Missing Information,2022-03-28,2022-04-06,2022-04-29,2022-04-29,2022-04-30,Closed,Construction Manager,Engineer,0,1,No,0,0,Yes,3,4,No,5,3
RFI-01099,PRJ-029,RFI-0027,Electrical Constructability - Area E9,Electrical,Critical,Constructability,2022-09-01,2022-09-03,,,,In Review,Construction Manager,Engineer,0,0,No,0,0,No,0,0,No,3,4
RFI-01100,PRJ-029,RFI-0028,Structural Design Clarification - Area E3,Structural,Medium,Design Clarification,2022-06-16,2022-06-26,2022-07-01,2022-07-01,2022-07-04,Closed,General Contractor,Owner Representative,0,0,No,0,0,No,0,0,No,1,5
RFI-01101,PRJ-029,RFI-0029,Fire Protection Missing Information - Area A10,Fire Protection,Medium,Missing Information,2022-09-20,2022-10-01,2022-09-26,2022-09-26,2022-09-28,Closed,Subcontractor,Engineer,0,0,No,0,0,No,0,0,No,2,5
RFI-01102,PRJ-029,RFI-0030,Fire Protection Constructability - Area B3,Fire Protection,Low,Constructability,2022-10-06,2022-10-21,2022-10-21,2022-10-21,,Answered,General Contractor,Engineer,0,0,No,0,0,No,0,0,No,6,4
RFI-01103,PRJ-029,RFI-0031,Plumbing Design Clarification - Area E12,Plumbing,Low,Design Clarification,2022-07-02,2022-07-15,2022-07-16,2022-07-18,2022-07-20,Closed,General Contractor,Engineer,1,0,No,0,0,No,0,0,No,1,5
RFI-01104,PRJ-029,RFI-0032,Controls Design Clarification - Area A5,Controls,Medium,Design Clarification,2022-04-11,2022-04-22,2022-04-23,2022-04-23,2022-04-27,Closed,General Contractor,Engineer,0,0,No,0,0,No,0,0,No,1,5
RFI-01105,PRJ-029,RFI-0033,Electrical Missing Information - Area E12,Electrical,Medium,Missing Information,2023-01-11,2023-01-21,2023-01-29,2023-01-29,2023-02-01,Closed,Construction Manager,Engineer,0,0,Yes,48000,38000,No,0,0,No,6,5
RFI-01106,PRJ-029,RFI-0034,Civil Field Condition - Area C8,Civil,Medium,Field Condition,2022-06-01,2022-06-11,2022-06-12,2022-06-12,,Answered,Subcontractor,Engineer,0,0,No,0,0,No,0,0,No,5,5
RFI-01107,PRJ-029,RFI-0035,Specialty Systems Missing Information - Area B2,Specialty Systems,Low,Missing Information,2022-08-18,2022-09-02,2022-09-03,2022-09-06,2022-09-09,Closed,General Contractor,Owner Representative,1,1,No,0,0,No,0,0,No,0,5
RFI-01108,PRJ-029,RFI-0036,Civil Coordination Conflict - Area A2,Civil,Medium,Coordination Conflict,2022-11-24,2022-12-05,2022-12-06,2022-12-06,2022-12-10,Closed,Construction Manager,Engineer,0,0,No,0,0,Yes,2,1,Yes,5,5
RFI-01109,PRJ-029,RFI-0037,Plumbing Coordination Conflict - Area E2,Plumbing,Low,Coordination Conflict,2022-09-01,2022-09-14,,,,Returned for Clarification,Subcontractor,Engineer,0,0,No,0,0,No,0,0,No,1,5
RFI-01110,PRJ-029,RFI-0038,Mechanical Design Clarification - Area B11,Mechanical,Low,Design Clarification,2023-06-28,2023-07-13,2023-07-19,2023-07-19,2023-07-22,Closed,General Contractor,Engineer,0,0,No,0,0,Yes,1,1,No,6,5
RFI-01111,PRJ-029,RFI-0039,General Missing Information - Area D11,General,Medium,Missing Information,2022-04-02,2022-04-11,2022-04-16,2022-04-16,2022-04-16,Closed,General Contractor,Construction Manager,0,0,No,0,0,No,0,0,No,0,4
RFI-01112,PRJ-029,RFI-0040,Structural Constructability - Area A2,Structural,Low,Constructability,2022-04-17,2022-05-03,2022-05-09,2022-05-13,2022-05-15,Closed,General Contractor,Engineer,1,0,No,0,0,No,0,0,No,5,4
RFI-01113,PRJ-029,RFI-0041,Plumbing Design Clarification - Area C9,Plumbing,Medium,Design Clarification,2022-12-23,2023-01-01,2023-01-01,2023-01-01,2023-01-02,Closed,General Contractor,Engineer,0,0,No,0,0,No,0,0,No,5,5
RFI-01114,PRJ-029,RFI-0042,Electrical Coordination Conflict - Area A4,Electrical,Medium,Coordination Conflict,2022-12-20,2022-12-31,2023-01-07,2023-01-09,2023-01-13,Closed,Subcontractor,Engineer,1,0,Yes,34000,25000,No,0,0,Yes,2,3
RFI-01115,PRJ-029,RFI-0043,Mechanical Code Compliance - Area D7,Mechanical,High,Code Compliance,2023-01-22,2023-01-27,2023-01-30,2023-01-30,,Answered,General Contractor,Engineer,0,0,Yes,12000,13000,No,0,0,Yes,6,5
RFI-01116,PRJ-029,RFI-0044,Structural Coordination Conflict - Area E12,Structural,Medium,Coordination Conflict,2023-03-04,2023-03-13,2023-03-21,2023-03-21,,Answered,Subcontractor,Engineer,0,0,No,0,0,Yes,1,1,Yes,1,5
RFI-01117,PRJ-029,RFI-0045,Civil Missing Information - Area C1,Civil,Medium,Missing Information,2023-06-26,2023-07-06,2023-07-07,2023-07-10,2023-07-11,Closed,Construction Manager,Owner Representative,1,0,No,0,0,No,0,0,No,2,5
RFI-01118,PRJ-029,RFI-0046,Civil Constructability - Area E11,Civil,High,Constructability,2023-06-07,2023-06-13,2023-06-21,2023-06-21,2023-06-22,Closed,Construction Manager,Engineer,0,0,Yes,155000,111000,Yes,1,1,No,0,4
RFI-01119,PRJ-029,RFI-0047,Electrical Missing Information - Area B7,Electrical,Low,Missing Information,2022-05-27,2022-06-10,,,,Returned for Clarification,Construction Manager,Engineer,0,0,Yes,4200,5700,No,0,0,Yes,4,4
RFI-01120,PRJ-029,RFI-0048,Structural Missing Information - Area C10,Structural,Low,Missing Information,2022-05-01,2022-05-16,2022-05-10,2022-05-10,2022-05-11,Closed,General Contractor,Owner Representative,0,0,No,0,0,No,0,0,No,2,5
RFI-01121,PRJ-029,RFI-0049,Controls Design Clarification - Area B12,Controls,Medium,Design Clarification,2023-07-15,2023-07-26,2023-07-25,2023-07-25,2023-07-27,Closed,General Contractor,Engineer,0,0,No,0,0,No,0,0,No,5,5
RFI-01122,PRJ-029,RFI-0050,Fire Protection Design Clarification - Area E4,Fire Protection,Low,Design Clarification,2022-08-31,2022-09-13,2022-09-25,2022-09-25,2022-09-26,Closed,General Contractor,Engineer,0,0,No,0,0,No,0,0,No,2,3
RFI-01123,PRJ-029,RFI-0051,Structural Coordination Conflict - Area E4,Structural,Medium,Coordination Conflict,2022-12-23,2023-01-02,2023-01-11,2023-01-11,2023-01-13,Closed,Subcontractor,Owner Representative,0,1,Yes,3700,2600,No,0,0,Yes,4,3
RFI-01124,PRJ-029,RFI-0052,Electrical Design Clarification - Area D7,Electrical,Low,Design Clarification,2023-01-24,2023-02-09,2023-02-08,2023-02-08,2023-02-10,Closed,Subcontractor,Engineer,0,0,No,0,0,No,0,0,No,4,5
RFI-01125,PRJ-029,RFI-0053,Specialty Systems Constructability - Area D6,Specialty Systems,High,Constructability,2022-07-07,2022-07-13,2022-07-24,2022-07-26,,Answered,General Contractor,Design Manager,1,0,No,0,0,No,0,0,No,5,4
RFI-01126,PRJ-029,RFI-0054,Electrical Field Condition - Area B10,Electrical,High,Field Condition,2023-08-17,2023-08-22,2023-09-12,,,Awaiting Designer,General Contractor,Owner Representative,1,0,Yes,13000,15000,Yes,8,9,Yes,1,1
RFI-01127,PRJ-029,RFI-0055,Structural Coordination Conflict - Area C5,Structural,Critical,Coordination Conflict,2022-06-02,2022-06-04,2022-06-14,2022-06-14,,Answered,Subcontractor,Engineer,0,0,No,0,0,No,0,0,No,6,5
RFI-01128,PRJ-029,RFI-0056,Mechanical Coordination Conflict - Area D1,Mechanical,Medium,Coordination Conflict,2023-01-15,2023-01-25,2023-02-05,2023-02-06,,Answered,General Contractor,Engineer,1,0,Yes,76000,103000,No,0,0,Yes,4,3
RFI-01129,PRJ-029,RFI-0057,Mechanical Design Clarification - Area A4,Mechanical,Medium,Design Clarification,2022-10-06,2022-10-15,2022-10-25,2022-10-25,2022-10-25,Closed,General Contractor,Engineer,0,0,No,0,0,No,0,0,No,6,4
RFI-01130,PRJ-029,RFI-0058,Architectural Coordination Conflict - Area D3,Architectural,High,Coordination Conflict,2022-03-28,2022-04-01,,,,Awaiting Owner,Subcontractor,Architect,0,0,No,0,0,Yes,2,1,No,5,5
RFI-01131,PRJ-029,RFI-0059,Civil Constructability - Area E2,Civil,High,Constructability,2022-08-23,2022-08-27,2022-09-03,2022-09-03,,Answered,Construction Manager,Engineer,0,1,No,0,0,No,0,0,No,3,4
RFI-01132,PRJ-029,RFI-0060,Electrical Missing Information - Area B8,Electrical,High,Missing Information,2023-05-18,2023-05-25,2023-05-31,2023-05-31,2023-06-03,Closed,Construction Manager,Engineer,0,0,No,0,0,No,0,0,No,3,5
RFI-01133,PRJ-029,RFI-0061,Structural Design Clarification - Area D6,Structural,Low,Design Clarification,2023-08-26,2023-09-11,2023-09-07,2023-09-11,,Answered,Construction Manager,Engineer,1,0,No,0,0,Yes,2,1,No,1,5
RFI-01134,PRJ-029,RFI-0062,Civil Missing Information - Area E3,Civil,Medium,Missing Information,2023-09-04,2023-09-13,2023-09-10,2023-09-10,2023-09-14,Closed,Subcontractor,Engineer,0,0,No,0,0,No,0,0,No,3,5
RFI-01135,PRJ-029,RFI-0063,Mechanical Design Clarification - Area A11,Mechanical,Medium,Design Clarification,2022-07-19,2022-07-31,2022-08-10,2022-08-10,,Answered,General Contractor,Engineer,0,1,No,0,0,No,0,0,No,3,4
RFI-01136,PRJ-030,RFI-0001,Architectural Substitution Request - Area E8,Architectural,Low,Substitution Request,2022-01-07,2022-01-20,2022-01-13,2022-01-13,,Answered,General Contractor,Architect,0,0,No,0,0,No,0,0,No,3,5
RFI-01137,PRJ-030,RFI-0002,Fire Protection Design Clarification - Area C7,Fire Protection,High,Design Clarification,2022-06-01,2022-06-07,2022-06-11,2022-06-11,2022-06-12,Closed,Subcontractor,Owner Representative,0,0,No,0,0,No,0,0,No,5,5
RFI-01138,PRJ-030,RFI-0003,Electrical Field Condition - Area B9,Electrical,High,Field Condition,2023-11-17,2023-11-23,2023-11-25,,,Open,Subcontractor,Engineer,0,0,No,0,0,No,0,0,No,5,5
RFI-01139,PRJ-030,RFI-0004,Specialty Systems Coordination Conflict - Area C7,Specialty Systems,Medium,Coordination Conflict,2022-06-12,2022-06-24,2022-06-21,2022-06-21,2022-06-24,Closed,General Contractor,Design Manager,0,0,No,0,0,No,0,0,No,1,4
RFI-01140,PRJ-030,RFI-0005,Mechanical Constructability - Area A10,Mechanical,Medium,Constructability,2022-03-11,2022-03-21,2022-03-17,2022-03-17,2022-03-17,Closed,General Contractor,Engineer,0,0,No,0,0,No,0,0,No,5,5
RFI-01141,PRJ-030,RFI-0006,Structural Constructability - Area A12,Structural,High,Constructability,2023-01-28,2023-02-01,2023-02-04,2023-02-10,2023-02-10,Closed,Subcontractor,Engineer,2,0,Yes,113000,133000,No,0,0,Yes,0,3
RFI-01142,PRJ-030,RFI-0007,Structural Field Condition - Area D11,Structural,Low,Field Condition,2023-06-18,2023-07-02,2023-06-25,2023-06-25,2023-06-29,Closed,General Contractor,Engineer,0,0,No,0,0,No,0,0,No,1,5
RFI-01143,PRJ-030,RFI-0008,Fire Protection Constructability - Area C12,Fire Protection,Medium,Constructability,2023-05-11,2023-05-21,2023-05-22,2023-05-22,2023-05-26,Closed,Construction Manager,Engineer,0,1,No,0,0,No,0,0,No,0,4
RFI-01144,PRJ-030,RFI-0009,Architectural Code Compliance - Area B4,Architectural,Medium,Code Compliance,2022-04-13,2022-04-24,2022-04-27,2022-04-28,2022-04-28,Closed,General Contractor,Architect,1,0,No,0,0,No,0,0,No,5,3
RFI-01145,PRJ-030,RFI-0010,Specialty Systems Design Clarification - Area D10,Specialty Systems,High,Design Clarification,2023-07-22,2023-07-26,2023-07-26,2023-07-26,2023-07-27,Closed,General Contractor,Design Manager,0,0,No,0,0,No,0,0,No,2,5
RFI-01146,PRJ-030,RFI-0011,Plumbing Coordination Conflict - Area E9,Plumbing,Low,Coordination Conflict,2022-05-17,2022-06-01,,,,Awaiting Designer,Subcontractor,Engineer,0,0,No,0,0,No,0,0,No,5,5
RFI-01147,PRJ-030,RFI-0012,Structural Coordination Conflict - Area A9,Structural,Low,Coordination Conflict,2023-09-19,2023-10-02,2023-10-05,2023-10-05,,Answered,Subcontractor,Owner Representative,0,0,No,0,0,Yes,1,1,Yes,1,5
RFI-01148,PRJ-030,RFI-0013,Civil Missing Information - Area C2,Civil,High,Missing Information,2023-03-12,2023-03-19,2023-03-16,2023-03-16,2023-03-20,Closed,Construction Manager,Engineer,0,0,No,0,0,No,0,0,No,6,5
RFI-01149,PRJ-030,RFI-0014,Mechanical Missing Information - Area E6,Mechanical,Medium,Missing Information,2022-02-08,2022-02-20,,,,Returned for Clarification,Subcontractor,Engineer,1,0,Yes,13000,15000,No,0,0,No,3,5
RFI-01150,PRJ-030,RFI-0015,Mechanical Missing Information - Area B6,Mechanical,Medium,Missing Information,2023-09-03,2023-09-13,2023-09-19,2023-09-19,2023-09-21,Closed,Subcontractor,Engineer,0,1,No,0,0,Yes,3,4,Yes,4,3
RFI-01151,PRJ-030,RFI-0016,Structural Design Clarification - Area B1,Structural,Medium,Design Clarification,2022-05-13,2022-05-23,,,,Open,Subcontractor,Engineer,0,0,No,0,0,No,0,0,No,6,5
RFI-01152,PRJ-030,RFI-0017,Structural Design Clarification - Area C10,Structural,High,Design Clarification,2023-04-30,2023-05-06,2023-05-04,2023-05-04,2023-05-05,Closed,Subcontractor,Engineer,0,0,No,0,0,No,0,0,No,5,5
RFI-01153,PRJ-030,RFI-0018,Civil Design Clarification - Area C6,Civil,Low,Design Clarification,2023-08-19,2023-09-02,2023-08-31,2023-08-31,2023-09-03,Closed,General Contractor,Engineer,0,0,No,0,0,No,0,0,No,5,4
RFI-01154,PRJ-030,RFI-0019,Mechanical Design Clarification - Area C2,Mechanical,Low,Design Clarification,2022-05-21,2022-06-05,2022-05-30,2022-05-30,2022-06-02,Closed,Subcontractor,Engineer,0,0,No,0,0,No,0,0,No,4,5
RFI-01155,PRJ-030,RFI-0020,Structural Design Clarification - Area D6,Structural,Medium,Design Clarification,2022-09-05,2022-09-15,2022-09-18,2022-09-18,2022-09-18,Closed,General Contractor,Owner Representative,0,1,Yes,81000,104000,No,0,0,No,4,5
RFI-01156,PRJ-030,RFI-0021,Electrical Code Compliance - Area D6,Electrical,Low,Code Compliance,2022-05-12,2022-05-28,,,,Returned for Clarification,General Contractor,Owner Representative,1,0,No,0,0,No,0,0,No,0,5
RFI-01157,PRJ-030,RFI-0022,Electrical Design Clarification - Area D11,Electrical,Medium,Design Clarification,2023-02-14,2023-02-25,2023-02-28,2023-02-28,2023-03-04,Closed,General Contractor,Engineer,0,0,No,0,0,No,0,0,No,4,5
RFI-01158,PRJ-030,RFI-0023,Architectural Coordination Conflict - Area A7,Architectural,High,Coordination Conflict,2022-09-14,2022-09-18,2022-09-24,2022-09-24,2022-09-27,Closed,Subcontractor,Architect,0,1,No,0,0,Yes,12,7,Yes,0,5
RFI-01159,PRJ-030,RFI-0024,Specialty Systems Coordination Conflict - Area A10,Specialty Systems,Low,Coordination Conflict,2023-08-27,2023-09-11,2023-09-14,2023-09-16,2023-09-20,Closed,General Contractor,Design Manager,1,0,No,0,0,No,0,0,No,5,5
RFI-01160,PRJ-030,RFI-0025,Civil Design Clarification - Area E8,Civil,High,Design Clarification,2023-09-22,2023-09-27,2023-09-24,2023-09-24,2023-09-26,Closed,Subcontractor,Engineer,0,0,No,0,0,No,0,0,No,4,5
RFI-01161,PRJ-030,RFI-0026,Architectural Substitution Request - Area E2,Architectural,Medium,Substitution Request,2022-10-14,2022-10-24,2022-10-28,2022-10-28,2022-11-01,Closed,Subcontractor,Architect,0,0,No,0,0,No,0,0,No,5,5
RFI-01162,PRJ-030,RFI-0027,Mechanical Constructability - Area E8,Mechanical,Medium,Constructability,2022-12-31,2023-01-10,2023-01-11,2023-01-11,2023-01-13,Closed,Construction Manager,Engineer,0,0,No,0,0,No,0,0,No,6,4
RFI-01163,PRJ-030,RFI-0028,Architectural Constructability - Area A11,Architectural,Low,Constructability,2022-02-27,2022-03-14,2022-03-10,2022-03-10,,Answered,General Contractor,Architect,0,0,No,0,0,No,0,0,No,4,5
RFI-01164,PRJ-030,RFI-0029,Plumbing Missing Information - Area A7,Plumbing,High,Missing Information,2023-05-24,2023-05-29,2023-05-31,2023-05-31,,Answered,Subcontractor,Engineer,0,0,No,0,0,No,0,0,No,4,4
RFI-01165,PRJ-030,RFI-0030,Electrical Design Clarification - Area A5,Electrical,Low,Design Clarification,2022-09-05,2022-09-20,2022-09-17,2022-09-17,2022-09-21,Closed,Subcontractor,Owner Representative,0,0,No,0,0,No,0,0,No,5,5
RFI-01166,PRJ-030,RFI-0031,Electrical Field Condition - Area D7,Electrical,Medium,Field Condition,2023-06-07,2023-06-16,2023-06-26,2023-06-26,2023-06-27,Closed,Subcontractor,Engineer,0,1,No,0,0,No,0,0,No,4,5
RFI-01167,PRJ-030,RFI-0032,Plumbing Coordination Conflict - Area E8,Plumbing,High,Coordination Conflict,2023-09-19,2023-09-25,2023-10-11,2023-10-14,2023-10-16,Closed,General Contractor,Engineer,1,0,No,0,0,Yes,36,33,No,5,3
RFI-01168,PRJ-030,RFI-0033,Structural Constructability - Area B2,Structural,Low,Constructability,2023-01-09,2023-01-24,2023-01-15,2023-01-15,2023-01-18,Closed,General Contractor,Engineer,0,0,No,0,0,No,0,0,No,1,5
RFI-01169,PRJ-030,RFI-0034,Structural Field Condition - Area E11,Structural,Medium,Field Condition,2022-08-13,2022-08-22,2022-08-23,2022-08-27,2022-08-30,Closed,Subcontractor,Engineer,1,0,No,0,0,Yes,3,2,Yes,3,4
RFI-01170,PRJ-030,RFI-0035,Fire Protection Design Clarification - Area B4,Fire Protection,Medium,Design Clarification,2022-03-23,2022-04-03,2022-03-30,2022-03-30,2022-03-30,Closed,General Contractor,Engineer,0,0,No,0,0,No,0,0,No,4,5
RFI-01171,PRJ-031,RFI-0001,Specialty Systems Coordination Conflict - Area C6,Specialty Systems,High,Coordination Conflict,2024-04-26,2024-05-01,2024-04-29,2024-04-29,,Answered,Construction Manager,Design Manager,0,0,No,0,0,No,0,0,No,1,5
RFI-01172,PRJ-031,RFI-0002,Controls Constructability - Area A6,Controls,Medium,Constructability,2024-01-15,2024-01-24,2024-01-21,2024-01-21,2024-01-24,Closed,Construction Manager,Engineer,0,0,Yes,55000,60000,No,0,0,No,3,5
RFI-01173,PRJ-031,RFI-0003,Mechanical Field Condition - Area B11,Mechanical,Medium,Field Condition,2023-11-05,2023-11-14,2023-11-20,2023-11-20,2023-11-20,Closed,Subcontractor,Engineer,0,0,No,0,0,No,0,0,No,3,4
RFI-01174,PRJ-031,RFI-0004,Fire Protection Design Clarification - Area D2,Fire Protection,Low,Design Clarification,2024-06-25,2024-07-08,2024-07-05,2024-07-07,2024-07-07,Closed,Subcontractor,Engineer,1,0,No,0,0,No,0,0,No,3,5
RFI-01175,PRJ-031,RFI-0005,Structural Design Clarification - Area A4,Structural,High,Design Clarification,2023-08-30,2023-09-03,2023-09-02,2023-09-02,2023-09-05,Closed,Subcontractor,Engineer,0,0,No,0,0,No,0,0,No,6,5
RFI-01176,PRJ-031,RFI-0006,Structural Coordination Conflict - Area A5,Structural,Critical,Coordination Conflict,2024-04-21,2024-04-24,,,,Awaiting Owner,Construction Manager,Engineer,0,0,No,0,0,No,0,0,No,0,4
RFI-01177,PRJ-031,RFI-0007,Architectural Coordination Conflict - Area B5,Architectural,Low,Coordination Conflict,2024-05-18,2024-06-01,2024-06-03,2024-06-03,2024-06-07,Closed,Subcontractor,Architect,0,0,No,0,0,No,0,0,No,1,5
RFI-01178,PRJ-031,RFI-0008,Controls Coordination Conflict - Area B9,Controls,High,Coordination Conflict,2023-10-23,2023-10-27,2023-11-03,2023-11-03,2023-11-05,Closed,General Contractor,Engineer,0,0,Yes,60000,52000,Yes,2,2,No,5,4
RFI-01179,PRJ-031,RFI-0009,Electrical Coordination Conflict - Area E7,Electrical,Medium,Coordination Conflict,2023-10-07,2023-10-18,2023-10-13,2023-10-15,2023-10-15,Closed,Subcontractor,Engineer,1,0,No,0,0,No,0,0,No,2,4
RFI-01180,PRJ-031,RFI-0010,General Substitution Request - Area E4,General,Medium,Substitution Request,2024-07-31,2024-08-10,2024-08-07,2024-08-07,,Answered,Subcontractor,Owner Representative,0,0,No,0,0,No,0,0,No,4,5
RFI-01181,PRJ-031,RFI-0011,Structural Constructability - Area A4,Structural,Low,Constructability,2024-04-20,2024-05-04,2024-05-04,2024-05-04,,Answered,Construction Manager,Engineer,0,0,No,0,0,No,0,0,No,5,5
RFI-01182,PRJ-031,RFI-0012,General Field Condition - Area E3,General,Medium,Field Condition,2024-03-05,2024-03-15,2024-03-08,2024-03-08,2024-03-12,Closed,General Contractor,Owner Representative,0,0,No,0,0,No,0,0,No,4,5
RFI-01183,PRJ-031,RFI-0013,Mechanical Constructability - Area C7,Mechanical,Medium,Constructability,2024-04-30,2024-05-11,2024-05-20,2024-05-21,2024-05-22,Closed,General Contractor,Engineer,1,0,No,0,0,No,0,0,No,6,4
RFI-01184,PRJ-031,RFI-0014,Mechanical Coordination Conflict - Area B9,Mechanical,Low,Coordination Conflict,2024-04-02,2024-04-16,,,,Awaiting Owner,General Contractor,Engineer,0,0,No,0,0,No,0,0,No,3,4
RFI-01185,PRJ-031,RFI-0015,Civil Constructability - Area A10,Civil,Medium,Constructability,2024-03-16,2024-03-27,2024-03-22,2024-03-22,,Answered,Subcontractor,Owner Representative,0,0,No,0,0,No,0,0,No,6,5
RFI-01186,PRJ-031,RFI-0016,General Design Clarification - Area C11,General,Medium,Design Clarification,2024-07-06,2024-07-18,2024-07-21,2024-07-21,2024-07-23,Closed,Subcontractor,Construction Manager,0,1,No,0,0,No,0,0,No,1,5
RFI-01187,PRJ-031,RFI-0017,Electrical Coordination Conflict - Area C9,Electrical,High,Coordination Conflict,2024-05-07,2024-05-12,2024-05-15,,,Open,General Contractor,Engineer,0,0,No,0,0,Yes,26,24,Yes,5,5
RFI-01188,PRJ-031,RFI-0018,Electrical Coordination Conflict - Area A8,Electrical,Medium,Coordination Conflict,2023-12-28,2024-01-06,2023-12-31,2023-12-31,2023-12-31,Closed,General Contractor,Engineer,0,0,No,0,0,No,0,0,No,2,5
RFI-01189,PRJ-031,RFI-0019,Architectural Coordination Conflict - Area D5,Architectural,Medium,Coordination Conflict,2024-04-12,2024-04-24,2024-04-17,2024-04-17,2024-04-21,Closed,Subcontractor,Owner Representative,0,0,No,0,0,No,0,0,No,6,5
RFI-01190,PRJ-031,RFI-0020,Mechanical Constructability - Area A2,Mechanical,Medium,Constructability,2023-10-30,2023-11-09,2023-11-10,2023-11-13,2023-11-17,Closed,Construction Manager,Engineer,1,0,No,0,0,No,0,0,No,5,3
RFI-01191,PRJ-031,RFI-0021,Plumbing Field Condition - Area B1,Plumbing,High,Field Condition,2024-08-19,2024-08-24,2024-08-23,2024-08-23,,Answered,General Contractor,Engineer,0,0,No,0,0,No,0,0,No,4,5
RFI-01192,PRJ-031,RFI-0022,Structural Code Compliance - Area B7,Structural,Medium,Code Compliance,2023-10-06,2023-10-17,2023-10-11,2023-10-11,2023-10-14,Closed,Subcontractor,Engineer,0,0,No,0,0,No,0,0,No,6,5
RFI-01193,PRJ-031,RFI-0023,General Constructability - Area A6,General,High,Constructability,2023-09-07,2023-09-11,2023-09-21,2023-09-21,2023-09-25,Closed,General Contractor,Construction Manager,0,0,No,0,0,No,0,0,No,5,3
RFI-01194,PRJ-031,RFI-0024,Structural Design Clarification - Area D5,Structural,High,Design Clarification,2024-02-11,2024-02-18,2024-02-15,2024-02-15,2024-02-17,Closed,General Contractor,Engineer,0,0,No,0,0,No,0,0,No,6,5
RFI-01195,PRJ-031,RFI-0025,Plumbing Coordination Conflict - Area B5,Plumbing,Medium,Coordination Conflict,2024-02-25,2024-03-06,2024-03-05,2024-03-05,2024-03-07,Closed,Subcontractor,Engineer,0,0,No,0,0,No,0,0,No,5,5
RFI-01196,PRJ-031,RFI-0026,Architectural Code Compliance - Area A5,Architectural,Medium,Code Compliance,2023-09-27,2023-10-08,,,,Awaiting Owner,General Contractor,Architect,0,0,No,0,0,No,0,0,No,4,5
RFI-01197,PRJ-031,RFI-0027,Specialty Systems Substitution Request - Area D1,Specialty Systems,Medium,Substitution Request,2023-10-14,2023-10-25,2023-10-25,2023-10-28,2023-10-30,Closed,General Contractor,Design Manager,1,0,No,0,0,No,0,0,No,2,3
RFI-01198,PRJ-031,RFI-0028,Electrical Code Compliance - Area C9,Electrical,Medium,Code Compliance,2024-02-01,2024-02-10,2024-02-09,2024-02-09,,Answered,General Contractor,Engineer,0,0,No,0,0,No,0,0,No,2,5
RFI-01199,PRJ-031,RFI-0029,General Field Condition - Area E2,General,Low,Field Condition,2023-09-22,2023-10-06,2023-09-28,2023-09-28,2023-10-01,Closed,General Contractor,Construction Manager,0,0,No,0,0,No,0,0,No,5,4
RFI-01200,PRJ-031,RFI-0030,Controls Code Compliance - Area E8,Controls,Medium,Code Compliance,2024-04-01,2024-04-12,2024-04-22,2024-04-22,2024-04-24,Closed,General Contractor,Engineer,0,1,No,0,0,No,0,0,No,2,5
RFI-01201,PRJ-031,RFI-0031,Structural Design Clarification - Area E9,Structural,Medium,Design Clarification,2024-04-21,2024-04-30,2024-05-04,2024-05-05,2024-05-06,Closed,General Contractor,Engineer,1,0,No,0,0,Yes,1,1,No,2,4
RFI-01202,PRJ-031,RFI-0032,Architectural Missing Information - Area D2,Architectural,High,Missing Information,2024-03-22,2024-03-28,2024-03-25,2024-03-25,2024-03-26,Closed,Subcontractor,Architect,0,0,No,0,0,No,0,0,No,6,5
RFI-01203,PRJ-031,RFI-0033,Electrical Field Condition - Area D8,Electrical,High,Field Condition,2023-08-25,2023-09-01,2023-09-07,2023-09-07,2023-09-11,Closed,General Contractor,Engineer,0,0,No,0,0,No,0,0,No,4,5
RFI-01204,PRJ-031,RFI-0034,Architectural Design Clarification - Area B3,Architectural,High,Design Clarification,2023-08-26,2023-08-31,2023-09-01,2023-09-01,2023-09-05,Closed,Construction Manager,Architect,0,0,No,0,0,No,0,0,No,6,5
RFI-01205,PRJ-031,RFI-0035,Mechanical Missing Information - Area D3,Mechanical,Medium,Missing Information,2024-07-29,2024-08-08,2024-08-03,2024-08-03,2024-08-05,Closed,Subcontractor,Engineer,0,0,No,0,0,No,0,0,No,1,5
RFI-01206,PRJ-031,RFI-0036,Architectural Field Condition - Area D3,Architectural,High,Field Condition,2024-02-22,2024-02-28,2024-02-28,2024-02-28,2024-03-02,Closed,General Contractor,Architect,0,0,No,0,0,No,0,0,No,6,5
RFI-01207,PRJ-031,RFI-0037,Electrical Missing Information - Area E11,Electrical,Critical,Missing Information,2023-10-12,2023-10-14,2023-10-25,2023-10-25,,Answered,General Contractor,Engineer,0,0,No,0,0,No,0,0,No,4,5
RFI-01208,PRJ-032,RFI-0001,Controls Field Condition - Area A2,Controls,Low,Field Condition,2024-03-21,2024-04-03,2024-03-31,2024-03-31,2024-04-01,Closed,Subcontractor,Engineer,0,0,No,0,0,No,0,0,No,1,5
RFI-01209,PRJ-032,RFI-0002,Architectural Constructability - Area A3,Architectural,Medium,Constructability,2023-07-25,2023-08-03,2023-08-07,2023-08-10,,Answered,General Contractor,Architect,1,0,No,0,0,Yes,11,15,Yes,1,4
RFI-01210,PRJ-032,RFI-0003,Civil Field Condition - Area B11,Civil,Low,Field Condition,2024-02-03,2024-02-17,2024-02-07,2024-02-07,2024-02-10,Closed,Subcontractor,Engineer,0,0,No,0,0,No,0,0,No,2,5
RFI-01211,PRJ-032,RFI-0004,Civil Coordination Conflict - Area D11,Civil,High,Coordination Conflict,2024-05-15,2024-05-20,2024-05-26,2024-05-26,2024-05-29,Closed,Subcontractor,Engineer,0,0,No,0,0,No,0,0,No,4,5
RFI-01212,PRJ-032,RFI-0005,Architectural Coordination Conflict - Area C9,Architectural,Medium,Coordination Conflict,2023-04-14,2023-04-25,2023-04-24,2023-04-24,2023-04-27,Closed,Subcontractor,Architect,0,0,No,0,0,No,0,0,No,5,5
RFI-01213,PRJ-032,RFI-0006,Architectural Missing Information - Area D5,Architectural,Medium,Missing Information,2023-08-02,2023-08-11,2023-08-09,2023-08-12,2023-08-16,Closed,Subcontractor,Architect,1,0,No,0,0,No,0,0,No,3,5
RFI-01214,PRJ-032,RFI-0007,Controls Design Clarification - Area E9,Controls,Medium,Design Clarification,2024-03-11,2024-03-22,2024-03-23,2024-03-25,2024-03-27,Closed,Subcontractor,Owner Representative,1,0,No,0,0,No,0,0,No,6,3
RFI-01215,PRJ-032,RFI-0008,Fire Protection Substitution Request - Area D9,Fire Protection,High,Substitution Request,2023-05-29,2023-06-03,2023-06-01,2023-06-01,2023-06-05,Closed,General Contractor,Engineer,0,0,No,0,0,No,0,0,No,5,5
RFI-01216,PRJ-032,RFI-0009,Specialty Systems Coordination Conflict - Area D3,Specialty Systems,High,Coordination Conflict,2023-12-03,2023-12-07,2023-12-10,2023-12-10,2023-12-12,Closed,General Contractor,Design Manager,0,0,No,0,0,No,0,0,No,0,5
RFI-01217,PRJ-032,RFI-0010,Architectural Substitution Request - Area C4,Architectural,Medium,Substitution Request,2024-05-14,2024-05-24,2024-05-18,2024-05-18,,Answered,Subcontractor,Architect,0,0,No,0,0,No,0,0,No,2,5
RFI-01218,PRJ-032,RFI-0011,Architectural Substitution Request - Area D4,Architectural,Low,Substitution Request,2023-12-29,2024-01-12,2024-01-05,2024-01-08,2024-01-10,Closed,General Contractor,Architect,1,0,No,0,0,No,0,0,No,6,5
RFI-01219,PRJ-032,RFI-0012,Mechanical Design Clarification - Area E5,Mechanical,High,Design Clarification,2023-05-03,2023-05-07,2023-05-12,2023-05-12,2023-05-13,Closed,Subcontractor,Engineer,0,0,Yes,64000,92000,Yes,3,2,Yes,6,4
RFI-01220,PRJ-032,RFI-0013,Electrical Design Clarification - Area D2,Electrical,Medium,Design Clarification,2024-02-09,2024-02-20,2024-02-18,2024-02-18,2024-02-22,Closed,Construction Manager,Engineer,0,0,No,0,0,No,0,0,No,0,5
RFI-01221,PRJ-032,RFI-0014,Electrical Missing Information - Area A1,Electrical,Medium,Missing Information,2023-12-25,2024-01-05,2024-01-02,2024-01-02,2024-01-03,Closed,Construction Manager,Engineer,0,0,No,0,0,No,0,0,No,3,4
RFI-01222,PRJ-032,RFI-0015,Fire Protection Missing Information - Area D1,Fire Protection,High,Missing Information,2023-07-16,2023-07-20,2023-07-27,2023-07-27,2023-07-27,Closed,Subcontractor,Engineer,0,0,No,0,0,No,0,0,No,3,5
RFI-01223,PRJ-032,RFI-0016,Electrical Design Clarification - Area A5,Electrical,Medium,Design Clarification,2023-12-13,2023-12-22,2023-12-27,2023-12-27,2023-12-31,Closed,General Contractor,Engineer,0,0,No,0,0,No,0,0,No,6,5
RFI-01224,PRJ-032,RFI-0017,Electrical Code Compliance - Area A3,Electrical,Medium,Code Compliance,2024-04-29,2024-05-11,2024-05-04,2024-05-04,2024-05-04,Closed,General Contractor,Engineer,0,0,No,0,0,No,0,0,No,1,5
RFI-01225,PRJ-032,RFI-0018,General Design Clarification - Area E11,General,Medium,Design Clarification,2024-01-24,2024-02-05,2024-02-03,2024-02-03,2024-02-06,Closed,General Contractor,Construction Manager,0,0,No,0,0,No,0,0,No,4,5
RFI-01226,PRJ-032,RFI-0019,Architectural Design Clarification - Area B2,Architectural,High,Design Clarification,2023-11-29,2023-12-06,2023-12-07,2023-12-07,2023-12-10,Closed,General Contractor,Architect,0,0,No,0,0,No,0,0,No,1,5
RFI-01227,PRJ-032,RFI-0020,Controls Design Clarification - Area D5,Controls,Medium,Design Clarification,2023-07-05,2023-07-17,2023-07-10,2023-07-10,2023-07-14,Closed,Construction Manager,Engineer,0,0,No,0,0,Yes,4,3,Yes,2,4
RFI-01228,PRJ-032,RFI-0021,Electrical Missing Information - Area B1,Electrical,Medium,Missing Information,2023-02-15,2023-02-25,2023-02-22,2023-02-22,2023-02-24,Closed,General Contractor,Engineer,0,0,No,0,0,No,0,0,No,5,5
RFI-01229,PRJ-033,RFI-0001,Architectural Design Clarification - Area E4,Architectural,Medium,Design Clarification,2023-12-22,2024-01-02,2023-12-27,2023-12-27,2023-12-29,Closed,General Contractor,Architect,0,0,No,0,0,No,0,0,No,0,5
RFI-01230,PRJ-033,RFI-0002,Structural Missing Information - Area D11,Structural,Medium,Missing Information,2023-05-29,2023-06-10,2023-06-10,2023-06-14,2023-06-14,Closed,General Contractor,Engineer,1,0,Yes,4800,3500,Yes,5,7,Yes,1,4
RFI-01231,PRJ-033,RFI-0003,Fire Protection Design Clarification - Area A5,Fire Protection,High,Design Clarification,2024-04-21,2024-04-25,2024-04-26,2024-04-30,2024-05-02,Closed,Construction Manager,Engineer,1,0,No,0,0,Yes,3,4,No,6,4
RFI-01232,PRJ-033,RFI-0004,Plumbing Constructability - Area A5,Plumbing,Medium,Constructability,2024-03-26,2024-04-07,2024-04-01,2024-04-01,2024-04-05,Closed,General Contractor,Engineer,0,0,Yes,18000,21000,Yes,3,2,Yes,3,5
RFI-01233,PRJ-033,RFI-0005,Electrical Design Clarification - Area A4,Electrical,Medium,Design Clarification,2024-03-26,2024-04-05,2024-04-09,2024-04-10,2024-04-13,Closed,Subcontractor,Engineer,1,0,No,0,0,No,0,0,No,4,5
RFI-01234,PRJ-033,RFI-0006,Plumbing Design Clarification - Area A7,Plumbing,Low,Design Clarification,2022-11-15,2022-12-01,2022-11-24,2022-11-27,2022-11-30,Closed,General Contractor,Engineer,1,0,No,0,0,No,0,0,No,4,5
RFI-01235,PRJ-033,RFI-0007,Architectural Missing Information - Area D7,Architectural,Medium,Missing Information,2023-03-11,2023-03-23,2023-04-03,2023-04-05,2023-04-07,Closed,General Contractor,Architect,1,1,Yes,6100,8200,No,0,0,No,3,4
RFI-01236,PRJ-033,RFI-0008,Structural Field Condition - Area A5,Structural,Medium,Field Condition,2023-05-10,2023-05-22,2023-05-17,2023-05-17,,Answered,Subcontractor,Engineer,0,0,No,0,0,No,0,0,No,3,5
RFI-01237,PRJ-033,RFI-0009,Architectural Coordination Conflict - Area B11,Architectural,Low,Coordination Conflict,2023-08-16,2023-08-29,2023-08-19,2023-08-19,2023-08-20,Closed,Construction Manager,Architect,0,0,No,0,0,Yes,1,1,Yes,6,4
RFI-01238,PRJ-033,RFI-0010,Architectural Design Clarification - Area A3,Architectural,High,Design Clarification,2023-02-26,2023-03-04,2023-03-01,2023-03-01,2023-03-01,Closed,Construction Manager,Architect,0,0,Yes,17000,23000,No,0,0,Yes,0,5
RFI-01239,PRJ-033,RFI-0011,Electrical Field Condition - Area D9,Electrical,High,Field Condition,2023-06-15,2023-06-19,2023-06-25,2023-06-25,2023-06-26,Closed,Subcontractor,Owner Representative,0,0,No,0,0,Yes,1,1,Yes,2,4
RFI-01240,PRJ-033,RFI-0012,Plumbing Coordination Conflict - Area D9,Plumbing,Low,Coordination Conflict,2023-06-21,2023-07-05,2023-06-24,2023-06-24,2023-06-26,Closed,General Contractor,Engineer,0,0,No,0,0,No,0,0,No,4,5
RFI-01241,PRJ-033,RFI-0013,Controls Coordination Conflict - Area C5,Controls,Low,Coordination Conflict,2023-12-02,2023-12-18,2023-12-11,2023-12-11,,Answered,General Contractor,Owner Representative,0,0,No,0,0,No,0,0,No,3,5
RFI-01242,PRJ-033,RFI-0014,Specialty Systems Field Condition - Area A2,Specialty Systems,Medium,Field Condition,2023-02-08,2023-02-17,,,,Awaiting Designer,Subcontractor,Owner Representative,1,0,No,0,0,Yes,1,1,No,0,3
RFI-01243,PRJ-033,RFI-0015,Fire Protection Design Clarification - Area C8,Fire Protection,Low,Design Clarification,2023-07-22,2023-08-05,2023-08-02,2023-08-02,2023-08-02,Closed,Construction Manager,Engineer,0,0,No,0,0,No,0,0,No,1,5
RFI-01244,PRJ-033,RFI-0016,General Substitution Request - Area B4,General,Low,Substitution Request,2022-12-10,2022-12-24,2022-12-27,2022-12-27,2022-12-29,Closed,Subcontractor,Construction Manager,0,0,No,0,0,No,0,0,No,4,5
RFI-01245,PRJ-033,RFI-0017,Architectural Design Clarification - Area A7,Architectural,Medium,Design Clarification,2024-03-14,2024-03-26,2024-03-19,2024-03-19,2024-03-20,Closed,General Contractor,Architect,0,0,No,0,0,No,0,0,No,3,5
RFI-01246,PRJ-033,RFI-0018,Electrical Missing Information - Area C5,Electrical,Medium,Missing Information,2024-02-18,2024-02-28,2024-03-08,2024-03-08,,Answered,Subcontractor,Engineer,0,0,Yes,233000,238000,No,0,0,Yes,4,4
RFI-01247,PRJ-033,RFI-0019,Electrical Substitution Request - Area A6,Electrical,Medium,Substitution Request,2023-01-24,2023-02-03,2023-02-12,2023-02-15,2023-02-19,Closed,General Contractor,Engineer,1,0,No,0,0,Yes,1,1,No,6,3
RFI-01248,PRJ-033,RFI-0020,Controls Field Condition - Area B8,Controls,High,Field Condition,2024-02-02,2024-02-09,2024-02-10,2024-02-14,2024-02-16,Closed,General Contractor,Engineer,1,0,No,0,0,No,0,0,No,3,4
RFI-01249,PRJ-033,RFI-0021,Mechanical Coordination Conflict - Area A12,Mechanical,Medium,Coordination Conflict,2023-11-28,2023-12-08,2023-12-18,2023-12-18,2023-12-18,Closed,Construction Manager,Engineer,0,1,No,0,0,No,0,0,No,0,4
RFI-01250,PRJ-033,RFI-0022,Plumbing Coordination Conflict - Area A2,Plumbing,Medium,Coordination Conflict,2023-11-10,2023-11-21,,,,Returned for Clarification,General Contractor,Owner Representative,1,0,No,0,0,Yes,1,1,No,5,4
RFI-01251,PRJ-033,RFI-0023,Mechanical Substitution Request - Area C11,Mechanical,Medium,Substitution Request,2023-09-13,2023-09-22,2023-09-24,2023-09-27,2023-09-30,Closed,General Contractor,Engineer,1,0,No,0,0,Yes,3,3,Yes,3,5
RFI-01252,PRJ-033,RFI-0024,Mechanical Field Condition - Area A7,Mechanical,Low,Field Condition,2023-10-26,2023-11-09,2023-11-20,2023-11-20,2023-11-21,Closed,General Contractor,Engineer,0,0,Yes,41000,50000,No,0,0,Yes,2,5
RFI-01253,PRJ-033,RFI-0025,Fire Protection Coordination Conflict - Area C12,Fire Protection,Medium,Coordination Conflict,2023-09-08,2023-09-18,2023-09-17,2023-09-17,2023-09-18,Closed,Subcontractor,Engineer,0,0,No,0,0,No,0,0,No,6,4
RFI-01254,PRJ-033,RFI-0026,General Design Clarification - Area A5,General,Low,Design Clarification,2023-01-08,2023-01-24,2023-01-15,2023-01-15,2023-01-15,Closed,Subcontractor,Construction Manager,0,0,No,0,0,No,0,0,No,5,5
RFI-01255,PRJ-033,RFI-0027,Plumbing Coordination Conflict - Area A5,Plumbing,Low,Coordination Conflict,2022-11-15,2022-11-29,2022-11-25,2022-11-26,2022-11-28,Closed,General Contractor,Engineer,1,0,No,0,0,No,0,0,No,3,4
RFI-01256,PRJ-033,RFI-0028,Mechanical Missing Information - Area A9,Mechanical,Medium,Missing Information,2023-12-26,2024-01-04,2024-01-07,2024-01-07,2024-01-10,Closed,Subcontractor,Engineer,0,0,No,0,0,No,0,0,No,3,4
RFI-01257,PRJ-033,RFI-0029,Architectural Coordination Conflict - Area D9,Architectural,Medium,Coordination Conflict,2024-03-22,2024-04-03,2024-04-04,2024-04-04,2024-04-04,Closed,General Contractor,Architect,0,1,No,0,0,No,0,0,No,1,5
RFI-01258,PRJ-033,RFI-0030,Architectural Design Clarification - Area E5,Architectural,Medium,Design Clarification,2023-12-07,2023-12-16,2023-12-11,2023-12-11,,Answered,General Contractor,Owner Representative,0,0,No,0,0,No,0,0,No,6,4
RFI-01259,PRJ-033,RFI-0031,Structural Field Condition - Area D12,Structural,Low,Field Condition,2023-06-23,2023-07-07,2023-07-01,2023-07-01,,Answered,Subcontractor,Engineer,0,0,Yes,18000,22000,Yes,1,1,No,1,5
RFI-01260,PRJ-033,RFI-0032,Architectural Missing Information - Area D10,Architectural,Medium,Missing Information,2023-02-09,2023-02-21,2023-02-19,2023-02-19,2023-02-22,Closed,General Contractor,Architect,0,0,No,0,0,No,0,0,No,4,5
RFI-01261,PRJ-033,RFI-0033,Structural Code Compliance - Area D2,Structural,High,Code Compliance,2023-10-15,2023-10-21,2023-10-22,2023-10-22,2023-10-25,Closed,General Contractor,Engineer,0,0,No,0,0,Yes,8,5,Yes,3,4
RFI-01262,PRJ-034,RFI-0001,Architectural Design Clarification - Area C1,Architectural,Low,Design Clarification,2025-12-11,2025-12-24,2025-12-27,2025-12-27,2025-12-29,Closed,Construction Manager,Architect,0,0,No,0,0,No,0,0,No,1,5
RFI-01263,PRJ-034,RFI-0002,Structural Design Clarification - Area C1,Structural,Medium,Design Clarification,2025-09-16,2025-09-25,2025-10-07,2025-10-11,,Answered,Subcontractor,Engineer,1,0,No,0,0,No,0,0,No,1,4
RFI-01264,PRJ-034,RFI-0003,Mechanical Coordination Conflict - Area D4,Mechanical,Medium,Coordination Conflict,2024-12-25,2025-01-05,2025-01-10,2025-01-10,2025-01-11,Closed,Subcontractor,Engineer,0,0,Yes,3700,3000,No,0,0,No,6,5
RFI-01265,PRJ-034,RFI-0004,Civil Coordination Conflict - Area E11,Civil,Medium,Coordination Conflict,2024-09-26,2024-10-07,2024-10-12,2024-10-12,,Answered,General Contractor,Engineer,0,0,No,0,0,No,0,0,No,2,3
RFI-01266,PRJ-034,RFI-0005,General Constructability - Area B6,General,High,Constructability,2024-08-20,2024-08-26,2024-09-05,2024-09-05,,Answered,Subcontractor,Construction Manager,0,0,No,0,0,Yes,7,8,No,3,4
RFI-01267,PRJ-034,RFI-0006,Mechanical Constructability - Area C1,Mechanical,Medium,Constructability,2024-10-18,2024-10-28,2024-11-02,2024-11-02,2024-11-05,Closed,Subcontractor,Engineer,0,0,No,0,0,No,0,0,No,6,4
RFI-01268,PRJ-034,RFI-0007,General Coordination Conflict - Area D4,General,High,Coordination Conflict,2024-10-19,2024-10-26,2024-10-26,2024-10-26,2024-10-29,Closed,Construction Manager,Construction Manager,0,0,No,0,0,No,0,0,No,5,5
RFI-01269,PRJ-034,RFI-0008,Mechanical Substitution Request - Area D11,Mechanical,Medium,Substitution Request,2025-03-28,2025-04-08,2025-04-16,2025-04-19,2025-04-21,Closed,General Contractor,Engineer,1,0,No,0,0,No,0,0,No,6,2
RFI-01270,PRJ-034,RFI-0009,Civil Missing Information - Area B7,Civil,Medium,Missing Information,2025-01-03,2025-01-15,2025-01-13,2025-01-13,2025-01-14,Closed,General Contractor,Engineer,0,0,No,0,0,No,0,0,No,6,4
RFI-01271,PRJ-034,RFI-0010,Electrical Missing Information - Area A5,Electrical,Medium,Missing Information,2025-04-27,2025-05-08,2025-05-09,2025-05-09,2025-05-12,Closed,General Contractor,Engineer,0,0,No,0,0,No,0,0,No,2,5
RFI-01272,PRJ-034,RFI-0011,Fire Protection Substitution Request - Area B3,Fire Protection,Low,Substitution Request,2024-10-28,2024-11-13,2024-11-15,2024-11-17,2024-11-20,Closed,Subcontractor,Engineer,1,0,No,0,0,Yes,1,1,Yes,3,5
RFI-01273,PRJ-034,RFI-0012,Fire Protection Missing Information - Area D1,Fire Protection,Medium,Missing Information,2025-08-17,2025-08-27,2025-09-04,2025-09-04,2025-09-06,Closed,General Contractor,Engineer,0,0,No,0,0,No,0,0,No,5,4
RFI-01274,PRJ-034,RFI-0013,Structural Code Compliance - Area A6,Structural,High,Code Compliance,2025-08-04,2025-08-10,2025-08-12,2025-08-12,2025-08-13,Closed,Subcontractor,Engineer,0,0,Yes,65000,48000,No,0,0,Yes,5,5
RFI-01275,PRJ-034,RFI-0014,Structural Design Clarification - Area B11,Structural,Medium,Design Clarification,2025-08-16,2025-08-25,2025-09-07,2025-09-07,2025-09-10,Closed,Subcontractor,Engineer,0,0,No,0,0,Yes,4,5,Yes,6,4
RFI-01276,PRJ-034,RFI-0015,Plumbing Design Clarification - Area D6,Plumbing,Medium,Design Clarification,2025-02-23,2025-03-05,2025-03-04,2025-03-04,2025-03-04,Closed,Construction Manager,Engineer,0,0,Yes,27000,31000,No,0,0,Yes,5,5
RFI-01277,PRJ-034,RFI-0016,Mechanical Design Clarification - Area E9,Mechanical,Medium,Design Clarification,2025-08-03,2025-08-12,2025-09-04,2025-09-04,2025-09-05,Closed,Subcontractor,Owner Representative,0,0,No,0,0,Yes,2,2,No,2,4
RFI-01278,PRJ-034,RFI-0017,Architectural Design Clarification - Area D3,Architectural,High,Design Clarification,2024-12-25,2025-01-01,2024-12-31,2024-12-31,,Answered,Construction Manager,Architect,0,0,No,0,0,No,0,0,No,5,5
RFI-01279,PRJ-034,RFI-0018,Controls Design Clarification - Area A9,Controls,Low,Design Clarification,2024-09-27,2024-10-12,2024-10-12,2024-10-12,,Answered,General Contractor,Engineer,0,0,No,0,0,No,0,0,No,4,5
RFI-01280,PRJ-034,RFI-0019,Specialty Systems Design Clarification - Area B12,Specialty Systems,Medium,Design Clarification,2025-10-31,2025-11-09,2025-11-24,2025-11-24,2025-11-26,Closed,Subcontractor,Design Manager,0,1,Yes,90000,78000,No,0,0,Yes,4,4
RFI-01281,PRJ-034,RFI-0020,Civil Field Condition - Area D9,Civil,High,Field Condition,2024-07-15,2024-07-22,2024-07-31,2024-07-31,2024-08-03,Closed,Subcontractor,Engineer,0,0,No,0,0,No,0,0,No,2,5
RFI-01282,PRJ-034,RFI-0021,Architectural Design Clarification - Area E3,Architectural,Low,Design Clarification,2025-07-24,2025-08-06,2025-08-13,2025-08-13,,Answered,Subcontractor,Architect,0,1,No,0,0,Yes,1,1,Yes,3,4
RFI-01283,PRJ-034,RFI-0022,General Coordination Conflict - Area B9,General,Medium,Coordination Conflict,2025-01-08,2025-01-18,2025-01-14,2025-01-14,,Answered,General Contractor,Construction Manager,0,0,No,0,0,No,0,0,No,4,4
RFI-01284,PRJ-034,RFI-0023,Mechanical Design Clarification - Area C5,Mechanical,Medium,Design Clarification,2025-03-21,2025-03-31,2025-04-14,2025-04-14,,Answered,Subcontractor,Engineer,0,0,Yes,28000,32000,No,0,0,No,3,4
RFI-01285,PRJ-034,RFI-0024,Controls Design Clarification - Area C2,Controls,Critical,Design Clarification,2024-06-21,2024-06-23,2024-07-05,2024-07-08,2024-07-09,Closed,General Contractor,Engineer,1,0,Yes,26000,28000,Yes,4,4,Yes,1,3
RFI-01286,PRJ-034,RFI-0025,Architectural Constructability - Area C5,Architectural,Medium,Constructability,2025-06-09,2025-06-21,2025-06-25,2025-06-25,2025-06-29,Closed,General Contractor,Architect,0,0,No,0,0,No,0,0,No,4,5
RFI-01287,PRJ-034,RFI-0026,Mechanical Missing Information - Area B4,Mechanical,Low,Missing Information,2025-06-14,2025-06-28,2025-06-27,2025-06-27,2025-06-28,Closed,Construction Manager,Engineer,0,0,No,0,0,No,0,0,No,3,5
RFI-01288,PRJ-034,RFI-0027,Electrical Missing Information - Area C3,Electrical,Medium,Missing Information,2025-07-23,2025-08-03,,,,Open,Construction Manager,Engineer,0,0,No,0,0,No,0,0,No,1,4
RFI-01289,PRJ-034,RFI-0028,Mechanical Coordination Conflict - Area C5,Mechanical,High,Coordination Conflict,2025-10-26,2025-11-01,2025-11-02,2025-11-02,2025-11-04,Closed,Subcontractor,Engineer,0,0,Yes,21000,18000,No,0,0,No,1,5
RFI-01290,PRJ-034,RFI-0029,Structural Coordination Conflict - Area C6,Structural,Medium,Coordination Conflict,2024-09-15,2024-09-26,2024-09-21,2024-09-21,,Answered,Subcontractor,Engineer,0,0,No,0,0,No,0,0,No,2,5
RFI-01291,PRJ-034,RFI-0030,Architectural Substitution Request - Area D3,Architectural,Low,Substitution Request,2025-10-01,2025-10-14,,,,In Review,General Contractor,Architect,0,0,No,0,0,No,0,0,No,6,5
RFI-01292,PRJ-035,RFI-0001,Electrical Missing Information - Area A11,Electrical,High,Missing Information,2022-03-30,2022-04-03,2022-04-10,2022-04-12,2022-04-14,Closed,Subcontractor,Engineer,1,0,Yes,22000,21000,Yes,15,12,Yes,6,3
RFI-01293,PRJ-035,RFI-0002,Plumbing Design Clarification - Area D12,Plumbing,High,Design Clarification,2024-07-20,2024-07-26,2024-08-06,2024-08-06,2024-08-10,Closed,Subcontractor,Owner Representative,0,0,Yes,14000,17000,No,0,0,Yes,1,4
RFI-01294,PRJ-035,RFI-0003,Civil Substitution Request - Area A9,Civil,Low,Substitution Request,2024-08-01,2024-08-16,2024-08-17,2024-08-17,,Answered,General Contractor,Owner Representative,0,0,No,0,0,No,0,0,No,6,5
RFI-01295,PRJ-035,RFI-0004,General Field Condition - Area B11,General,Low,Field Condition,2022-04-01,2022-04-15,2022-04-10,2022-04-10,2022-04-11,Closed,Subcontractor,Construction Manager,0,0,No,0,0,No,0,0,No,2,5
RFI-01296,PRJ-035,RFI-0005,Mechanical Design Clarification - Area C9,Mechanical,Low,Design Clarification,2022-02-14,2022-03-01,2022-02-21,2022-02-21,,Answered,General Contractor,Engineer,0,0,No,0,0,No,0,0,No,5,5
RFI-01297,PRJ-035,RFI-0006,Fire Protection Code Compliance - Area B9,Fire Protection,Medium,Code Compliance,2022-10-08,2022-10-20,2022-10-16,2022-10-16,2022-10-17,Closed,Construction Manager,Engineer,0,0,No,0,0,Yes,1,1,No,0,5
RFI-01298,PRJ-035,RFI-0007,Controls Field Condition - Area A6,Controls,Medium,Field Condition,2023-10-26,2023-11-07,2023-11-10,2023-11-10,2023-11-12,Closed,General Contractor,Engineer,0,0,Yes,8400,8400,No,0,0,Yes,2,5
RFI-01299,PRJ-035,RFI-0008,Mechanical Field Condition - Area B1,Mechanical,High,Field Condition,2024-05-30,2024-06-04,2024-06-26,2024-06-26,,Answered,Subcontractor,Owner Representative,0,1,Yes,18000,24000,No,0,0,Yes,3,3
RFI-01300,PRJ-035,RFI-0009,Architectural Coordination Conflict - Area B1,Architectural,Critical,Coordination Conflict,2023-03-08,2023-03-10,2023-03-19,2023-03-21,2023-03-22,Closed,General Contractor,Architect,1,0,Yes,53000,44000,No,0,0,Yes,3,3
RFI-01301,PRJ-035,RFI-0010,Mechanical Substitution Request - Area C1,Mechanical,Medium,Substitution Request,2024-12-17,2024-12-27,2025-01-02,2025-01-02,,Answered,Subcontractor,Engineer,0,0,No,0,0,No,0,0,No,5,5
RFI-01302,PRJ-035,RFI-0011,Mechanical Missing Information - Area E12,Mechanical,High,Missing Information,2023-04-23,2023-04-30,2023-05-04,2023-05-05,,Answered,General Contractor,Engineer,1,0,Yes,196000,281000,No,0,0,Yes,3,5
RFI-01303,PRJ-035,RFI-0012,Electrical Constructability - Area B8,Electrical,Low,Constructability,2023-11-14,2023-11-28,2023-11-23,2023-11-23,,Answered,Construction Manager,Engineer,0,0,No,0,0,No,0,0,No,4,5
RFI-01304,PRJ-035,RFI-0013,Plumbing Design Clarification - Area C11,Plumbing,Critical,Design Clarification,2022-05-20,2022-05-22,2022-05-29,2022-05-29,2022-06-02,Closed,Subcontractor,Engineer,0,0,No,0,0,Yes,5,3,Yes,1,5
RFI-01305,PRJ-035,RFI-0014,Architectural Constructability - Area C5,Architectural,Low,Constructability,2024-11-02,2024-11-18,2024-11-09,2024-11-09,2024-11-12,Closed,General Contractor,Architect,0,0,No,0,0,No,0,0,No,5,5
RFI-01306,PRJ-035,RFI-0015,Electrical Coordination Conflict - Area C6,Electrical,Medium,Coordination Conflict,2023-11-09,2023-11-18,2023-11-17,2023-11-17,2023-11-17,Closed,Subcontractor,Engineer,0,0,No,0,0,No,0,0,No,1,5
RFI-01307,PRJ-035,RFI-0016,Plumbing Coordination Conflict - Area D8,Plumbing,Medium,Coordination Conflict,2023-02-17,2023-03-01,2023-03-07,2023-03-10,2023-03-10,Closed,Subcontractor,Owner Representative,1,0,No,0,0,No,0,0,No,5,3
RFI-01308,PRJ-035,RFI-0017,Plumbing Code Compliance - Area B5,Plumbing,High,Code Compliance,2024-11-26,2024-12-03,2024-12-03,2024-12-05,2024-12-08,Closed,General Contractor,Engineer,1,0,No,0,0,Yes,5,6,Yes,5,5
RFI-01309,PRJ-035,RFI-0018,Mechanical Design Clarification - Area A1,Mechanical,Low,Design Clarification,2023-08-01,2023-08-15,2023-08-18,2023-08-18,2023-08-19,Closed,General Contractor,Engineer,0,1,No,0,0,No,0,0,No,2,5
RFI-01310,PRJ-035,RFI-0019,Civil Field Condition - Area A9,Civil,High,Field Condition,2022-05-27,2022-05-31,2022-06-03,2022-06-03,2022-06-07,Closed,Subcontractor,Engineer,0,0,No,0,0,No,0,0,No,1,5
RFI-01311,PRJ-035,RFI-0020,Architectural Code Compliance - Area C6,Architectural,Medium,Code Compliance,2023-08-18,2023-08-30,2023-08-31,2023-08-31,2023-09-04,Closed,Subcontractor,Architect,0,0,Yes,24000,34000,No,0,0,Yes,3,4
RFI-01312,PRJ-035,RFI-0021,Architectural Missing Information - Area A4,Architectural,Medium,Missing Information,2023-04-03,2023-04-14,2023-04-11,2023-04-11,2023-04-13,Closed,General Contractor,Architect,0,0,No,0,0,No,0,0,No,6,5
RFI-01313,PRJ-035,RFI-0022,Civil Substitution Request - Area E7,Civil,Medium,Substitution Request,2023-04-04,2023-04-14,2023-04-11,,,Awaiting Owner,General Contractor,Owner Representative,0,0,No,0,0,No,0,0,No,6,5
RFI-01314,PRJ-035,RFI-0023,Plumbing Design Clarification - Area A4,Plumbing,Medium,Design Clarification,2022-05-13,2022-05-24,2022-05-25,2022-05-25,2022-05-28,Closed,General Contractor,Engineer,0,0,Yes,21000,23000,No,0,0,No,1,4
RFI-01315,PRJ-035,RFI-0024,Structural Substitution Request - Area B4,Structural,Medium,Substitution Request,2023-03-10,2023-03-20,2023-03-29,2023-03-29,2023-03-29,Closed,Subcontractor,Engineer,0,1,No,0,0,Yes,1,1,Yes,2,5
RFI-01316,PRJ-035,RFI-0025,Mechanical Constructability - Area B7,Mechanical,Medium,Constructability,2022-05-08,2022-05-19,2022-05-15,2022-05-19,,Answered,Construction Manager,Engineer,1,0,Yes,13000,9100,No,0,0,Yes,5,4
RFI-01317,PRJ-035,RFI-0026,Architectural Design Clarification - Area C8,Architectural,Medium,Design Clarification,2022-02-18,2022-02-27,2022-03-06,2022-03-06,,Answered,General Contractor,Architect,0,0,No,0,0,Yes,3,3,Yes,4,5
RFI-01318,PRJ-035,RFI-0027,Electrical Missing Information - Area A5,Electrical,High,Missing Information,2024-02-16,2024-02-21,2024-02-28,2024-03-02,2024-03-05,Closed,Subcontractor,Engineer,1,0,No,0,0,Yes,3,2,Yes,2,3
RFI-01319,PRJ-035,RFI-0028,Mechanical Field Condition - Area B8,Mechanical,Medium,Field Condition,2023-08-03,2023-08-13,2023-08-13,2023-08-13,2023-08-13,Closed,Subcontractor,Engineer,0,0,No,0,0,No,0,0,No,0,4
RFI-01320,PRJ-035,RFI-0029,Civil Substitution Request - Area E4,Civil,Medium,Substitution Request,2023-12-07,2023-12-16,2023-12-22,2023-12-23,2023-12-26,Closed,Subcontractor,Engineer,1,0,Yes,18000,15000,Yes,9,9,No,6,4
RFI-01321,PRJ-035,RFI-0030,Electrical Missing Information - Area B3,Electrical,Medium,Missing Information,2023-05-14,2023-05-26,,,,Awaiting Owner,General Contractor,Engineer,1,0,Yes,20000,18000,No,0,0,Yes,1,4
RFI-01322,PRJ-035,RFI-0031,General Design Clarification - Area A10,General,Low,Design Clarification,2022-03-12,2022-03-28,2022-03-28,2022-03-28,2022-04-01,Closed,Construction Manager,Construction Manager,0,0,No,0,0,No,0,0,No,2,5
RFI-01323,PRJ-035,RFI-0032,Structural Design Clarification - Area D1,Structural,Medium,Design Clarification,2022-08-21,2022-08-31,2022-09-08,2022-09-10,2022-09-13,Closed,General Contractor,Engineer,1,0,No,0,0,No,0,0,No,4,4
RFI-01324,PRJ-035,RFI-0033,Electrical Substitution Request - Area C12,Electrical,Medium,Substitution Request,2023-11-09,2023-11-21,2023-11-22,2023-11-22,2023-11-22,Closed,Subcontractor,Engineer,0,0,No,0,0,Yes,2,2,Yes,6,5
RFI-01325,PRJ-035,RFI-0034,Electrical Coordination Conflict - Area C9,Electrical,Medium,Coordination Conflict,2024-08-27,2024-09-07,2024-09-09,2024-09-09,,Answered,General Contractor,Engineer,0,0,No,0,0,No,0,0,No,4,5
RFI-01326,PRJ-035,RFI-0035,Architectural Design Clarification - Area B9,Architectural,High,Design Clarification,2022-05-07,2022-05-12,2022-05-10,2022-05-10,2022-05-11,Closed,General Contractor,Architect,0,0,No,0,0,No,0,0,No,6,4
RFI-01327,PRJ-035,RFI-0036,Mechanical Substitution Request - Area C7,Mechanical,Medium,Substitution Request,2024-12-30,2025-01-08,2025-01-12,2025-01-13,2025-01-15,Closed,General Contractor,Owner Representative,1,0,Yes,15000,13000,Yes,9,13,Yes,4,4
RFI-01328,PRJ-035,RFI-0037,Mechanical Design Clarification - Area E7,Mechanical,Medium,Design Clarification,2024-05-08,2024-05-17,2024-05-19,2024-05-19,2024-05-19,Closed,General Contractor,Engineer,0,0,No,0,0,No,0,0,No,1,5
RFI-01329,PRJ-035,RFI-0038,Mechanical Coordination Conflict - Area A12,Mechanical,Medium,Coordination Conflict,2023-07-18,2023-07-29,2023-07-30,2023-07-30,2023-07-31,Closed,Subcontractor,Engineer,0,0,Yes,27000,27000,No,0,0,No,0,4
RFI-01330,PRJ-035,RFI-0039,Electrical Coordination Conflict - Area E11,Electrical,Low,Coordination Conflict,2024-09-27,2024-10-12,2024-10-15,2024-10-15,2024-10-16,Closed,Construction Manager,Engineer,0,1,Yes,4500,4200,No,0,0,No,4,5
RFI-01331,PRJ-035,RFI-0040,Structural Design Clarification - Area B4,Structural,Low,Design Clarification,2023-04-11,2023-04-27,2023-04-23,2023-04-23,,Answered,Subcontractor,Engineer,0,0,No,0,0,No,0,0,No,6,5
RFI-01332,PRJ-035,RFI-0041,Architectural Constructability - Area B2,Architectural,Medium,Constructability,2024-06-15,2024-06-25,2024-06-30,2024-06-30,2024-07-02,Closed,General Contractor,Architect,0,0,No,0,0,No,0,0,No,6,5
RFI-01333,PRJ-035,RFI-0042,General Field Condition - Area D7,General,High,Field Condition,2023-10-24,2023-10-31,2023-11-08,2023-11-10,,Answered,Subcontractor,Construction Manager,1,1,No,0,0,Yes,9,10,Yes,2,4
RFI-01334,PRJ-035,RFI-0043,Mechanical Missing Information - Area A1,Mechanical,Medium,Missing Information,2022-11-08,2022-11-20,,,,In Review,Subcontractor,Engineer,0,0,No,0,0,No,0,0,No,3,5
RFI-01335,PRJ-035,RFI-0044,Fire Protection Substitution Request - Area B11,Fire Protection,Medium,Substitution Request,2023-05-20,2023-05-31,2023-05-25,2023-05-25,,Answered,General Contractor,Engineer,0,0,No,0,0,No,0,0,No,2,5
RFI-01336,PRJ-035,RFI-0045,General Coordination Conflict - Area D1,General,Medium,Coordination Conflict,2024-01-20,2024-02-01,2024-01-31,2024-01-31,2024-01-31,Closed,Subcontractor,Construction Manager,0,0,No,0,0,No,0,0,No,1,5
RFI-01337,PRJ-035,RFI-0046,Electrical Coordination Conflict - Area C12,Electrical,Medium,Coordination Conflict,2024-11-02,2024-11-14,2024-11-20,2024-11-20,2024-11-23,Closed,Subcontractor,Engineer,0,0,No,0,0,Yes,1,1,Yes,5,4
RFI-01338,PRJ-035,RFI-0047,General Field Condition - Area D3,General,Medium,Field Condition,2022-08-21,2022-08-30,2022-08-25,2022-08-25,,Answered,Subcontractor,Construction Manager,0,0,No,0,0,No,0,0,No,0,5
RFI-01339,PRJ-035,RFI-0048,General Design Clarification - Area E5,General,High,Design Clarification,2025-01-04,2025-01-10,2025-01-10,2025-01-10,,Answered,Subcontractor,Construction Manager,0,0,No,0,0,No,0,0,No,1,5
RFI-01340,PRJ-036,RFI-0001,Structural Field Condition - Area A10,Structural,Medium,Field Condition,2024-05-07,2024-05-17,,,,Awaiting Owner,General Contractor,Owner Representative,0,0,Yes,8100,6000,No,0,0,No,3,5
RFI-01341,PRJ-036,RFI-0002,General Substitution Request - Area C4,General,High,Substitution Request,2024-03-11,2024-03-18,2024-03-18,2024-03-21,2024-03-22,Closed,Construction Manager,Owner Representative,1,0,Yes,214000,227000,Yes,1,1,Yes,5,5
RFI-01342,PRJ-036,RFI-0003,Specialty Systems Design Clarification - Area A1,Specialty Systems,Medium,Design Clarification,2024-11-22,2024-12-04,2024-12-06,2024-12-06,2024-12-06,Closed,Construction Manager,Owner Representative,0,0,No,0,0,No,0,0,No,1,5
RFI-01343,PRJ-036,RFI-0004,Controls Code Compliance - Area E9,Controls,Low,Code Compliance,2025-06-02,2025-06-15,2025-06-12,2025-06-12,,Answered,Subcontractor,Engineer,0,0,No,0,0,No,0,0,No,2,5
RFI-01344,PRJ-036,RFI-0005,Mechanical Design Clarification - Area C11,Mechanical,Medium,Design Clarification,2024-08-02,2024-08-11,2024-08-16,2024-08-20,,Answered,Subcontractor,Engineer,1,0,Yes,37000,44000,No,0,0,Yes,6,4
RFI-01345,PRJ-036,RFI-0006,Mechanical Field Condition - Area B1,Mechanical,Medium,Field Condition,2024-11-12,2024-11-22,2024-12-03,2024-12-03,,Answered,General Contractor,Engineer,0,0,No,0,0,No,0,0,No,3,4
RFI-01346,PRJ-036,RFI-0007,Plumbing Field Condition - Area B8,Plumbing,Medium,Field Condition,2025-12-17,2025-12-28,2025-12-31,2025-12-31,2026-01-02,Closed,Subcontractor,Owner Representative,0,0,No,0,0,No,0,0,No,6,5
RFI-01347,PRJ-036,RFI-0008,Mechanical Design Clarification - Area E3,Mechanical,Medium,Design Clarification,2025-06-02,2025-06-11,2025-06-23,2025-06-23,2025-06-23,Closed,General Contractor,Engineer,0,0,No,0,0,No,0,0,No,6,4
RFI-01348,PRJ-036,RFI-0009,Architectural Substitution Request - Area E6,Architectural,Medium,Substitution Request,2024-06-19,2024-06-28,2024-06-28,2024-06-30,2024-07-01,Closed,General Contractor,Architect,1,0,Yes,17000,20000,Yes,1,1,Yes,0,4
RFI-01349,PRJ-036,RFI-0010,Civil Substitution Request - Area D3,Civil,Low,Substitution Request,2025-03-17,2025-03-30,2025-04-10,2025-04-12,2025-04-12,Closed,Subcontractor,Engineer,1,0,Yes,1300,1100,No,0,0,No,0,3
RFI-01350,PRJ-036,RFI-0011,Electrical Design Clarification - Area D12,Electrical,High,Design Clarification,2024-04-09,2024-04-15,2024-04-25,2024-04-25,2024-04-27,Closed,Subcontractor,Engineer,0,0,Yes,15000,16000,No,0,0,Yes,1,4
RFI-01351,PRJ-036,RFI-0012,Electrical Design Clarification - Area E9,Electrical,Low,Design Clarification,2025-03-11,2025-03-26,2025-03-31,2025-03-31,,Answered,General Contractor,Engineer,0,0,Yes,2600,2400,No,0,0,Yes,3,4
RFI-01352,PRJ-036,RFI-0013,Civil Coordination Conflict - Area D12,Civil,Medium,Coordination Conflict,2024-09-30,2024-10-11,2024-10-11,2024-10-11,,Answered,General Contractor,Engineer,0,0,No,0,0,No,0,0,No,0,5
RFI-01353,PRJ-036,RFI-0014,Structural Missing Information - Area C12,Structural,Low,Missing Information,2025-02-12,2025-02-28,2025-02-25,2025-02-26,2025-02-27,Closed,Subcontractor,Engineer,1,0,No,0,0,No,0,0,No,0,4
RFI-01354,PRJ-036,RFI-0015,Architectural Coordination Conflict - Area E11,Architectural,High,Coordination Conflict,2025-08-14,2025-08-21,2025-08-26,2025-08-26,2025-08-27,Closed,Subcontractor,Architect,0,0,No,0,0,No,0,0,No,5,5
RFI-01355,PRJ-036,RFI-0016,Civil Design Clarification - Area E7,Civil,Medium,Design Clarification,2025-03-11,2025-03-23,2025-03-26,2025-03-26,2025-03-30,Closed,General Contractor,Owner Representative,0,0,No,0,0,No,0,0,No,6,4
RFI-01356,PRJ-036,RFI-0017,Mechanical Substitution Request - Area E11,Mechanical,High,Substitution Request,2024-12-01,2024-12-05,2024-12-09,2024-12-09,2024-12-13,Closed,Construction Manager,Engineer,0,0,No,0,0,No,0,0,No,3,5
RFI-01357,PRJ-036,RFI-0018,Plumbing Coordination Conflict - Area D3,Plumbing,Medium,Coordination Conflict,2025-04-06,2025-04-18,2025-04-14,2025-04-14,2025-04-17,Closed,General Contractor,Owner Representative,0,0,No,0,0,No,0,0,No,4,5
RFI-01358,PRJ-036,RFI-0019,Mechanical Coordination Conflict - Area B4,Mechanical,Medium,Coordination Conflict,2025-06-04,2025-06-14,2025-06-15,2025-06-15,2025-06-18,Closed,General Contractor,Engineer,0,0,No,0,0,No,0,0,No,5,4
RFI-01359,PRJ-036,RFI-0020,Structural Substitution Request - Area A10,Structural,Critical,Substitution Request,2024-12-15,2024-12-19,2024-12-29,2025-01-01,2025-01-02,Closed,General Contractor,Engineer,1,0,Yes,17000,19000,Yes,1,1,No,2,3
RFI-01360,PRJ-036,RFI-0021,Plumbing Missing Information - Area B8,Plumbing,Low,Missing Information,2024-07-06,2024-07-19,2024-07-17,2024-07-17,,Answered,Construction Manager,Engineer,0,0,No,0,0,No,0,0,No,4,5
RFI-01361,PRJ-036,RFI-0022,Fire Protection Substitution Request - Area E9,Fire Protection,High,Substitution Request,2025-08-02,2025-08-06,2025-08-15,2025-08-15,2025-08-18,Closed,Subcontractor,Engineer,0,0,No,0,0,No,0,0,No,0,5
RFI-01362,PRJ-036,RFI-0023,Structural Missing Information - Area E5,Structural,Medium,Missing Information,2024-06-26,2024-07-05,2024-07-09,2024-07-09,2024-07-12,Closed,General Contractor,Engineer,0,0,No,0,0,No,0,0,No,3,5
RFI-01363,PRJ-036,RFI-0024,Specialty Systems Constructability - Area E10,Specialty Systems,Low,Constructability,2024-09-21,2024-10-05,2024-10-12,2024-10-12,,Answered,Construction Manager,Design Manager,0,0,No,0,0,No,0,0,No,2,5
RFI-01364,PRJ-036,RFI-0025,Specialty Systems Coordination Conflict - Area B3,Specialty Systems,Medium,Coordination Conflict,2025-02-19,2025-03-03,,,,Open,Subcontractor,Owner Representative,0,0,No,0,0,No,0,0,No,5,5
RFI-01365,PRJ-036,RFI-0026,Fire Protection Coordination Conflict - Area B11,Fire Protection,Medium,Coordination Conflict,2024-03-29,2024-04-09,2024-04-22,2024-04-22,2024-04-25,Closed,Subcontractor,Engineer,0,0,No,0,0,Yes,3,2,Yes,3,4
RFI-01366,PRJ-036,RFI-0027,Structural Constructability - Area A3,Structural,Medium,Constructability,2024-03-06,2024-03-16,,,,Returned for Clarification,Construction Manager,Engineer,0,0,No,0,0,No,0,0,No,5,4
RFI-01367,PRJ-036,RFI-0028,Electrical Missing Information - Area E10,Electrical,Medium,Missing Information,2024-05-07,2024-05-19,2024-06-01,2024-06-01,2024-06-05,Closed,General Contractor,Engineer,0,0,Yes,8300,6300,No,0,0,Yes,1,4
RFI-01368,PRJ-036,RFI-0029,Architectural Missing Information - Area D8,Architectural,Low,Missing Information,2024-05-24,2024-06-09,2024-06-17,2024-06-21,2024-06-22,Closed,General Contractor,Architect,1,0,No,0,0,No,0,0,No,4,3
RFI-01369,PRJ-036,RFI-0030,Mechanical Design Clarification - Area C10,Mechanical,High,Design Clarification,2024-10-23,2024-10-27,2024-11-13,2024-11-13,2024-11-15,Closed,General Contractor,Engineer,0,0,Yes,13000,12000,No,0,0,Yes,5,3
RFI-01370,PRJ-036,RFI-0031,Specialty Systems Code Compliance - Area D8,Specialty Systems,High,Code Compliance,2024-05-01,2024-05-08,2024-05-15,2024-05-21,2024-05-22,Closed,General Contractor,Design Manager,2,0,No,0,0,No,0,0,No,5,2
RFI-01371,PRJ-036,RFI-0032,Architectural Design Clarification - Area C12,Architectural,Medium,Design Clarification,2024-07-25,2024-08-03,2024-08-05,2024-08-05,2024-08-06,Closed,Subcontractor,Architect,0,0,No,0,0,No,0,0,No,5,5
RFI-01372,PRJ-036,RFI-0033,Mechanical Coordination Conflict - Area C7,Mechanical,Low,Coordination Conflict,2025-02-05,2025-02-21,2025-03-02,2025-03-02,2025-03-02,Closed,General Contractor,Owner Representative,0,0,Yes,39000,40000,No,0,0,Yes,2,4
RFI-01373,PRJ-036,RFI-0034,Mechanical Design Clarification - Area E3,Mechanical,High,Design Clarification,2024-04-30,2024-05-05,2024-05-09,2024-05-09,,Answered,General Contractor,Engineer,0,0,Yes,184000,233000,No,0,0,Yes,6,5
RFI-01374,PRJ-036,RFI-0035,Mechanical Missing Information - Area B8,Mechanical,Critical,Missing Information,2025-02-10,2025-02-13,2025-02-24,2025-02-24,2025-02-28,Closed,Subcontractor,Owner Representative,0,0,No,0,0,No,0,0,No,1,4
RFI-01375,PRJ-036,RFI-0036,Structural Coordination Conflict - Area E1,Structural,Medium,Coordination Conflict,2025-04-21,2025-05-03,2025-05-10,2025-05-16,2025-05-19,Closed,Subcontractor,Engineer,2,0,No,0,0,No,0,0,No,4,3
RFI-01376,PRJ-036,RFI-0037,General Design Clarification - Area C6,General,Critical,Design Clarification,2025-10-29,2025-11-02,2025-11-15,2025-11-15,,Answered,Subcontractor,Construction Manager,0,0,No,0,0,Yes,21,29,Yes,2,5
RFI-01377,PRJ-036,RFI-0038,General Missing Information - Area C5,General,Medium,Missing Information,2025-10-27,2025-11-08,2025-11-12,2025-11-12,2025-11-14,Closed,Subcontractor,Construction Manager,0,0,No,0,0,No,0,0,No,6,5
RFI-01378,PRJ-036,RFI-0039,Plumbing Design Clarification - Area D2,Plumbing,Medium,Design Clarification,2024-05-07,2024-05-17,2024-05-12,2024-05-12,2024-05-16,Closed,General Contractor,Owner Representative,0,0,No,0,0,Yes,1,1,Yes,1,5
RFI-01379,PRJ-036,RFI-0040,Mechanical Field Condition - Area B10,Mechanical,High,Field Condition,2024-04-21,2024-04-27,2024-05-07,2024-05-07,2024-05-07,Closed,General Contractor,Engineer,0,0,No,0,0,No,0,0,No,1,5
RFI-01380,PRJ-036,RFI-0041,Architectural Coordination Conflict - Area D10,Architectural,High,Coordination Conflict,2024-04-30,2024-05-04,2024-05-17,2024-05-17,,Answered,General Contractor,Architect,0,0,No,0,0,No,0,0,No,2,3
RFI-01381,PRJ-036,RFI-0042,Mechanical Coordination Conflict - Area A3,Mechanical,Medium,Coordination Conflict,2024-04-21,2024-05-02,,,,Open,Construction Manager,Engineer,1,0,No,0,0,No,0,0,No,6,5
RFI-01382,PRJ-036,RFI-0043,Civil Missing Information - Area C6,Civil,Medium,Missing Information,2024-05-15,2024-05-24,2024-06-03,2024-06-04,2024-06-04,Closed,Subcontractor,Engineer,1,0,No,0,0,No,0,0,No,5,3
RFI-01383,PRJ-036,RFI-0044,Plumbing Field Condition - Area C3,Plumbing,Medium,Field Condition,2025-08-12,2025-08-23,2025-08-19,2025-08-19,,Answered,General Contractor,Engineer,0,0,No,0,0,No,0,0,No,5,5
RFI-01384,PRJ-036,RFI-0045,Structural Design Clarification - Area A8,Structural,Medium,Design Clarification,2024-02-09,2024-02-19,2024-02-19,2024-02-19,2024-02-21,Closed,General Contractor,Engineer,0,0,No,0,0,No,0,0,No,4,5
RFI-01385,PRJ-036,RFI-0046,General Coordination Conflict - Area D6,General,High,Coordination Conflict,2024-10-27,2024-11-02,2024-11-16,2024-11-18,,Answered,General Contractor,Construction Manager,1,0,No,0,0,No,0,0,No,1,3
RFI-01386,PRJ-037,RFI-0001,Architectural Field Condition - Area A4,Architectural,Low,Field Condition,2024-10-12,2024-10-27,2024-10-25,2024-10-28,,Answered,Subcontractor,Architect,1,0,No,0,0,No,0,0,No,2,4
RFI-01387,PRJ-037,RFI-0002,Plumbing Field Condition - Area E1,Plumbing,Medium,Field Condition,2023-12-02,2023-12-13,2023-12-13,2023-12-13,2023-12-17,Closed,General Contractor,Engineer,0,0,Yes,6700,9200,No,0,0,No,0,5
RFI-01388,PRJ-037,RFI-0003,Mechanical Field Condition - Area B3,Mechanical,Critical,Field Condition,2024-05-06,2024-05-09,2024-05-17,2024-05-20,2024-05-23,Closed,Subcontractor,Engineer,1,0,Yes,43000,55000,No,0,0,No,5,4
RFI-01389,PRJ-037,RFI-0004,Electrical Constructability - Area C4,Electrical,Medium,Constructability,2024-03-22,2024-04-02,2024-04-02,2024-04-02,,Answered,Subcontractor,Owner Representative,0,0,No,0,0,No,0,0,No,5,4
RFI-01390,PRJ-037,RFI-0005,Fire Protection Missing Information - Area D4,Fire Protection,Low,Missing Information,2024-08-09,2024-08-23,2024-08-19,2024-08-19,2024-08-21,Closed,Subcontractor,Engineer,0,0,No,0,0,No,0,0,No,2,5
RFI-01391,PRJ-037,RFI-0006,Mechanical Coordination Conflict - Area E4,Mechanical,Medium,Coordination Conflict,2024-08-31,2024-09-10,2024-09-09,2024-09-09,2024-09-13,Closed,Construction Manager,Engineer,0,0,No,0,0,No,0,0,No,4,5
RFI-01392,PRJ-037,RFI-0007,Electrical Field Condition - Area B12,Electrical,Low,Field Condition,2023-10-28,2023-11-12,2023-11-22,2023-11-22,,Answered,Construction Manager,Engineer,0,1,Yes,4200,3800,No,0,0,Yes,2,5
RFI-01393,PRJ-037,RFI-0008,Architectural Coordination Conflict - Area A6,Architectural,Medium,Coordination Conflict,2025-04-11,2025-04-22,2025-04-19,2025-04-19,2025-04-21,Closed,General Contractor,Architect,0,0,Yes,12000,11000,No,0,0,Yes,1,4
RFI-01394,PRJ-037,RFI-0009,Controls Design Clarification - Area A3,Controls,Low,Design Clarification,2025-09-14,2025-09-29,2025-09-26,2025-09-26,2025-09-26,Closed,General Contractor,Engineer,0,0,No,0,0,No,0,0,No,0,4
RFI-01395,PRJ-037,RFI-0010,Fire Protection Design Clarification - Area B4,Fire Protection,Medium,Design Clarification,2024-09-21,2024-10-01,2024-09-24,2024-09-24,2024-09-24,Closed,Subcontractor,Engineer,0,0,No,0,0,No,0,0,No,3,5
RFI-01396,PRJ-037,RFI-0011,Civil Substitution Request - Area B4,Civil,Medium,Substitution Request,2025-08-19,2025-08-31,2025-09-12,2025-09-12,2025-09-14,Closed,Subcontractor,Engineer,0,1,Yes,8200,10000,No,0,0,Yes,2,4
RFI-01397,PRJ-037,RFI-0012,Structural Substitution Request - Area D9,Structural,Medium,Substitution Request,2023-10-22,2023-10-31,2023-11-10,2023-11-12,,Answered,General Contractor,Engineer,1,0,Yes,3800,4000,No,0,0,Yes,1,4
RFI-01398,PRJ-037,RFI-0013,Specialty Systems Missing Information - Area A1,Specialty Systems,Medium,Missing Information,2024-11-15,2024-11-24,2024-11-22,2024-11-22,,Answered,General Contractor,Design Manager,0,0,No,0,0,No,0,0,No,0,5
RFI-01399,PRJ-037,RFI-0014,Plumbing Design Clarification - Area A8,Plumbing,High,Design Clarification,2023-09-29,2023-10-04,2023-10-11,2023-10-12,2023-10-14,Closed,General Contractor,Engineer,1,0,Yes,53000,52000,No,0,0,Yes,5,3
RFI-01400,PRJ-037,RFI-0015,Mechanical Design Clarification - Area D11,Mechanical,Medium,Design Clarification,2024-08-15,2024-08-24,2024-08-21,2024-08-21,2024-08-22,Closed,Subcontractor,Owner Representative,0,0,No,0,0,No,0,0,No,5,4
RFI-01401,PRJ-037,RFI-0016,Mechanical Design Clarification - Area A3,Mechanical,Medium,Design Clarification,2024-06-10,2024-06-22,2024-06-20,2024-06-20,2024-06-24,Closed,General Contractor,Engineer,0,0,No,0,0,No,0,0,No,3,5
RFI-01402,PRJ-037,RFI-0017,Structural Missing Information - Area B1,Structural,High,Missing Information,2024-12-28,2025-01-04,2025-01-03,2025-01-03,2025-01-03,Closed,Subcontractor,Engineer,0,0,No,0,0,No,0,0,No,4,5
RFI-01403,PRJ-037,RFI-0018,Specialty Systems Coordination Conflict - Area D4,Specialty Systems,Medium,Coordination Conflict,2024-08-24,2024-09-04,2024-09-10,2024-09-11,2024-09-13,Closed,General Contractor,Design Manager,1,0,Yes,31000,44000,Yes,3,2,No,0,5
RFI-01404,PRJ-037,RFI-0019,Fire Protection Design Clarification - Area D10,Fire Protection,High,Design Clarification,2023-07-24,2023-07-30,2023-08-07,2023-08-07,2023-08-09,Closed,Subcontractor,Engineer,0,1,No,0,0,No,0,0,No,3,3
RFI-01405,PRJ-037,RFI-0020,Fire Protection Missing Information - Area C6,Fire Protection,High,Missing Information,2023-11-22,2023-11-26,2023-11-26,2023-11-29,2023-12-01,Closed,Subcontractor,Owner Representative,1,0,No,0,0,No,0,0,No,1,4
RFI-01406,PRJ-037,RFI-0021,Electrical Field Condition - Area E1,Electrical,Medium,Field Condition,2024-06-07,2024-06-17,2024-06-15,2024-06-19,,Answered,Subcontractor,Engineer,1,0,No,0,0,No,0,0,No,5,4
RFI-01407,PRJ-037,RFI-0022,Civil Coordination Conflict - Area A7,Civil,Medium,Coordination Conflict,2024-03-02,2024-03-14,2024-03-12,2024-03-16,2024-03-17,Closed,Subcontractor,Engineer,1,0,No,0,0,No,0,0,No,3,4
RFI-01408,PRJ-037,RFI-0023,Electrical Constructability - Area D8,Electrical,High,Constructability,2023-09-27,2023-10-04,,,,Awaiting Designer,Subcontractor,Engineer,0,0,No,0,0,Yes,8,11,No,3,5
RFI-01409,PRJ-037,RFI-0024,Specialty Systems Missing Information - Area D12,Specialty Systems,Medium,Missing Information,2023-08-24,2023-09-02,2023-08-31,2023-08-31,2023-08-31,Closed,Subcontractor,Owner Representative,0,0,No,0,0,No,0,0,No,5,5
RFI-01410,PRJ-037,RFI-0025,Structural Coordination Conflict - Area D4,Structural,Low,Coordination Conflict,2025-07-20,2025-08-02,2025-08-09,2025-08-11,2025-08-11,Closed,Construction Manager,Engineer,1,0,No,0,0,Yes,2,2,Yes,4,3
RFI-01411,PRJ-037,RFI-0026,Mechanical Design Clarification - Area B4,Mechanical,Medium,Design Clarification,2024-12-31,2025-01-12,2025-01-11,2025-01-11,2025-01-14,Closed,General Contractor,Engineer,0,0,No,0,0,No,0,0,No,1,5
RFI-01412,PRJ-037,RFI-0027,Architectural Coordination Conflict - Area A11,Architectural,High,Coordination Conflict,2025-03-14,2025-03-18,2025-03-23,2025-03-23,,Answered,General Contractor,Architect,0,0,Yes,34000,27000,Yes,4,4,Yes,1,5
RFI-01413,PRJ-037,RFI-0028,Mechanical Design Clarification - Area B11,Mechanical,Low,Design Clarification,2024-10-18,2024-11-03,2024-10-26,,,In Review,General Contractor,Owner Representative,0,0,No,0,0,No,0,0,No,6,5
RFI-01414,PRJ-037,RFI-0029,Civil Substitution Request - Area C3,Civil,Low,Substitution Request,2024-06-16,2024-07-01,2024-06-23,2024-06-23,2024-06-23,Closed,Subcontractor,Engineer,0,0,No,0,0,No,0,0,No,0,4
RFI-01415,PRJ-037,RFI-0030,Structural Design Clarification - Area C11,Structural,Low,Design Clarification,2024-11-19,2024-12-03,2024-12-06,2024-12-06,2024-12-09,Closed,Subcontractor,Engineer,0,0,No,0,0,No,0,0,No,2,5
RFI-01416,PRJ-037,RFI-0031,Mechanical Design Clarification - Area C4,Mechanical,Medium,Design Clarification,2023-08-15,2023-08-25,2023-08-19,2023-08-19,,Answered,General Contractor,Engineer,0,0,No,0,0,No,0,0,No,5,5
RFI-01417,PRJ-037,RFI-0032,Mechanical Missing Information - Area E2,Mechanical,Critical,Missing Information,2023-10-20,2023-10-24,2023-10-28,2023-10-28,,Answered,Subcontractor,Engineer,0,0,No,0,0,Yes,19,27,No,6,5
RFI-01418,PRJ-037,RFI-0033,Structural Coordination Conflict - Area A9,Structural,Medium,Coordination Conflict,2024-10-12,2024-10-23,2024-11-05,2024-11-05,2024-11-06,Closed,General Contractor,Engineer,0,1,No,0,0,Yes,4,6,No,3,4
RFI-01419,PRJ-037,RFI-0034,Fire Protection Coordination Conflict - Area B10,Fire Protection,Medium,Coordination Conflict,2023-10-12,2023-10-23,2023-10-20,2023-10-20,2023-10-24,Closed,Construction Manager,Engineer,0,0,Yes,43000,33000,No,0,0,Yes,6,5
RFI-01420,PRJ-037,RFI-0035,Electrical Substitution Request - Area C9,Electrical,High,Substitution Request,2023-07-18,2023-07-22,2023-07-25,2023-07-25,,Answered,Subcontractor,Owner Representative,0,0,No,0,0,Yes,9,7,Yes,6,4
RFI-01421,PRJ-038,RFI-0001,General Missing Information - Area A3,General,High,Missing Information,2024-12-24,2024-12-28,2024-12-26,2024-12-26,,Answered,General Contractor,Construction Manager,0,0,No,0,0,No,0,0,No,3,5
RFI-01422,PRJ-038,RFI-0002,General Substitution Request - Area B3,General,Low,Substitution Request,2025-02-15,2025-02-28,2025-02-22,2025-02-22,2025-02-23,Closed,Subcontractor,Construction Manager,0,0,No,0,0,No,0,0,No,4,4
RFI-01423,PRJ-038,RFI-0003,Mechanical Field Condition - Area E2,Mechanical,Medium,Field Condition,2025-02-09,2025-02-20,2025-02-14,2025-02-14,,Answered,Subcontractor,Engineer,0,0,No,0,0,No,0,0,No,5,5
RFI-01424,PRJ-038,RFI-0004,Electrical Substitution Request - Area B7,Electrical,Medium,Substitution Request,2024-12-17,2024-12-26,2024-12-19,2024-12-19,2024-12-19,Closed,Construction Manager,Engineer,0,0,No,0,0,Yes,2,2,No,5,5
RFI-01425,PRJ-038,RFI-0005,Electrical Constructability - Area E8,Electrical,Medium,Constructability,2024-04-02,2024-04-12,2024-04-05,2024-04-05,2024-04-05,Closed,Subcontractor,Engineer,0,0,Yes,237000,287000,No,0,0,Yes,3,4
RFI-01426,PRJ-038,RFI-0006,Civil Constructability - Area E5,Civil,High,Constructability,2025-05-01,2025-05-07,2025-05-05,2025-05-05,2025-05-06,Closed,General Contractor,Engineer,0,0,No,0,0,No,0,0,No,5,5
RFI-01427,PRJ-038,RFI-0007,Mechanical Field Condition - Area C8,Mechanical,Low,Field Condition,2024-06-15,2024-06-30,2024-06-21,2024-06-21,,Answered,General Contractor,Engineer,0,0,No,0,0,No,0,0,No,0,5
RFI-01428,PRJ-038,RFI-0008,Structural Coordination Conflict - Area C7,Structural,Low,Coordination Conflict,2025-01-15,2025-01-30,2025-01-19,2025-01-19,2025-01-21,Closed,Construction Manager,Engineer,0,0,No,0,0,No,0,0,No,4,5
RFI-01429,PRJ-038,RFI-0009,Architectural Coordination Conflict - Area B7,Architectural,Medium,Coordination Conflict,2025-05-26,2025-06-05,2025-05-30,2025-05-30,,Answered,Subcontractor,Architect,0,0,No,0,0,No,0,0,No,4,5
RFI-01430,PRJ-038,RFI-0010,Controls Constructability - Area E11,Controls,High,Constructability,2025-02-01,2025-02-08,2025-02-07,2025-02-07,2025-02-09,Closed,General Contractor,Engineer,0,0,No,0,0,No,0,0,No,3,5
RFI-01431,PRJ-038,RFI-0011,Mechanical Coordination Conflict - Area C9,Mechanical,Low,Coordination Conflict,2024-06-19,2024-07-05,,,,Open,General Contractor,Engineer,0,0,No,0,0,No,0,0,No,4,5
RFI-01432,PRJ-038,RFI-0012,Electrical Design Clarification - Area D4,Electrical,Medium,Design Clarification,2024-04-13,2024-04-22,2024-04-18,2024-04-18,2024-04-20,Closed,Subcontractor,Engineer,0,0,No,0,0,No,0,0,No,6,5
RFI-01433,PRJ-038,RFI-0013,Architectural Missing Information - Area C8,Architectural,High,Missing Information,2025-06-23,2025-06-28,2025-07-02,2025-07-03,2025-07-04,Closed,General Contractor,Architect,1,0,No,0,0,No,0,0,No,1,3
RFI-01434,PRJ-038,RFI-0014,Mechanical Coordination Conflict - Area B8,Mechanical,Medium,Coordination Conflict,2024-12-28,2025-01-08,2025-01-05,2025-01-05,2025-01-08,Closed,General Contractor,Engineer,0,0,No,0,0,No,0,0,No,0,5
RFI-01435,PRJ-038,RFI-0015,Plumbing Field Condition - Area A6,Plumbing,Medium,Field Condition,2025-02-19,2025-03-03,2025-02-24,2025-02-24,,Answered,Subcontractor,Engineer,0,0,No,0,0,No,0,0,No,1,4
RFI-01436,PRJ-038,RFI-0016,Architectural Coordination Conflict - Area D10,Architectural,Medium,Coordination Conflict,2024-06-09,2024-06-18,2024-06-12,2024-06-12,2024-06-13,Closed,General Contractor,Architect,0,0,No,0,0,No,0,0,No,3,5
RFI-01437,PRJ-038,RFI-0017,Specialty Systems Design Clarification - Area B6,Specialty Systems,Medium,Design Clarification,2025-07-05,2025-07-16,2025-07-09,2025-07-09,2025-07-11,Closed,General Contractor,Design Manager,0,0,No,0,0,No,0,0,No,2,5
RFI-01438,PRJ-038,RFI-0018,Civil Field Condition - Area E8,Civil,High,Field Condition,2025-02-13,2025-02-17,2025-02-17,2025-02-17,2025-02-20,Closed,Subcontractor,Engineer,0,0,No,0,0,No,0,0,No,0,5
RFI-01439,PRJ-038,RFI-0019,Structural Design Clarification - Area C1,Structural,Medium,Design Clarification,2024-04-27,2024-05-08,2024-05-01,2024-05-01,2024-05-01,Closed,Construction Manager,Engineer,0,0,No,0,0,No,0,0,No,6,5
RFI-01440,PRJ-038,RFI-0020,Electrical Coordination Conflict - Area D6,Electrical,Medium,Coordination Conflict,2024-12-02,2024-12-12,2024-12-09,2024-12-13,,Answered,General Contractor,Owner Representative,1,0,No,0,0,Yes,1,1,Yes,0,5
RFI-01441,PRJ-038,RFI-0021,Electrical Design Clarification - Area B7,Electrical,High,Design Clarification,2024-09-14,2024-09-20,2024-09-21,2024-09-25,2024-09-27,Closed,Subcontractor,Engineer,2,0,Yes,31000,35000,No,0,0,Yes,4,2
RFI-01442,PRJ-038,RFI-0022,Specialty Systems Coordination Conflict - Area B10,Specialty Systems,Low,Coordination Conflict,2025-05-31,2025-06-15,2025-06-13,2025-06-17,2025-06-19,Closed,Subcontractor,Design Manager,1,0,Yes,6200,6300,No,0,0,Yes,0,4
RFI-01443,PRJ-038,RFI-0023,General Design Clarification - Area A6,General,Low,Design Clarification,2024-07-17,2024-08-01,2024-07-21,2024-07-21,,Answered,Subcontractor,Construction Manager,0,0,No,0,0,No,0,0,No,1,4
RFI-01444,PRJ-038,RFI-0024,Civil Coordination Conflict - Area C3,Civil,Low,Coordination Conflict,2024-10-19,2024-11-04,2024-10-25,2024-10-25,2024-10-26,Closed,Subcontractor,Owner Representative,0,0,No,0,0,No,0,0,No,6,3
RFI-01445,PRJ-039,RFI-0001,Plumbing Design Clarification - Area C3,Plumbing,High,Design Clarification,2025-10-12,2025-10-17,2025-10-28,2025-10-28,,Answered,Construction Manager,Engineer,0,0,No,0,0,No,0,0,No,2,5
RFI-01446,PRJ-039,RFI-0002,Structural Design Clarification - Area E7,Structural,Low,Design Clarification,2025-09-24,2025-10-07,2025-10-07,2025-10-11,,Answered,Construction Manager,Engineer,1,0,No,0,0,No,0,0,No,4,4
RFI-01447,PRJ-039,RFI-0003,Mechanical Design Clarification - Area A7,Mechanical,Medium,Design Clarification,2025-11-28,2025-12-10,2025-12-11,2025-12-11,2025-12-15,Closed,General Contractor,Engineer,0,0,No,0,0,No,0,0,No,0,5
RFI-01448,PRJ-039,RFI-0004,Plumbing Coordination Conflict - Area B8,Plumbing,Low,Coordination Conflict,2025-02-11,2025-02-26,2025-03-01,2025-03-01,2025-03-01,Closed,Construction Manager,Engineer,0,0,No,0,0,No,0,0,No,6,5
RFI-01449,PRJ-039,RFI-0005,Architectural Constructability - Area D6,Architectural,Low,Constructability,2025-11-21,2025-12-06,2025-11-27,2025-11-27,,Answered,General Contractor,Architect,0,0,Yes,10000,9100,No,0,0,Yes,1,5
RFI-01450,PRJ-039,RFI-0006,Electrical Constructability - Area C1,Electrical,Medium,Constructability,2025-06-02,2025-06-13,2025-06-11,2025-06-11,,Answered,General Contractor,Engineer,0,0,No,0,0,Yes,1,1,Yes,0,5
RFI-01451,PRJ-039,RFI-0007,Mechanical Constructability - Area B9,Mechanical,High,Constructability,2025-12-10,2025-12-17,2025-12-19,2025-12-23,2025-12-24,Closed,General Contractor,Engineer,1,0,Yes,21000,22000,No,0,0,Yes,5,3
RFI-01452,PRJ-039,RFI-0008,Architectural Design Clarification - Area A1,Architectural,Medium,Design Clarification,2025-09-01,2025-09-10,2025-09-11,2025-09-11,2025-09-11,Closed,Construction Manager,Architect,0,0,No,0,0,No,0,0,No,4,5
RFI-01453,PRJ-039,RFI-0009,Specialty Systems Constructability - Area A9,Specialty Systems,High,Constructability,2024-12-26,2024-12-31,2025-01-07,2025-01-07,2025-01-11,Closed,Subcontractor,Design Manager,0,0,No,0,0,Yes,5,7,Yes,1,4
RFI-01454,PRJ-039,RFI-0010,Architectural Design Clarification - Area B4,Architectural,Low,Design Clarification,2025-04-03,2025-04-18,2025-04-13,2025-04-17,2025-04-19,Closed,General Contractor,Architect,1,0,No,0,0,No,0,0,No,1,4
RFI-01455,PRJ-039,RFI-0011,Plumbing Missing Information - Area D10,Plumbing,High,Missing Information,2025-02-21,2025-02-25,2025-02-25,2025-02-25,2025-02-27,Closed,General Contractor,Engineer,0,0,No,0,0,No,0,0,No,3,5
RFI-01456,PRJ-039,RFI-0012,Controls Substitution Request - Area D4,Controls,Medium,Substitution Request,2025-03-16,2025-03-26,2025-03-29,2025-03-29,2025-04-01,Closed,Subcontractor,Owner Representative,0,0,Yes,64000,61000,No,0,0,Yes,2,5
RFI-01457,PRJ-039,RFI-0013,Electrical Coordination Conflict - Area B3,Electrical,Medium,Coordination Conflict,2024-05-28,2024-06-09,2024-06-14,2024-06-14,,Answered,Subcontractor,Engineer,0,0,No,0,0,No,0,0,No,4,5
RFI-01458,PRJ-039,RFI-0014,Structural Missing Information - Area A8,Structural,High,Missing Information,2025-09-17,2025-09-21,2025-09-25,2025-09-25,,Answered,General Contractor,Engineer,0,0,No,0,0,No,0,0,No,3,4
RFI-01459,PRJ-039,RFI-0015,Electrical Constructability - Area A10,Electrical,Medium,Constructability,2025-10-03,2025-10-15,2025-10-12,2025-10-12,2025-10-14,Closed,General Contractor,Engineer,0,0,No,0,0,No,0,0,No,5,5
RFI-01460,PRJ-039,RFI-0016,Architectural Coordination Conflict - Area D5,Architectural,Medium,Coordination Conflict,2025-06-14,2025-06-26,2025-06-19,2025-06-19,,Answered,General Contractor,Architect,0,0,No,0,0,No,0,0,No,0,5
RFI-01461,PRJ-039,RFI-0017,General Coordination Conflict - Area C6,General,Low,Coordination Conflict,2024-05-03,2024-05-16,2024-05-09,2024-05-09,,Answered,Subcontractor,Construction Manager,0,0,No,0,0,No,0,0,No,0,4
RFI-01462,PRJ-039,RFI-0018,Structural Code Compliance - Area C5,Structural,Medium,Code Compliance,2025-03-23,2025-04-02,2025-04-03,2025-04-03,2025-04-03,Closed,General Contractor,Owner Representative,0,0,No,0,0,No,0,0,No,6,5
RFI-01463,PRJ-039,RFI-0019,Electrical Design Clarification - Area E7,Electrical,Medium,Design Clarification,2025-08-26,2025-09-04,2025-09-06,2025-09-06,2025-09-06,Closed,General Contractor,Engineer,0,0,No,0,0,No,0,0,No,0,4
RFI-01464,PRJ-039,RFI-0020,Structural Constructability - Area A7,Structural,Low,Constructability,2025-04-02,2025-04-15,2025-04-11,2025-04-11,,Answered,Subcontractor,Engineer,0,0,No,0,0,No,0,0,No,3,5
RFI-01465,PRJ-039,RFI-0021,Mechanical Coordination Conflict - Area D12,Mechanical,Medium,Coordination Conflict,2024-06-08,2024-06-19,2024-06-27,2024-06-27,2024-06-28,Closed,General Contractor,Engineer,0,1,No,0,0,No,0,0,No,0,5
RFI-01466,PRJ-039,RFI-0022,Structural Design Clarification - Area C7,Structural,Low,Design Clarification,2025-11-25,2025-12-09,2025-11-30,2025-11-30,,Answered,Subcontractor,Engineer,0,0,No,0,0,No,0,0,No,3,5
RFI-01467,PRJ-039,RFI-0023,Electrical Coordination Conflict - Area E6,Electrical,Medium,Coordination Conflict,2024-11-02,2024-11-12,2024-11-10,2024-11-10,,Answered,General Contractor,Engineer,0,0,No,0,0,No,0,0,No,3,5
RFI-01468,PRJ-039,RFI-0024,Mechanical Substitution Request - Area A5,Mechanical,Medium,Substitution Request,2025-03-08,2025-03-19,2025-03-18,2025-03-18,,Answered,Subcontractor,Engineer,0,0,No,0,0,No,0,0,No,3,4
RFI-01469,PRJ-039,RFI-0025,Electrical Field Condition - Area C12,Electrical,High,Field Condition,2025-04-24,2025-04-30,2025-05-09,2025-05-11,2025-05-15,Closed,Subcontractor,Engineer,1,0,No,0,0,No,0,0,No,4,4
RFI-01470,PRJ-039,RFI-0026,Specialty Systems Design Clarification - Area A10,Specialty Systems,Low,Design Clarification,2024-11-12,2024-11-26,2024-11-21,2024-11-21,2024-11-22,Closed,General Contractor,Design Manager,0,0,No,0,0,No,0,0,No,1,5
RFI-01471,PRJ-039,RFI-0027,Electrical Substitution Request - Area E11,Electrical,Low,Substitution Request,2025-05-02,2025-05-15,2025-05-15,2025-05-15,2025-05-17,Closed,General Contractor,Engineer,0,0,No,0,0,No,0,0,No,4,4
RFI-01472,PRJ-039,RFI-0028,Electrical Field Condition - Area D2,Electrical,Medium,Field Condition,2025-04-27,2025-05-06,2025-05-06,2025-05-06,,Answered,General Contractor,Engineer,0,0,No,0,0,No,0,0,No,2,5
RFI-01473,PRJ-039,RFI-0029,Architectural Field Condition - Area B2,Architectural,Low,Field Condition,2025-06-18,2025-07-01,2025-07-05,2025-07-05,2025-07-07,Closed,Subcontractor,Architect,0,0,Yes,6800,5800,No,0,0,Yes,4,5
RFI-01474,PRJ-039,RFI-0030,Architectural Constructability - Area D9,Architectural,High,Constructability,2025-09-14,2025-09-18,2025-09-19,2025-09-19,,Answered,Subcontractor,Architect,0,0,Yes,73000,80000,Yes,12,14,No,4,3
RFI-01475,PRJ-039,RFI-0031,Architectural Design Clarification - Area E7,Architectural,Medium,Design Clarification,2024-07-22,2024-08-03,2024-07-29,2024-07-29,2024-08-01,Closed,General Contractor,Owner Representative,0,0,No,0,0,No,0,0,No,6,5
RFI-01476,PRJ-039,RFI-0032,Structural Constructability - Area D7,Structural,Medium,Constructability,2024-06-04,2024-06-14,2024-06-19,2024-06-19,,Answered,Subcontractor,Engineer,0,0,Yes,8700,6800,No,0,0,No,1,5
RFI-01477,PRJ-039,RFI-0033,Structural Missing Information - Area E12,Structural,Medium,Missing Information,2024-09-03,2024-09-14,2024-09-19,2024-09-19,2024-09-23,Closed,General Contractor,Engineer,0,0,No,0,0,No,0,0,No,5,5
RFI-01478,PRJ-039,RFI-0034,Mechanical Constructability - Area D10,Mechanical,Medium,Constructability,2025-03-10,2025-03-20,2025-03-26,2025-03-29,2025-03-30,Closed,Construction Manager,Engineer,1,0,No,0,0,No,0,0,No,5,3
RFI-01479,PRJ-039,RFI-0035,Structural Design Clarification - Area E1,Structural,Low,Design Clarification,2024-12-13,2024-12-27,2025-01-10,2025-01-12,2025-01-12,Closed,General Contractor,Engineer,1,1,No,0,0,Yes,1,1,No,2,4
RFI-01480,PRJ-039,RFI-0036,Plumbing Constructability - Area B11,Plumbing,Medium,Constructability,2025-09-29,2025-10-08,2025-10-24,2025-10-26,2025-10-27,Closed,Subcontractor,Engineer,1,0,No,0,0,No,0,0,No,3,3
RFI-01481,PRJ-039,RFI-0037,Structural Design Clarification - Area B12,Structural,High,Design Clarification,2025-01-18,2025-01-22,2025-01-30,2025-02-02,2025-02-04,Closed,General Contractor,Engineer,1,0,No,0,0,No,0,0,No,2,3
RFI-01482,PRJ-039,RFI-0038,Electrical Substitution Request - Area A2,Electrical,Medium,Substitution Request,2025-05-19,2025-05-28,2025-05-26,2025-05-28,,Answered,Subcontractor,Owner Representative,1,0,No,0,0,No,0,0,No,4,5
RFI-01483,PRJ-039,RFI-0039,Mechanical Constructability - Area C6,Mechanical,Medium,Constructability,2025-05-15,2025-05-24,2025-05-24,2025-05-24,2025-05-28,Closed,General Contractor,Engineer,0,0,No,0,0,No,0,0,No,4,5
RFI-01484,PRJ-039,RFI-0040,Architectural Substitution Request - Area E11,Architectural,High,Substitution Request,2025-01-12,2025-01-17,,,,In Review,Subcontractor,Architect,0,1,No,0,0,No,0,0,No,4,5
RFI-01485,PRJ-040,RFI-0001,Electrical Coordination Conflict - Area A3,Electrical,Medium,Coordination Conflict,2024-03-18,2024-03-30,2024-04-05,2024-04-05,2024-04-05,Closed,Subcontractor,Engineer,0,0,No,0,0,No,0,0,No,3,4
RFI-01486,PRJ-040,RFI-0002,General Coordination Conflict - Area B5,General,Medium,Coordination Conflict,2024-09-15,2024-09-25,2024-09-25,2024-09-25,2024-09-25,Closed,Subcontractor,Construction Manager,0,0,No,0,0,Yes,7,6,No,3,5
RFI-01487,PRJ-040,RFI-0003,Electrical Missing Information - Area E12,Electrical,Medium,Missing Information,2024-06-25,2024-07-04,2024-07-06,2024-07-06,2024-07-06,Closed,Subcontractor,Owner Representative,0,0,Yes,10000,12000,No,0,0,Yes,3,5
RFI-01488,PRJ-040,RFI-0004,Specialty Systems Design Clarification - Area D8,Specialty Systems,Medium,Design Clarification,2025-05-16,2025-05-25,2025-06-11,2025-06-14,,Answered,General Contractor,Design Manager,1,0,Yes,16000,12000,No,0,0,No,1,3
RFI-01489,PRJ-040,RFI-0005,Plumbing Code Compliance - Area D5,Plumbing,Medium,Code Compliance,2024-10-05,2024-10-15,2024-10-17,2024-10-19,2024-10-23,Closed,Subcontractor,Engineer,1,0,Yes,17000,22000,No,0,0,Yes,1,5
RFI-01490,PRJ-040,RFI-0006,General Field Condition - Area A3,General,Medium,Field Condition,2024-02-01,2024-02-10,2024-02-25,2024-02-29,2024-03-01,Closed,General Contractor,Construction Manager,1,0,Yes,1000,1400,Yes,4,6,Yes,6,2
RFI-01491,PRJ-040,RFI-0007,Mechanical Design Clarification - Area B1,Mechanical,Critical,Design Clarification,2024-08-25,2024-08-29,2024-09-06,2024-09-06,2024-09-09,Closed,Subcontractor,Engineer,0,0,No,0,0,No,0,0,No,2,5
RFI-01492,PRJ-040,RFI-0008,Mechanical Design Clarification - Area E4,Mechanical,Medium,Design Clarification,2025-06-14,2025-06-23,,,,Returned for Clarification,Subcontractor,Engineer,0,0,Yes,22000,23000,No,0,0,Yes,1,5
RFI-01493,PRJ-040,RFI-0009,Mechanical Design Clarification - Area A4,Mechanical,Low,Design Clarification,2024-08-23,2024-09-05,2024-09-18,2024-09-20,,Answered,General Contractor,Engineer,1,0,Yes,7100,5800,No,0,0,No,4,3
RFI-01494,PRJ-040,RFI-0010,Electrical Design Clarification - Area E8,Electrical,Medium,Design Clarification,2025-09-07,2025-09-17,2025-09-20,2025-09-20,2025-09-24,Closed,Subcontractor,Engineer,0,0,No,0,0,No,0,0,No,0,5
RFI-01495,PRJ-040,RFI-0011,Specialty Systems Design Clarification - Area E2,Specialty Systems,Medium,Design Clarification,2025-02-26,2025-03-10,2025-03-17,2025-03-17,2025-03-20,Closed,Subcontractor,Design Manager,0,0,No,0,0,No,0,0,No,3,4
RFI-01496,PRJ-040,RFI-0012,Specialty Systems Constructability - Area E4,Specialty Systems,Medium,Constructability,2025-01-11,2025-01-22,2025-01-30,2025-02-01,2025-02-01,Closed,General Contractor,Design Manager,1,0,No,0,0,Yes,3,2,No,3,3
RFI-01497,PRJ-040,RFI-0013,Mechanical Substitution Request - Area E7,Mechanical,Medium,Substitution Request,2025-03-26,2025-04-05,2025-04-17,2025-04-17,,Answered,Subcontractor,Owner Representative,0,0,Yes,24000,22000,No,0,0,Yes,4,5
RFI-01498,PRJ-040,RFI-0014,Electrical Substitution Request - Area A11,Electrical,Medium,Substitution Request,2024-01-28,2024-02-07,2024-02-16,2024-02-16,2024-02-17,Closed,Construction Manager,Engineer,0,0,No,0,0,No,0,0,No,3,4
RFI-01499,PRJ-040,RFI-0015,Plumbing Design Clarification - Area B1,Plumbing,Medium,Design Clarification,2024-05-30,2024-06-08,2024-06-13,2024-06-15,2024-06-15,Closed,Subcontractor,Engineer,1,0,No,0,0,No,0,0,No,6,4
RFI-01500,PRJ-040,RFI-0016,Electrical Field Condition - Area C7,Electrical,Medium,Field Condition,2025-10-18,2025-10-30,2025-11-10,,,Open,Subcontractor,Engineer,0,0,Yes,43000,50000,Yes,20,22,Yes,2,5
RFI-01501,PRJ-040,RFI-0017,Electrical Field Condition - Area C11,Electrical,Medium,Field Condition,2025-07-08,2025-07-18,2025-07-20,2025-07-24,2025-07-26,Closed,General Contractor,Owner Representative,1,0,No,0,0,No,0,0,No,2,3
RFI-01502,PRJ-040,RFI-0018,Plumbing Coordination Conflict - Area E2,Plumbing,Medium,Coordination Conflict,2025-04-24,2025-05-05,2025-05-07,2025-05-07,,Answered,Subcontractor,Owner Representative,0,0,Yes,74000,80000,Yes,10,13,No,5,5
RFI-01503,PRJ-040,RFI-0019,Architectural Coordination Conflict - Area D12,Architectural,Medium,Coordination Conflict,2024-01-27,2024-02-08,2024-02-09,2024-02-09,2024-02-13,Closed,General Contractor,Architect,0,0,No,0,0,Yes,2,1,No,2,5
RFI-01504,PRJ-040,RFI-0020,Plumbing Coordination Conflict - Area E6,Plumbing,High,Coordination Conflict,2024-08-11,2024-08-16,2024-09-04,2024-09-08,2024-09-12,Closed,Subcontractor,Engineer,2,0,Yes,177000,141000,Yes,11,15,Yes,0,2
RFI-01505,PRJ-040,RFI-0021,Structural Design Clarification - Area E6,Structural,High,Design Clarification,2025-06-22,2025-06-26,2025-07-05,2025-07-08,2025-07-09,Closed,General Contractor,Engineer,1,0,No,0,0,No,0,0,No,5,2
RFI-01506,PRJ-040,RFI-0022,Electrical Design Clarification - Area D11,Electrical,Low,Design Clarification,2024-08-23,2024-09-05,2024-09-12,2024-09-13,,Answered,General Contractor,Engineer,1,0,No,0,0,No,0,0,No,3,3
RFI-01507,PRJ-040,RFI-0023,Architectural Design Clarification - Area B4,Architectural,Medium,Design Clarification,2025-08-21,2025-08-31,2025-08-30,2025-09-03,2025-09-04,Closed,General Contractor,Architect,1,1,No,0,0,No,0,0,No,4,5
RFI-01508,PRJ-040,RFI-0024,General Substitution Request - Area D6,General,Low,Substitution Request,2024-01-15,2024-01-30,2024-01-30,2024-02-02,2024-02-06,Closed,Subcontractor,Owner Representative,1,0,No,0,0,No,0,0,No,6,4
RFI-01509,PRJ-040,RFI-0025,Plumbing Constructability - Area E11,Plumbing,Medium,Constructability,2025-04-18,2025-04-28,2025-05-08,2025-05-08,,Answered,Construction Manager,Owner Representative,0,0,No,0,0,No,0,0,No,5,4
RFI-01510,PRJ-040,RFI-0026,Controls Substitution Request - Area D11,Controls,Medium,Substitution Request,2024-08-17,2024-08-29,2024-08-28,2024-08-28,2024-08-30,Closed,General Contractor,Engineer,0,0,Yes,20000,27000,No,0,0,Yes,4,4
RFI-01511,PRJ-040,RFI-0027,Electrical Coordination Conflict - Area E6,Electrical,Medium,Coordination Conflict,2024-08-14,2024-08-25,2024-09-06,2024-09-08,2024-09-11,Closed,Subcontractor,Owner Representative,1,0,Yes,2400,3400,No,0,0,No,2,4
RFI-01512,PRJ-040,RFI-0028,Architectural Design Clarification - Area E7,Architectural,High,Design Clarification,2024-11-16,2024-11-23,2024-11-30,2024-11-30,2024-12-01,Closed,Subcontractor,Architect,0,0,No,0,0,No,0,0,No,5,4
RFI-01513,PRJ-040,RFI-0029,Structural Missing Information - Area E12,Structural,Medium,Missing Information,2024-12-20,2024-12-29,2025-01-06,2025-01-06,2025-01-06,Closed,Subcontractor,Engineer,0,0,Yes,12000,8700,No,0,0,Yes,1,5
RFI-01514,PRJ-040,RFI-0030,Fire Protection Missing Information - Area E12,Fire Protection,High,Missing Information,2025-12-11,2025-12-15,2025-12-22,2025-12-24,2025-12-26,Closed,Construction Manager,Engineer,1,0,No,0,0,No,0,0,No,1,4
RFI-01515,PRJ-040,RFI-0031,Architectural Field Condition - Area C4,Architectural,Medium,Field Condition,2025-05-25,2025-06-05,2025-06-06,2025-06-06,2025-06-10,Closed,Subcontractor,Architect,0,0,No,0,0,No,0,0,No,4,4
RFI-01516,PRJ-040,RFI-0032,Architectural Coordination Conflict - Area B6,Architectural,Low,Coordination Conflict,2025-07-10,2025-07-25,2025-08-04,2025-08-04,,Answered,Construction Manager,Architect,0,0,No,0,0,No,0,0,No,4,3
RFI-01517,PRJ-040,RFI-0033,Architectural Missing Information - Area A1,Architectural,Medium,Missing Information,2025-04-05,2025-04-15,2025-04-20,,,In Review,Construction Manager,Architect,1,0,Yes,8700,7400,No,0,0,No,2,3
RFI-01518,PRJ-040,RFI-0034,Civil Substitution Request - Area E5,Civil,Medium,Substitution Request,2024-09-19,2024-09-30,2024-10-02,2024-10-02,,Answered,Construction Manager,Owner Representative,0,0,No,0,0,No,0,0,No,2,5
RFI-01519,PRJ-040,RFI-0035,Plumbing Coordination Conflict - Area C1,Plumbing,High,Coordination Conflict,2024-07-08,2024-07-15,2024-07-18,2024-07-18,,Answered,Construction Manager,Engineer,0,0,No,0,0,No,0,0,No,6,5
RFI-01520,PRJ-040,RFI-0036,Architectural Coordination Conflict - Area E1,Architectural,Medium,Coordination Conflict,2024-03-16,2024-03-27,2024-03-29,2024-03-29,2024-03-31,Closed,Subcontractor,Owner Representative,0,0,No,0,0,No,0,0,No,1,5
RFI-01521,PRJ-040,RFI-0037,Electrical Coordination Conflict - Area B4,Electrical,High,Coordination Conflict,2024-02-11,2024-02-17,2024-02-17,2024-02-17,2024-02-20,Closed,General Contractor,Engineer,0,0,No,0,0,No,0,0,No,0,5
RFI-01522,PRJ-040,RFI-0038,Architectural Field Condition - Area A11,Architectural,Medium,Field Condition,2024-03-28,2024-04-09,2024-04-15,2024-04-15,,Answered,General Contractor,Architect,0,1,No,0,0,No,0,0,No,1,5
RFI-01523,PRJ-040,RFI-0039,Plumbing Substitution Request - Area E11,Plumbing,Medium,Substitution Request,2024-01-20,2024-02-01,2024-01-31,2024-02-02,2024-02-02,Closed,Construction Manager,Engineer,1,0,No,0,0,Yes,1,1,No,3,5
RFI-01524,PRJ-040,RFI-0040,Mechanical Field Condition - Area E11,Mechanical,Medium,Field Condition,2024-10-15,2024-10-27,2024-11-03,2024-11-03,2024-11-07,Closed,General Contractor,Engineer,0,0,Yes,29000,34000,No,0,0,No,0,4
RFI-01525,PRJ-040,RFI-0041,General Missing Information - Area E2,General,Medium,Missing Information,2025-12-18,2025-12-30,,,,Returned for Clarification,Subcontractor,Construction Manager,1,0,No,0,0,No,0,0,No,3,5
RFI-01526,PRJ-040,RFI-0042,Architectural Coordination Conflict - Area A4,Architectural,Critical,Coordination Conflict,2025-03-25,2025-03-27,2025-04-03,2025-04-03,2025-04-06,Closed,Subcontractor,Architect,0,0,No,0,0,No,0,0,No,4,3
RFI-01527,PRJ-040,RFI-0043,Controls Code Compliance - Area E2,Controls,Low,Code Compliance,2025-05-31,2025-06-13,2025-06-12,,,Awaiting Designer,General Contractor,Engineer,0,0,No,0,0,No,0,0,No,1,4
RFI-01528,PRJ-040,RFI-0044,General Design Clarification - Area A11,General,Low,Design Clarification,2025-09-22,2025-10-08,2025-10-07,2025-10-09,2025-10-10,Closed,Subcontractor,Construction Manager,1,0,No,0,0,Yes,3,3,Yes,4,4
RFI-01529,PRJ-040,RFI-0045,Architectural Design Clarification - Area C9,Architectural,High,Design Clarification,2025-03-13,2025-03-20,2025-04-14,2025-04-14,2025-04-15,Closed,Construction Manager,Architect,0,0,Yes,44000,51000,No,0,0,No,5,3
RFI-01530,PRJ-040,RFI-0046,Specialty Systems Design Clarification - Area E11,Specialty Systems,Medium,Design Clarification,2024-07-31,2024-08-11,2024-08-29,2024-08-29,2024-09-01,Closed,General Contractor,Design Manager,0,0,No,0,0,No,0,0,No,2,4
RFI-01531,PRJ-040,RFI-0047,General Coordination Conflict - Area D1,General,Medium,Coordination Conflict,2024-11-09,2024-11-20,2024-11-28,2024-11-29,2024-12-02,Closed,Construction Manager,Construction Manager,1,0,No,0,0,No,0,0,No,6,4
RFI-01532,PRJ-040,RFI-0048,Structural Coordination Conflict - Area B9,Structural,Medium,Coordination Conflict,2024-07-10,2024-07-20,,,,In Review,Subcontractor,Engineer,0,0,No,0,0,No,0,0,No,1,5
RFI-01533,PRJ-040,RFI-0049,Electrical Constructability - Area A5,Electrical,Low,Constructability,2025-04-03,2025-04-19,2025-04-23,2025-04-24,2025-04-27,Closed,General Contractor,Engineer,1,0,No,0,0,No,0,0,No,0,5
RFI-01534,PRJ-040,RFI-0050,Mechanical Substitution Request - Area C7,Mechanical,Medium,Substitution Request,2025-05-03,2025-05-15,2025-05-14,2025-05-14,2025-05-14,Closed,Subcontractor,Engineer,0,0,Yes,21000,20000,No,0,0,No,0,5
RFI-01535,PRJ-040,RFI-0051,Electrical Design Clarification - Area D7,Electrical,Medium,Design Clarification,2025-05-15,2025-05-25,,,,Awaiting Designer,Construction Manager,Engineer,1,0,Yes,39000,50000,No,0,0,Yes,3,2
RFI-01536,PRJ-041,RFI-0001,Civil Design Clarification - Area A8,Civil,Medium,Design Clarification,2022-06-10,2022-06-21,2022-06-14,2022-06-14,2022-06-18,Closed,General Contractor,Engineer,0,0,No,0,0,No,0,0,No,0,5
RFI-01537,PRJ-041,RFI-0002,Controls Field Condition - Area A5,Controls,Medium,Field Condition,2022-07-19,2022-07-31,2022-07-25,2022-07-25,2022-07-28,Closed,Subcontractor,Engineer,0,0,No,0,0,No,0,0,No,6,5
RFI-01538,PRJ-041,RFI-0003,Electrical Coordination Conflict - Area C4,Electrical,High,Coordination Conflict,2022-06-03,2022-06-08,2022-06-13,2022-06-13,,Answered,General Contractor,Engineer,0,0,Yes,35000,48000,No,0,0,Yes,5,5
RFI-01539,PRJ-041,RFI-0004,Architectural Design Clarification - Area C8,Architectural,High,Design Clarification,2022-07-26,2022-07-30,2022-08-01,2022-08-01,,Answered,General Contractor,Architect,0,0,No,0,0,No,0,0,No,5,5
RFI-01540,PRJ-041,RFI-0005,Plumbing Design Clarification - Area D3,Plumbing,Low,Design Clarification,2022-07-03,2022-07-16,2022-07-07,2022-07-07,2022-07-11,Closed,General Contractor,Engineer,0,0,No,0,0,No,0,0,No,3,4
RFI-01541,PRJ-041,RFI-0006,Fire Protection Coordination Conflict - Area B11,Fire Protection,Low,Coordination Conflict,2022-02-19,2022-03-06,2022-02-23,2022-02-23,2022-02-24,Closed,Subcontractor,Engineer,0,0,No,0,0,Yes,3,4,No,5,4
RFI-01542,PRJ-041,RFI-0007,General Design Clarification - Area E6,General,Medium,Design Clarification,2022-11-12,2022-11-24,2022-11-15,2022-11-15,2022-11-16,Closed,Subcontractor,Construction Manager,0,0,No,0,0,No,0,0,No,0,5
RFI-01543,PRJ-041,RFI-0008,Controls Design Clarification - Area C12,Controls,Medium,Design Clarification,2022-12-17,2022-12-29,2022-12-22,2022-12-22,2022-12-23,Closed,Subcontractor,Engineer,0,0,No,0,0,No,0,0,No,6,5
RFI-01544,PRJ-041,RFI-0009,Mechanical Design Clarification - Area A10,Mechanical,High,Design Clarification,2022-05-31,2022-06-07,2022-06-10,2022-06-13,2022-06-13,Closed,General Contractor,Engineer,1,0,No,0,0,No,0,0,No,5,4
RFI-01545,PRJ-041,RFI-0010,Specialty Systems Constructability - Area D4,Specialty Systems,Low,Constructability,2022-12-31,2023-01-15,2023-01-05,2023-01-05,2023-01-07,Closed,General Contractor,Owner Representative,0,0,No,0,0,No,0,0,No,4,5
RFI-01546,PRJ-041,RFI-0011,Electrical Coordination Conflict - Area E1,Electrical,Medium,Coordination Conflict,2022-07-06,2022-07-17,2022-07-13,2022-07-13,2022-07-14,Closed,Subcontractor,Engineer,0,0,No,0,0,No,0,0,No,3,5
RFI-01547,PRJ-041,RFI-0012,Fire Protection Design Clarification - Area E4,Fire Protection,Medium,Design Clarification,2022-07-22,2022-08-02,2022-08-04,2022-08-04,2022-08-04,Closed,Subcontractor,Engineer,0,1,No,0,0,No,0,0,No,0,4
RFI-01548,PRJ-041,RFI-0013,General Coordination Conflict - Area E10,General,Medium,Coordination Conflict,2022-07-21,2022-07-30,2022-07-23,2022-07-23,2022-07-23,Closed,Construction Manager,Construction Manager,0,0,No,0,0,No,0,0,No,0,5
RFI-01549,PRJ-041,RFI-0014,Plumbing Constructability - Area C6,Plumbing,High,Constructability,2022-02-24,2022-03-03,2022-02-27,2022-02-27,,Answered,Construction Manager,Engineer,0,0,Yes,155000,217000,No,0,0,Yes,1,4
RFI-01550,PRJ-041,RFI-0015,Electrical Constructability - Area E2,Electrical,Low,Constructability,2022-12-01,2022-12-15,2022-12-14,2022-12-14,,Answered,General Contractor,Engineer,0,0,No,0,0,No,0,0,No,1,5
RFI-01551,PRJ-041,RFI-0016,Plumbing Field Condition - Area E12,Plumbing,High,Field Condition,2022-09-19,2022-09-24,2022-09-24,2022-09-27,,Answered,Construction Manager,Owner Representative,1,0,Yes,37000,32000,No,0,0,No,2,4
RFI-01552,PRJ-041,RFI-0017,Electrical Substitution Request - Area E4,Electrical,Medium,Substitution Request,2022-12-13,2022-12-25,2022-12-20,2022-12-20,2022-12-23,Closed,Subcontractor,Engineer,0,0,No,0,0,No,0,0,No,4,5
RFI-01553,PRJ-041,RFI-0018,Civil Missing Information - Area E4,Civil,Low,Missing Information,2023-01-07,2023-01-23,2023-01-18,2023-01-18,,Answered,Subcontractor,Engineer,0,1,No,0,0,No,0,0,No,3,5
RFI-01554,PRJ-041,RFI-0019,General Code Compliance - Area C5,General,Medium,Code Compliance,2022-03-17,2022-03-29,,,,In Review,General Contractor,Construction Manager,0,0,No,0,0,No,0,0,No,6,5
RFI-01555,PRJ-041,RFI-0020,Specialty Systems Substitution Request - Area A3,Specialty Systems,Medium,Substitution Request,2022-10-18,2022-10-29,2022-10-20,2022-10-20,2022-10-20,Closed,General Contractor,Design Manager,0,0,No,0,0,No,0,0,No,0,5
RFI-01556,PRJ-041,RFI-0021,Electrical Missing Information - Area D6,Electrical,Medium,Missing Information,2022-04-10,2022-04-20,2022-04-18,2022-04-18,2022-04-22,Closed,Subcontractor,Engineer,0,0,No,0,0,No,0,0,No,5,5
RFI-01557,PRJ-041,RFI-0022,Structural Missing Information - Area B2,Structural,High,Missing Information,2023-01-24,2023-01-28,2023-01-29,2023-01-29,,Answered,General Contractor,Engineer,0,0,No,0,0,No,0,0,No,6,5
RFI-01558,PRJ-041,RFI-0023,Plumbing Constructability - Area B6,Plumbing,Medium,Constructability,2022-07-31,2022-08-12,2022-08-07,2022-08-07,,Answered,General Contractor,Engineer,0,0,No,0,0,Yes,8,7,Yes,0,5
RFI-01559,PRJ-041,RFI-0024,Mechanical Constructability - Area A1,Mechanical,Low,Constructability,2023-01-29,2023-02-12,2023-02-07,2023-02-07,2023-02-09,Closed,Subcontractor,Engineer,0,0,No,0,0,Yes,2,2,No,6,5
RFI-01560,PRJ-041,RFI-0025,Mechanical Constructability - Area B3,Mechanical,High,Constructability,2022-04-09,2022-04-16,2022-04-19,2022-04-22,2022-04-25,Closed,Subcontractor,Owner Representative,1,0,No,0,0,No,0,0,No,3,4
RFI-01561,PRJ-041,RFI-0026,General Coordination Conflict - Area B10,General,Medium,Coordination Conflict,2023-01-13,2023-01-22,2023-01-16,2023-01-19,2023-01-22,Closed,Subcontractor,Construction Manager,1,0,No,0,0,No,0,0,No,5,4
RFI-01562,PRJ-041,RFI-0027,Plumbing Coordination Conflict - Area B2,Plumbing,Medium,Coordination Conflict,2022-11-28,2022-12-09,2022-12-02,,,Open,Subcontractor,Engineer,1,0,No,0,0,No,0,0,No,4,4
RFI-01563,PRJ-041,RFI-0028,Civil Design Clarification - Area B5,Civil,Medium,Design Clarification,2022-03-28,2022-04-06,2022-04-07,2022-04-10,2022-04-14,Closed,General Contractor,Engineer,1,0,No,0,0,No,0,0,No,2,5
RFI-01564,PRJ-042,RFI-0001,Structural Design Clarification - Area A7,Structural,Medium,Design Clarification,2023-06-29,2023-07-09,2023-07-09,2023-07-12,2023-07-15,Closed,Subcontractor,Engineer,1,0,Yes,33000,34000,No,0,0,Yes,0,5
RFI-01565,PRJ-042,RFI-0002,Architectural Design Clarification - Area C9,Architectural,Low,Design Clarification,2023-02-21,2023-03-06,2023-03-18,2023-03-18,2023-03-19,Closed,Subcontractor,Architect,0,0,Yes,9800,13000,No,0,0,Yes,3,3
RFI-01566,PRJ-042,RFI-0003,Mechanical Design Clarification - Area D12,Mechanical,Medium,Design Clarification,2023-08-27,2023-09-05,2023-09-14,2023-09-17,,Answered,Construction Manager,Engineer,1,0,No,0,0,Yes,2,2,Yes,1,3
RFI-01567,PRJ-042,RFI-0004,Plumbing Design Clarification - Area C9,Plumbing,Medium,Design Clarification,2023-04-16,2023-04-28,2023-04-20,2023-04-20,2023-04-24,Closed,General Contractor,Engineer,0,0,No,0,0,No,0,0,No,4,5
RFI-01568,PRJ-042,RFI-0005,Architectural Coordination Conflict - Area B1,Architectural,Medium,Coordination Conflict,2022-11-06,2022-11-17,2022-11-16,2022-11-16,2022-11-19,Closed,Subcontractor,Architect,0,0,No,0,0,No,0,0,No,6,5
RFI-01569,PRJ-042,RFI-0006,Structural Missing Information - Area A12,Structural,High,Missing Information,2023-06-23,2023-06-27,2023-07-07,2023-07-07,2023-07-10,Closed,Subcontractor,Engineer,0,0,Yes,16000,22000,Yes,1,1,No,4,5
RFI-01570,PRJ-042,RFI-0007,Mechanical Missing Information - Area A2,Mechanical,Medium,Missing Information,2023-02-16,2023-02-26,2023-03-12,2023-03-14,2023-03-15,Closed,General Contractor,Engineer,1,0,Yes,22000,28000,No,0,0,No,5,4
RFI-01571,PRJ-042,RFI-0008,Electrical Coordination Conflict - Area D1,Electrical,Medium,Coordination Conflict,2023-08-02,2023-08-14,2023-08-30,2023-08-31,,Answered,General Contractor,Engineer,1,0,No,0,0,Yes,3,4,No,2,2
RFI-01572,PRJ-042,RFI-0009,Architectural Constructability - Area B12,Architectural,Medium,Constructability,2022-11-26,2022-12-06,2022-11-30,2022-11-30,,Answered,General Contractor,Architect,0,0,Yes,45000,33000,No,0,0,Yes,0,5
RFI-01573,PRJ-042,RFI-0010,General Constructability - Area A10,General,Medium,Constructability,2023-01-20,2023-01-30,2023-02-11,2023-02-14,,Answered,General Contractor,Construction Manager,1,0,Yes,35000,33000,No,0,0,Yes,3,3
RFI-01574,PRJ-042,RFI-0011,Civil Design Clarification - Area E3,Civil,Medium,Design Clarification,2023-09-25,2023-10-04,2023-10-16,2023-10-16,2023-10-20,Closed,Construction Manager,Engineer,0,0,Yes,8100,11000,No,0,0,Yes,3,5
RFI-01575,PRJ-042,RFI-0012,Fire Protection Design Clarification - Area E9,Fire Protection,Critical,Design Clarification,2023-10-08,2023-10-12,2023-10-14,2023-10-14,2023-10-14,Closed,General Contractor,Engineer,0,0,No,0,0,Yes,5,3,Yes,4,5
RFI-01576,PRJ-042,RFI-0013,General Missing Information - Area C8,General,Medium,Missing Information,2023-06-09,2023-06-19,2023-06-16,2023-06-16,2023-06-16,Closed,Subcontractor,Construction Manager,0,0,No,0,0,No,0,0,No,3,5
RFI-01577,PRJ-042,RFI-0014,Architectural Design Clarification - Area B7,Architectural,Medium,Design Clarification,2023-03-01,2023-03-12,2023-03-10,2023-03-13,2023-03-14,Closed,Subcontractor,Architect,1,0,No,0,0,No,0,0,No,5,4
RFI-01578,PRJ-042,RFI-0015,Mechanical Coordination Conflict - Area C12,Mechanical,Low,Coordination Conflict,2023-09-02,2023-09-16,2023-09-23,2023-09-23,2023-09-23,Closed,Subcontractor,Engineer,0,0,No,0,0,No,0,0,No,6,5
RFI-01579,PRJ-042,RFI-0016,Mechanical Substitution Request - Area E8,Mechanical,Medium,Substitution Request,2023-04-09,2023-04-19,2023-04-29,2023-05-01,2023-05-02,Closed,Subcontractor,Engineer,1,0,No,0,0,No,0,0,No,3,4
RFI-01580,PRJ-042,RFI-0017,Structural Coordination Conflict - Area B4,Structural,Medium,Coordination Conflict,2023-08-05,2023-08-17,2023-08-22,2023-08-23,2023-08-26,Closed,Construction Manager,Engineer,1,0,Yes,42000,36000,No,0,0,No,6,4
RFI-01581,PRJ-042,RFI-0018,Architectural Coordination Conflict - Area C11,Architectural,High,Coordination Conflict,2022-12-31,2023-01-06,2023-01-03,2023-01-03,2023-01-06,Closed,General Contractor,Architect,0,0,No,0,0,No,0,0,No,0,5
RFI-01582,PRJ-042,RFI-0019,Electrical Field Condition - Area E4,Electrical,Medium,Field Condition,2023-10-05,2023-10-14,2023-10-15,2023-10-15,,Answered,Construction Manager,Engineer,0,0,Yes,8800,10000,No,0,0,Yes,4,4
RFI-01583,PRJ-042,RFI-0020,Architectural Field Condition - Area A7,Architectural,Critical,Field Condition,2023-05-30,2023-06-02,2023-06-10,2023-06-12,2023-06-15,Closed,Subcontractor,Architect,1,0,Yes,47000,51000,No,0,0,Yes,6,5
RFI-01584,PRJ-042,RFI-0021,Mechanical Coordination Conflict - Area A10,Mechanical,Medium,Coordination Conflict,2023-11-05,2023-11-14,2023-11-28,2023-11-28,2023-12-01,Closed,General Contractor,Owner Representative,0,0,Yes,13000,16000,Yes,2,2,Yes,0,5
RFI-01585,PRJ-042,RFI-0022,Civil Coordination Conflict - Area D2,Civil,High,Coordination Conflict,2023-01-17,2023-01-23,2023-01-25,2023-01-25,,Answered,General Contractor,Engineer,0,0,Yes,8000,6200,No,0,0,Yes,1,5
RFI-01586,PRJ-042,RFI-0023,Structural Field Condition - Area D5,Structural,Critical,Field Condition,2023-07-27,2023-07-31,2023-08-02,,,Returned for Clarification,General Contractor,Engineer,0,0,No,0,0,No,0,0,No,0,4
RFI-01587,PRJ-042,RFI-0024,Mechanical Constructability - Area B11,Mechanical,Medium,Constructability,2023-02-06,2023-02-15,2023-02-14,2023-02-14,2023-02-18,Closed,Subcontractor,Engineer,0,0,No,0,0,No,0,0,No,1,5
RFI-01588,PRJ-042,RFI-0025,Plumbing Missing Information - Area E3,Plumbing,Medium,Missing Information,2022-11-10,2022-11-22,2022-11-25,2022-11-25,2022-11-25,Closed,Construction Manager,Engineer,0,1,Yes,2900,3500,No,0,0,Yes,3,5
RFI-01589,PRJ-042,RFI-0026,Mechanical Design Clarification - Area B11,Mechanical,Low,Design Clarification,2023-07-09,2023-07-25,2023-08-02,2023-08-02,2023-08-02,Closed,General Contractor,Engineer,0,0,No,0,0,Yes,4,3,Yes,4,5
RFI-01590,PRJ-042,RFI-0027,Architectural Field Condition - Area C12,Architectural,Low,Field Condition,2023-06-14,2023-06-27,2023-06-25,2023-06-29,2023-07-01,Closed,General Contractor,Architect,1,0,No,0,0,No,0,0,No,1,4
RFI-01591,PRJ-042,RFI-0028,Mechanical Design Clarification - Area B7,Mechanical,High,Design Clarification,2023-01-31,2023-02-05,2023-02-06,2023-02-06,,Answered,General Contractor,Engineer,0,0,No,0,0,Yes,4,5,Yes,0,5
RFI-01592,PRJ-042,RFI-0029,Electrical Missing Information - Area D6,Electrical,Medium,Missing Information,2023-02-05,2023-02-15,2023-03-10,2023-03-10,2023-03-11,Closed,Subcontractor,Engineer,0,0,Yes,3200,3100,No,0,0,Yes,6,3
RFI-01593,PRJ-042,RFI-0030,Structural Design Clarification - Area B5,Structural,High,Design Clarification,2023-01-03,2023-01-08,2023-01-21,2023-01-21,2023-01-21,Closed,Construction Manager,Owner Representative,0,1,Yes,11000,13000,No,0,0,Yes,1,5
RFI-01594,PRJ-043,RFI-0001,Architectural Coordination Conflict - Area B9,Architectural,High,Coordination Conflict,2023-11-29,2023-12-03,2023-12-13,2023-12-14,,Answered,General Contractor,Architect,1,0,No,0,0,Yes,10,12,No,0,4
RFI-01595,PRJ-043,RFI-0002,Mechanical Constructability - Area D3,Mechanical,Low,Constructability,2023-11-05,2023-11-19,2023-11-11,2023-11-11,2023-11-11,Closed,Construction Manager,Engineer,0,0,No,0,0,No,0,0,No,6,5
RFI-01596,PRJ-043,RFI-0003,General Coordination Conflict - Area D2,General,Medium,Coordination Conflict,2024-10-26,2024-11-04,,,,Awaiting Owner,Subcontractor,Owner Representative,0,0,No,0,0,No,0,0,No,0,5
RFI-01597,PRJ-043,RFI-0004,Mechanical Design Clarification - Area A8,Mechanical,Medium,Design Clarification,2024-03-24,2024-04-03,2024-04-02,2024-04-02,,Answered,General Contractor,Engineer,0,0,Yes,37000,27000,No,0,0,Yes,2,4
RFI-01598,PRJ-043,RFI-0005,Mechanical Missing Information - Area A5,Mechanical,Medium,Missing Information,2024-01-26,2024-02-05,2024-02-08,2024-02-08,,Answered,Subcontractor,Engineer,0,0,Yes,35000,42000,Yes,5,5,No,3,4
RFI-01599,PRJ-043,RFI-0006,Architectural Coordination Conflict - Area B10,Architectural,Low,Coordination Conflict,2024-04-01,2024-04-14,2024-04-13,2024-04-13,2024-04-14,Closed,Construction Manager,Owner Representative,0,0,No,0,0,No,0,0,No,1,5
RFI-01600,PRJ-043,RFI-0007,Structural Design Clarification - Area E4,Structural,Medium,Design Clarification,2024-11-29,2024-12-11,2024-12-16,2024-12-18,2024-12-20,Closed,Construction Manager,Engineer,1,0,No,0,0,Yes,4,4,Yes,6,4
RFI-01601,PRJ-043,RFI-0008,Architectural Design Clarification - Area D6,Architectural,Medium,Design Clarification,2023-11-03,2023-11-15,2023-11-17,2023-11-17,,Answered,Subcontractor,Architect,0,0,No,0,0,No,0,0,No,5,5
RFI-01602,PRJ-043,RFI-0009,Architectural Coordination Conflict - Area A5,Architectural,Low,Coordination Conflict,2024-05-28,2024-06-12,2024-06-07,2024-06-07,,Answered,Construction Manager,Architect,0,0,No,0,0,Yes,2,2,No,4,4
RFI-01603,PRJ-043,RFI-0010,Electrical Design Clarification - Area C2,Electrical,High,Design Clarification,2024-04-27,2024-05-02,2024-05-08,2024-05-08,2024-05-08,Closed,General Contractor,Engineer,0,0,Yes,80000,70000,No,0,0,No,2,4
RFI-01604,PRJ-043,RFI-0011,Electrical Design Clarification - Area A8,Electrical,High,Design Clarification,2024-09-13,2024-09-20,2024-09-26,2024-09-30,,Answered,Construction Manager,Engineer,1,0,Yes,31000,41000,Yes,5,5,No,4,3
RFI-01605,PRJ-043,RFI-0012,Controls Code Compliance - Area E8,Controls,Medium,Code Compliance,2024-08-25,2024-09-05,2024-09-04,2024-09-07,2024-09-07,Closed,General Contractor,Engineer,1,0,No,0,0,No,0,0,No,1,4
RFI-01606,PRJ-043,RFI-0013,Civil Missing Information - Area C6,Civil,Medium,Missing Information,2025-04-15,2025-04-25,2025-04-23,,,Awaiting Owner,Subcontractor,Engineer,1,0,Yes,8400,7100,No,0,0,Yes,6,4
RFI-01607,PRJ-043,RFI-0014,Structural Field Condition - Area C6,Structural,Critical,Field Condition,2023-08-26,2023-08-31,2023-09-05,2023-09-06,2023-09-09,Closed,Construction Manager,Engineer,1,0,Yes,41000,52000,No,0,0,Yes,6,5
RFI-01608,PRJ-043,RFI-0015,Mechanical Design Clarification - Area E8,Mechanical,Low,Design Clarification,2024-04-21,2024-05-04,2024-05-04,2024-05-08,2024-05-09,Closed,General Contractor,Engineer,1,0,No,0,0,No,0,0,No,4,3
RFI-01609,PRJ-043,RFI-0016,General Design Clarification - Area D11,General,Critical,Design Clarification,2024-09-30,2024-10-05,2024-10-10,2024-10-10,2024-10-14,Closed,General Contractor,Construction Manager,0,0,Yes,73000,70000,No,0,0,Yes,1,5
RFI-01610,PRJ-043,RFI-0017,Electrical Design Clarification - Area D3,Electrical,Medium,Design Clarification,2024-03-29,2024-04-07,2024-04-08,2024-04-12,2024-04-15,Closed,Subcontractor,Engineer,1,0,No,0,0,No,0,0,No,0,3
RFI-01611,PRJ-043,RFI-0018,Architectural Design Clarification - Area D9,Architectural,High,Design Clarification,2023-10-31,2023-11-04,,,,Open,General Contractor,Architect,0,0,No,0,0,No,0,0,No,4,5
RFI-01612,PRJ-043,RFI-0019,Structural Design Clarification - Area A9,Structural,Medium,Design Clarification,2024-06-24,2024-07-04,2024-07-06,2024-07-07,,Answered,General Contractor,Engineer,1,0,No,0,0,No,0,0,No,4,4
RFI-01613,PRJ-043,RFI-0020,General Substitution Request - Area E4,General,High,Substitution Request,2023-08-06,2023-08-10,2023-08-15,2023-08-18,2023-08-19,Closed,Construction Manager,Construction Manager,1,0,Yes,11000,7800,No,0,0,No,0,4
RFI-01614,PRJ-043,RFI-0021,Mechanical Field Condition - Area D11,Mechanical,High,Field Condition,2024-06-18,2024-06-25,2024-06-28,2024-06-28,,Answered,Construction Manager,Owner Representative,0,0,Yes,2300,2900,No,0,0,Yes,5,4
RFI-01615,PRJ-043,RFI-0022,Civil Coordination Conflict - Area A5,Civil,Medium,Coordination Conflict,2025-01-31,2025-02-11,2025-02-11,2025-02-14,2025-02-16,Closed,Subcontractor,Engineer,1,0,No,0,0,No,0,0,No,5,5
RFI-01616,PRJ-043,RFI-0023,General Missing Information - Area B9,General,High,Missing Information,2024-04-02,2024-04-06,2024-04-09,2024-04-09,,Answered,General Contractor,Owner Representative,0,0,No,0,0,Yes,6,8,Yes,2,5
RFI-01617,PRJ-043,RFI-0024,Structural Constructability - Area C4,Structural,High,Constructability,2025-04-02,2025-04-08,2025-04-11,2025-04-11,2025-04-15,Closed,Subcontractor,Engineer,0,0,No,0,0,No,0,0,No,2,5
RFI-01618,PRJ-043,RFI-0025,Controls Code Compliance - Area B9,Controls,Critical,Code Compliance,2023-09-27,2023-10-02,2023-10-02,2023-10-02,,Answered,General Contractor,Engineer,0,0,Yes,33000,29000,No,0,0,Yes,3,5
RFI-01619,PRJ-043,RFI-0026,Mechanical Field Condition - Area D2,Mechanical,Medium,Field Condition,2024-12-20,2024-12-29,2024-12-30,2024-12-31,2024-12-31,Closed,Subcontractor,Engineer,1,0,No,0,0,Yes,7,6,No,4,4
RFI-01620,PRJ-043,RFI-0027,Civil Design Clarification - Area D1,Civil,Medium,Design Clarification,2024-10-25,2024-11-04,2024-11-09,2024-11-09,,Answered,General Contractor,Owner Representative,0,0,Yes,11000,8700,No,0,0,Yes,3,4
RFI-01621,PRJ-043,RFI-0028,Specialty Systems Design Clarification - Area C7,Specialty Systems,Medium,Design Clarification,2025-03-20,2025-04-01,2025-04-05,2025-04-05,2025-04-06,Closed,Subcontractor,Owner Representative,0,0,No,0,0,No,0,0,No,3,5
RFI-01622,PRJ-043,RFI-0029,Electrical Field Condition - Area D9,Electrical,High,Field Condition,2025-03-21,2025-03-27,,,,In Review,General Contractor,Owner Representative,0,0,Yes,38000,39000,No,0,0,Yes,6,5
RFI-01623,PRJ-043,RFI-0030,Mechanical Design Clarification - Area E10,Mechanical,Low,Design Clarification,2023-06-02,2023-06-17,2023-06-14,2023-06-14,2023-06-17,Closed,Subcontractor,Owner Representative,0,0,No,0,0,No,0,0,No,1,5
RFI-01624,PRJ-043,RFI-0031,Plumbing Field Condition - Area E7,Plumbing,Medium,Field Condition,2023-10-04,2023-10-16,2023-10-08,2023-10-08,2023-10-10,Closed,Subcontractor,Engineer,0,0,No,0,0,No,0,0,No,4,5
RFI-01625,PRJ-043,RFI-0032,Fire Protection Constructability - Area B2,Fire Protection,Critical,Constructability,2023-09-12,2023-09-17,2023-09-16,2023-09-16,2023-09-18,Closed,General Contractor,Owner Representative,0,0,No,0,0,No,0,0,No,4,5
RFI-01626,PRJ-043,RFI-0033,Fire Protection Coordination Conflict - Area B7,Fire Protection,High,Coordination Conflict,2023-08-05,2023-08-11,2023-08-11,2023-08-11,2023-08-11,Closed,General Contractor,Owner Representative,0,0,No,0,0,Yes,3,2,No,6,5
RFI-01627,PRJ-043,RFI-0034,Mechanical Coordination Conflict - Area D11,Mechanical,Medium,Coordination Conflict,2023-10-20,2023-10-29,2023-10-25,2023-10-29,2023-11-02,Closed,Subcontractor,Engineer,1,0,No,0,0,No,0,0,No,2,3
RFI-01628,PRJ-043,RFI-0035,Mechanical Missing Information - Area B4,Mechanical,Medium,Missing Information,2024-01-23,2024-02-01,2024-01-31,2024-01-31,2024-02-01,Closed,Subcontractor,Engineer,0,0,No,0,0,No,0,0,No,4,5
RFI-01629,PRJ-044,RFI-0001,Plumbing Design Clarification - Area D3,Plumbing,High,Design Clarification,2024-04-21,2024-04-27,2024-04-26,2024-04-26,,Answered,General Contractor,Engineer,0,0,No,0,0,No,0,0,No,6,5
RFI-01630,PRJ-044,RFI-0002,Mechanical Missing Information - Area E3,Mechanical,Medium,Missing Information,2023-12-03,2023-12-14,2023-12-10,2023-12-14,2023-12-17,Closed,General Contractor,Engineer,1,0,No,0,0,Yes,1,1,No,6,5
RFI-01631,PRJ-044,RFI-0003,Civil Coordination Conflict - Area D5,Civil,Low,Coordination Conflict,2024-04-25,2024-05-09,2024-05-05,2024-05-05,2024-05-07,Closed,Subcontractor,Engineer,0,0,No,0,0,No,0,0,No,1,5
RFI-01632,PRJ-044,RFI-0004,Architectural Constructability - Area D8,Architectural,Medium,Constructability,2023-12-28,2024-01-08,2024-01-05,2024-01-05,2024-01-07,Closed,Subcontractor,Architect,0,0,No,0,0,No,0,0,No,3,5
RFI-01633,PRJ-044,RFI-0005,Fire Protection Coordination Conflict - Area E10,Fire Protection,Low,Coordination Conflict,2024-07-13,2024-07-28,2024-07-23,2024-07-23,,Answered,Subcontractor,Engineer,0,1,No,0,0,No,0,0,No,5,4
RFI-01634,PRJ-044,RFI-0006,Mechanical Design Clarification - Area B3,Mechanical,Medium,Design Clarification,2025-07-13,2025-07-25,2025-07-20,2025-07-20,2025-07-22,Closed,General Contractor,Engineer,0,0,No,0,0,No,0,0,No,2,5
RFI-01635,PRJ-044,RFI-0007,Mechanical Design Clarification - Area B7,Mechanical,High,Design Clarification,2024-07-31,2024-08-04,2024-08-02,2024-08-02,2024-08-05,Closed,Construction Manager,Engineer,0,0,No,0,0,Yes,8,6,No,5,5
RFI-01636,PRJ-044,RFI-0008,Structural Constructability - Area B7,Structural,Medium,Constructability,2023-07-08,2023-07-18,,,,Awaiting Owner,General Contractor,Engineer,1,0,No,0,0,No,0,0,No,2,5
RFI-01637,PRJ-044,RFI-0009,Electrical Design Clarification - Area C8,Electrical,Medium,Design Clarification,2022-10-09,2022-10-21,2022-10-19,2022-10-19,,Answered,Subcontractor,Engineer,0,0,No,0,0,No,0,0,No,5,5
RFI-01638,PRJ-044,RFI-0010,Structural Substitution Request - Area B12,Structural,Medium,Substitution Request,2025-05-28,2025-06-09,2025-05-30,2025-05-30,2025-06-02,Closed,Construction Manager,Engineer,0,0,No,0,0,No,0,0,No,4,4
RFI-01639,PRJ-044,RFI-0011,Mechanical Field Condition - Area E12,Mechanical,High,Field Condition,2023-08-30,2023-09-04,2023-09-04,2023-09-04,2023-09-07,Closed,Subcontractor,Owner Representative,0,0,Yes,13000,13000,No,0,0,No,5,5
RFI-01640,PRJ-044,RFI-0012,Structural Substitution Request - Area A9,Structural,Low,Substitution Request,2023-04-12,2023-04-26,2023-04-25,2023-04-25,2023-04-25,Closed,General Contractor,Engineer,0,0,No,0,0,No,0,0,No,1,5
RFI-01641,PRJ-044,RFI-0013,Structural Coordination Conflict - Area B2,Structural,High,Coordination Conflict,2025-04-25,2025-05-02,2025-04-30,2025-04-30,2025-05-02,Closed,Subcontractor,Engineer,0,0,No,0,0,Yes,4,4,Yes,3,5
RFI-01642,PRJ-044,RFI-0014,Architectural Field Condition - Area D8,Architectural,Low,Field Condition,2025-01-18,2025-02-01,2025-01-20,2025-01-20,2025-01-24,Closed,Subcontractor,Owner Representative,0,0,No,0,0,No,0,0,No,0,5
RFI-01643,PRJ-044,RFI-0015,Electrical Design Clarification - Area C6,Electrical,Medium,Design Clarification,2023-11-15,2023-11-24,2023-11-24,2023-11-24,2023-11-25,Closed,General Contractor,Engineer,0,0,No,0,0,No,0,0,No,0,5
RFI-01644,PRJ-044,RFI-0016,Architectural Constructability - Area D3,Architectural,High,Constructability,2024-06-11,2024-06-18,2024-06-13,2024-06-13,2024-06-17,Closed,Subcontractor,Architect,0,0,Yes,38000,37000,Yes,2,2,Yes,3,5
RFI-01645,PRJ-044,RFI-0017,Plumbing Constructability - Area C12,Plumbing,Low,Constructability,2024-11-30,2024-12-15,2024-12-07,2024-12-07,2024-12-08,Closed,Subcontractor,Engineer,0,0,No,0,0,No,0,0,No,4,5
RFI-01646,PRJ-044,RFI-0018,Mechanical Constructability - Area E6,Mechanical,High,Constructability,2025-01-10,2025-01-16,2025-01-14,2025-01-14,2025-01-15,Closed,General Contractor,Engineer,0,0,No,0,0,No,0,0,No,2,4
RFI-01647,PRJ-044,RFI-0019,Architectural Design Clarification - Area D2,Architectural,Medium,Design Clarification,2022-08-18,2022-08-27,,,,In Review,Subcontractor,Architect,1,0,No,0,0,No,0,0,No,0,4
RFI-01648,PRJ-044,RFI-0020,Fire Protection Field Condition - Area C12,Fire Protection,Medium,Field Condition,2023-08-10,2023-08-22,2023-08-16,2023-08-16,2023-08-16,Closed,Subcontractor,Engineer,0,0,No,0,0,No,0,0,No,6,5
RFI-01649,PRJ-044,RFI-0021,Fire Protection Field Condition - Area B5,Fire Protection,Low,Field Condition,2025-03-25,2025-04-08,2025-04-05,2025-04-05,2025-04-08,Closed,General Contractor,Engineer,0,0,No,0,0,No,0,0,No,2,5
RFI-01650,PRJ-044,RFI-0022,Civil Constructability - Area B4,Civil,Medium,Constructability,2024-08-20,2024-09-01,2024-08-25,2024-08-25,2024-08-28,Closed,Subcontractor,Owner Representative,0,0,No,0,0,No,0,0,No,6,5
RFI-01651,PRJ-044,RFI-0023,Mechanical Coordination Conflict - Area D4,Mechanical,Medium,Coordination Conflict,2024-12-06,2024-12-18,2024-12-13,2024-12-13,2024-12-16,Closed,Subcontractor,Engineer,0,0,No,0,0,No,0,0,No,3,4
RFI-01652,PRJ-044,RFI-0024,Fire Protection Constructability - Area A8,Fire Protection,Low,Constructability,2023-01-25,2023-02-07,2023-02-01,2023-02-01,,Answered,General Contractor,Engineer,0,0,No,0,0,No,0,0,No,0,5
RFI-01653,PRJ-044,RFI-0025,Structural Substitution Request - Area E2,Structural,Medium,Substitution Request,2025-04-25,2025-05-06,2025-04-30,2025-04-30,2025-05-03,Closed,Subcontractor,Engineer,0,0,No,0,0,No,0,0,No,6,5
RFI-01654,PRJ-044,RFI-0026,Controls Coordination Conflict - Area C2,Controls,Medium,Coordination Conflict,2024-01-21,2024-02-02,2024-01-24,2024-01-24,2024-01-25,Closed,General Contractor,Engineer,0,0,No,0,0,No,0,0,No,5,5
RFI-01655,PRJ-044,RFI-0027,Structural Field Condition - Area E10,Structural,Medium,Field Condition,2024-05-04,2024-05-13,2024-05-08,2024-05-08,2024-05-12,Closed,Subcontractor,Engineer,0,0,No,0,0,No,0,0,No,5,5
RFI-01656,PRJ-044,RFI-0028,Architectural Design Clarification - Area E1,Architectural,Medium,Design Clarification,2023-06-20,2023-06-29,2023-06-23,2023-06-23,,Answered,General Contractor,Architect,0,0,No,0,0,No,0,0,No,4,5
RFI-01657,PRJ-044,RFI-0029,Structural Coordination Conflict - Area D7,Structural,Medium,Coordination Conflict,2022-12-27,2023-01-08,2023-01-06,2023-01-06,2023-01-07,Closed,Subcontractor,Owner Representative,0,0,No,0,0,No,0,0,No,6,5
RFI-01658,PRJ-044,RFI-0030,Electrical Missing Information - Area E6,Electrical,Medium,Missing Information,2024-04-06,2024-04-16,2024-04-13,2024-04-13,,Answered,General Contractor,Engineer,0,0,No,0,0,No,0,0,No,4,4
RFI-01659,PRJ-044,RFI-0031,Architectural Field Condition - Area B10,Architectural,Medium,Field Condition,2023-06-16,2023-06-25,2023-06-18,2023-06-18,2023-06-19,Closed,General Contractor,Architect,0,0,No,0,0,No,0,0,No,5,5
RFI-01660,PRJ-045,RFI-0001,General Coordination Conflict - Area C2,General,Low,Coordination Conflict,2025-02-20,2025-03-08,2025-02-26,2025-02-26,,Answered,Construction Manager,Construction Manager,0,0,No,0,0,No,0,0,No,3,5
RFI-01661,PRJ-045,RFI-0002,Electrical Design Clarification - Area D3,Electrical,Medium,Design Clarification,2025-02-22,2025-03-04,2025-03-05,2025-03-09,2025-03-11,Closed,Subcontractor,Engineer,1,0,No,0,0,No,0,0,No,0,5
RFI-01662,PRJ-045,RFI-0003,Structural Substitution Request - Area A4,Structural,Low,Substitution Request,2024-05-31,2024-06-14,2024-06-11,2024-06-11,2024-06-12,Closed,Subcontractor,Engineer,0,0,No,0,0,No,0,0,No,6,5
RFI-01663,PRJ-045,RFI-0004,Civil Coordination Conflict - Area B9,Civil,Low,Coordination Conflict,2025-05-17,2025-06-02,2025-05-27,,,In Review,General Contractor,Engineer,1,0,No,0,0,No,0,0,No,1,5
RFI-01664,PRJ-045,RFI-0005,Mechanical Design Clarification - Area B2,Mechanical,Medium,Design Clarification,2024-06-04,2024-06-16,2024-06-12,2024-06-12,,Answered,Construction Manager,Engineer,0,0,No,0,0,No,0,0,No,5,5
RFI-01665,PRJ-045,RFI-0006,Electrical Design Clarification - Area B12,Electrical,Medium,Design Clarification,2024-06-18,2024-06-27,2024-07-13,2024-07-17,2024-07-21,Closed,Subcontractor,Engineer,1,0,Yes,10000,12000,No,0,0,Yes,6,4
RFI-01666,PRJ-045,RFI-0007,Architectural Code Compliance - Area D9,Architectural,High,Code Compliance,2024-05-07,2024-05-12,2024-05-12,2024-05-12,2024-05-15,Closed,General Contractor,Architect,0,0,No,0,0,No,0,0,No,1,5
RFI-01667,PRJ-045,RFI-0008,General Field Condition - Area D7,General,Low,Field Condition,2025-06-08,2025-06-24,2025-06-22,2025-06-24,,Answered,Subcontractor,Owner Representative,1,0,No,0,0,Yes,1,1,Yes,3,4
RFI-01668,PRJ-045,RFI-0009,General Design Clarification - Area B1,General,Medium,Design Clarification,2025-03-26,2025-04-05,,,,Open,Subcontractor,Construction Manager,1,0,No,0,0,No,0,0,No,4,5
RFI-01669,PRJ-045,RFI-0010,Structural Coordination Conflict - Area E7,Structural,High,Coordination Conflict,2025-04-20,2025-04-27,2025-04-26,2025-04-26,2025-04-29,Closed,Subcontractor,Engineer,0,0,No,0,0,No,0,0,No,6,4
RFI-01670,PRJ-045,RFI-0011,Plumbing Constructability - Area E1,Plumbing,Medium,Constructability,2024-05-03,2024-05-15,2024-05-16,2024-05-16,2024-05-18,Closed,Construction Manager,Owner Representative,0,0,No,0,0,No,0,0,No,5,5
RFI-01671,PRJ-045,RFI-0012,General Design Clarification - Area C6,General,Medium,Design Clarification,2025-03-26,2025-04-05,2025-03-30,2025-04-02,2025-04-02,Closed,General Contractor,Construction Manager,1,0,No,0,0,No,0,0,No,3,4
RFI-01672,PRJ-045,RFI-0013,Mechanical Missing Information - Area B12,Mechanical,Medium,Missing Information,2025-01-13,2025-01-24,2025-01-19,2025-01-19,2025-01-23,Closed,General Contractor,Engineer,0,0,No,0,0,No,0,0,No,4,5
RFI-01673,PRJ-045,RFI-0014,Architectural Substitution Request - Area C3,Architectural,Medium,Substitution Request,2025-10-17,2025-10-29,2025-10-20,2025-10-20,2025-10-20,Closed,Construction Manager,Architect,0,0,Yes,73000,56000,No,0,0,Yes,2,5
RFI-01674,PRJ-045,RFI-0015,Specialty Systems Coordination Conflict - Area A8,Specialty Systems,High,Coordination Conflict,2025-09-08,2025-09-13,2025-09-25,2025-09-25,2025-09-27,Closed,General Contractor,Design Manager,0,0,No,0,0,No,0,0,No,6,3
RFI-01675,PRJ-045,RFI-0016,Mechanical Substitution Request - Area E12,Mechanical,Medium,Substitution Request,2025-12-27,2026-01-07,,,,Open,Construction Manager,Owner Representative,0,0,Yes,8700,9900,Yes,4,3,Yes,5,5
RFI-01676,PRJ-045,RFI-0017,Architectural Coordination Conflict - Area A5,Architectural,Medium,Coordination Conflict,2025-12-20,2026-01-01,2025-12-30,2025-12-30,2026-01-02,Closed,Subcontractor,Owner Representative,0,0,No,0,0,No,0,0,No,2,5
RFI-01677,PRJ-045,RFI-0018,Plumbing Substitution Request - Area C9,Plumbing,Low,Substitution Request,2024-11-30,2024-12-16,2024-12-07,2024-12-07,2024-12-08,Closed,Subcontractor,Engineer,0,0,No,0,0,No,0,0,No,2,5
RFI-01678,PRJ-045,RFI-0019,Mechanical Design Clarification - Area C10,Mechanical,Medium,Design Clarification,2024-05-23,2024-06-04,2024-05-31,,,In Review,General Contractor,Engineer,1,0,No,0,0,Yes,5,4,No,0,4
RFI-01679,PRJ-045,RFI-0020,Mechanical Design Clarification - Area B9,Mechanical,Medium,Design Clarification,2024-10-27,2024-11-06,2024-11-10,2024-11-10,2024-11-12,Closed,Subcontractor,Owner Representative,0,0,No,0,0,Yes,1,1,Yes,3,5
RFI-01680,PRJ-045,RFI-0021,Structural Coordination Conflict - Area E9,Structural,Medium,Coordination Conflict,2025-10-12,2025-10-23,2025-10-21,2025-10-21,2025-10-21,Closed,Construction Manager,Owner Representative,0,0,No,0,0,No,0,0,No,1,5
RFI-01681,PRJ-045,RFI-0022,Structural Coordination Conflict - Area C12,Structural,Medium,Coordination Conflict,2025-11-05,2025-11-14,2025-11-14,2025-11-14,2025-11-18,Closed,General Contractor,Engineer,0,0,No,0,0,No,0,0,No,6,5
RFI-01682,PRJ-045,RFI-0023,Structural Design Clarification - Area C12,Structural,Medium,Design Clarification,2024-07-15,2024-07-25,2024-07-23,2024-07-23,2024-07-23,Closed,General Contractor,Owner Representative,0,0,No,0,0,No,0,0,No,6,4
RFI-01683,PRJ-045,RFI-0024,Mechanical Substitution Request - Area A5,Mechanical,High,Substitution Request,2025-08-23,2025-08-30,2025-08-28,2025-08-28,2025-08-28,Closed,Subcontractor,Engineer,0,0,No,0,0,No,0,0,No,1,5
RFI-01684,PRJ-045,RFI-0025,Civil Missing Information - Area C3,Civil,Medium,Missing Information,2024-08-21,2024-09-02,2024-08-31,2024-08-31,2024-09-01,Closed,Subcontractor,Engineer,0,0,No,0,0,No,0,0,No,1,5
RFI-01685,PRJ-045,RFI-0026,Structural Field Condition - Area B3,Structural,High,Field Condition,2024-05-28,2024-06-03,2024-05-31,2024-05-31,,Answered,Subcontractor,Engineer,0,0,No,0,0,Yes,10,13,No,5,5
RFI-01686,PRJ-045,RFI-0027,Specialty Systems Coordination Conflict - Area C8,Specialty Systems,High,Coordination Conflict,2025-10-27,2025-11-01,2025-11-03,2025-11-03,2025-11-07,Closed,General Contractor,Design Manager,0,0,Yes,51000,39000,No,0,0,Yes,5,5
RFI-01687,PRJ-045,RFI-0028,General Substitution Request - Area B1,General,Medium,Substitution Request,2024-11-28,2024-12-09,2024-12-06,2024-12-06,2024-12-07,Closed,Construction Manager,Construction Manager,0,0,No,0,0,No,0,0,No,2,5
RFI-01688,PRJ-045,RFI-0029,Electrical Missing Information - Area C3,Electrical,Medium,Missing Information,2025-06-09,2025-06-18,2025-06-30,2025-06-30,2025-06-30,Closed,Subcontractor,Engineer,0,0,Yes,2700,2500,Yes,5,3,Yes,4,4
RFI-01689,PRJ-045,RFI-0030,Specialty Systems Field Condition - Area A1,Specialty Systems,Medium,Field Condition,2025-01-23,2025-02-04,2025-02-05,2025-02-05,2025-02-07,Closed,General Contractor,Owner Representative,0,0,No,0,0,No,0,0,No,5,5
RFI-01690,PRJ-045,RFI-0031,Fire Protection Constructability - Area E5,Fire Protection,High,Constructability,2025-02-28,2025-03-06,2025-03-13,2025-03-13,2025-03-14,Closed,General Contractor,Engineer,0,0,Yes,9800,14000,No,0,0,No,0,5
RFI-01691,PRJ-045,RFI-0032,Controls Coordination Conflict - Area D9,Controls,Medium,Coordination Conflict,2024-05-22,2024-06-02,2024-05-28,2024-05-28,,Answered,General Contractor,Engineer,0,0,No,0,0,No,0,0,No,2,5
RFI-01692,PRJ-045,RFI-0033,Fire Protection Design Clarification - Area E8,Fire Protection,High,Design Clarification,2025-05-27,2025-06-03,2025-06-09,2025-06-11,2025-06-13,Closed,Subcontractor,Engineer,1,0,No,0,0,No,0,0,No,3,4
RFI-01693,PRJ-045,RFI-0034,Electrical Coordination Conflict - Area B3,Electrical,High,Coordination Conflict,2025-02-04,2025-02-09,2025-02-09,2025-02-09,2025-02-13,Closed,General Contractor,Engineer,0,0,No,0,0,Yes,4,5,No,5,5
RFI-01694,PRJ-045,RFI-0035,Civil Constructability - Area E5,Civil,High,Constructability,2024-09-07,2024-09-14,2024-09-10,2024-09-10,2024-09-14,Closed,General Contractor,Engineer,0,0,No,0,0,No,0,0,No,0,5
RFI-01695,PRJ-045,RFI-0036,Electrical Missing Information - Area C1,Electrical,Medium,Missing Information,2025-07-07,2025-07-18,2025-07-16,2025-07-16,2025-07-20,Closed,Subcontractor,Engineer,0,0,No,0,0,No,0,0,No,0,5
RFI-01696,PRJ-045,RFI-0037,General Design Clarification - Area B9,General,High,Design Clarification,2025-01-31,2025-02-06,2025-02-06,2025-02-06,2025-02-09,Closed,Construction Manager,Construction Manager,0,0,No,0,0,No,0,0,No,0,5
RFI-01697,PRJ-045,RFI-0038,Structural Coordination Conflict - Area B11,Structural,Medium,Coordination Conflict,2025-12-06,2025-12-15,2025-12-13,2025-12-13,,Answered,Subcontractor,Engineer,0,0,No,0,0,No,0,0,No,1,4
RFI-01698,PRJ-045,RFI-0039,Mechanical Missing Information - Area A10,Mechanical,Medium,Missing Information,2025-11-02,2025-11-13,2025-11-07,2025-11-07,2025-11-10,Closed,General Contractor,Engineer,0,0,Yes,11000,8900,No,0,0,Yes,4,4
RFI-01699,PRJ-045,RFI-0040,General Coordination Conflict - Area A7,General,Medium,Coordination Conflict,2024-11-13,2024-11-22,2024-11-18,2024-11-18,2024-11-20,Closed,Subcontractor,Construction Manager,0,0,No,0,0,No,0,0,No,1,4
RFI-01700,PRJ-045,RFI-0041,Plumbing Design Clarification - Area D5,Plumbing,Medium,Design Clarification,2025-07-15,2025-07-25,2025-07-30,2025-07-30,2025-08-03,Closed,Subcontractor,Engineer,0,0,No,0,0,No,0,0,No,6,5
RFI-01701,PRJ-045,RFI-0042,Architectural Coordination Conflict - Area E10,Architectural,Medium,Coordination Conflict,2024-05-10,2024-05-19,2024-05-23,2024-05-23,,Answered,Subcontractor,Architect,0,0,No,0,0,No,0,0,No,6,5
RFI-01702,PRJ-045,RFI-0043,Civil Coordination Conflict - Area E9,Civil,Medium,Coordination Conflict,2024-11-18,2024-11-30,2024-11-21,2024-11-21,2024-11-25,Closed,Subcontractor,Engineer,0,0,No,0,0,No,0,0,No,0,5
RFI-01703,PRJ-045,RFI-0044,Electrical Coordination Conflict - Area D11,Electrical,High,Coordination Conflict,2025-09-21,2025-09-25,2025-09-27,2025-09-27,2025-09-28,Closed,Construction Manager,Engineer,0,0,No,0,0,No,0,0,No,2,4
RFI-01704,PRJ-046,RFI-0001,Mechanical Constructability - Area A2,Mechanical,Critical,Constructability,2024-07-30,2024-08-03,2024-08-08,2024-08-08,2024-08-09,Closed,General Contractor,Engineer,0,0,No,0,0,Yes,5,6,No,6,5
RFI-01705,PRJ-046,RFI-0002,Architectural Field Condition - Area B6,Architectural,Critical,Field Condition,2023-06-23,2023-06-28,2023-06-28,2023-06-28,,Answered,Subcontractor,Architect,0,0,No,0,0,No,0,0,No,4,4
RFI-01706,PRJ-046,RFI-0003,Civil Coordination Conflict - Area D9,Civil,Medium,Coordination Conflict,2024-06-22,2024-07-01,2024-07-08,2024-07-11,2024-07-13,Closed,General Contractor,Engineer,1,1,No,0,0,Yes,2,2,No,4,4
RFI-01707,PRJ-046,RFI-0004,Electrical Missing Information - Area E12,Electrical,Medium,Missing Information,2023-09-17,2023-09-27,2023-09-23,2023-09-23,,Answered,Subcontractor,Engineer,0,0,No,0,0,No,0,0,No,0,5
RFI-01708,PRJ-046,RFI-0005,General Design Clarification - Area D8,General,Medium,Design Clarification,2024-12-06,2024-12-16,2024-12-09,2024-12-09,,Answered,General Contractor,Construction Manager,0,0,No,0,0,Yes,3,3,Yes,1,5
RFI-01709,PRJ-046,RFI-0006,Fire Protection Design Clarification - Area D5,Fire Protection,Medium,Design Clarification,2024-02-15,2024-02-27,2024-03-06,2024-03-06,2024-03-07,Closed,Subcontractor,Engineer,0,1,No,0,0,Yes,7,8,No,5,4
RFI-01710,PRJ-046,RFI-0007,Architectural Coordination Conflict - Area A4,Architectural,Low,Coordination Conflict,2024-12-10,2024-12-23,2024-12-20,2024-12-20,2024-12-21,Closed,General Contractor,Architect,0,0,No,0,0,No,0,0,No,3,5
RFI-01711,PRJ-046,RFI-0008,Structural Constructability - Area D5,Structural,Medium,Constructability,2023-03-29,2023-04-09,2023-04-04,2023-04-04,,Answered,Subcontractor,Engineer,0,0,No,0,0,No,0,0,No,4,5
RFI-01712,PRJ-046,RFI-0009,Plumbing Coordination Conflict - Area D2,Plumbing,Medium,Coordination Conflict,2023-06-03,2023-06-15,2023-06-12,2023-06-12,,Answered,Subcontractor,Engineer,0,0,No,0,0,No,0,0,No,3,5
RFI-01713,PRJ-046,RFI-0010,Specialty Systems Coordination Conflict - Area D1,Specialty Systems,High,Coordination Conflict,2024-12-08,2024-12-15,2024-12-16,2024-12-16,2024-12-18,Closed,General Contractor,Design Manager,0,0,Yes,33000,42000,No,0,0,Yes,0,5
RFI-01714,PRJ-046,RFI-0011,Specialty Systems Field Condition - Area D5,Specialty Systems,Medium,Field Condition,2023-08-16,2023-08-27,2023-08-24,2023-08-24,,Answered,Subcontractor,Design Manager,0,0,No,0,0,No,0,0,No,1,4
RFI-01715,PRJ-046,RFI-0012,Structural Constructability - Area D3,Structural,Critical,Constructability,2023-09-12,2023-09-17,2023-09-20,2023-09-20,,Answered,General Contractor,Engineer,0,0,No,0,0,No,0,0,No,1,5
RFI-01716,PRJ-046,RFI-0013,Architectural Coordination Conflict - Area C6,Architectural,Medium,Coordination Conflict,2023-06-16,2023-06-28,,,,Awaiting Owner,Subcontractor,Architect,0,0,No,0,0,No,0,0,No,0,5
RFI-01717,PRJ-046,RFI-0014,Civil Design Clarification - Area C6,Civil,Medium,Design Clarification,2024-04-15,2024-04-27,2024-04-28,2024-04-28,2024-04-29,Closed,Subcontractor,Engineer,0,0,Yes,8700,11000,No,0,0,Yes,5,5
RFI-01718,PRJ-046,RFI-0015,Architectural Coordination Conflict - Area C3,Architectural,Medium,Coordination Conflict,2024-10-31,2024-11-12,2024-11-07,2024-11-07,2024-11-10,Closed,Subcontractor,Architect,0,0,No,0,0,No,0,0,No,6,5
RFI-01719,PRJ-046,RFI-0016,Electrical Constructability - Area A3,Electrical,Medium,Constructability,2023-02-14,2023-02-26,2023-02-26,2023-02-26,2023-02-26,Closed,Subcontractor,Engineer,0,0,No,0,0,No,0,0,No,2,5
RFI-01720,PRJ-046,RFI-0017,Electrical Field Condition - Area A8,Electrical,High,Field Condition,2024-03-25,2024-03-30,2024-04-04,2024-04-04,,Answered,Construction Manager,Engineer,0,0,Yes,25000,33000,No,0,0,No,2,4
RFI-01721,PRJ-046,RFI-0018,Mechanical Field Condition - Area D3,Mechanical,Medium,Field Condition,2024-01-14,2024-01-25,2024-01-29,2024-01-29,2024-02-01,Closed,Subcontractor,Owner Representative,0,0,No,0,0,No,0,0,No,4,4
RFI-01722,PRJ-046,RFI-0019,Controls Missing Information - Area E5,Controls,Low,Missing Information,2024-11-22,2024-12-05,2024-11-27,2024-11-27,2024-11-30,Closed,General Contractor,Owner Representative,0,0,No,0,0,No,0,0,No,5,5
RFI-01723,PRJ-046,RFI-0020,Structural Constructability - Area A9,Structural,Medium,Constructability,2024-05-19,2024-05-28,2024-06-03,2024-06-07,,Answered,Subcontractor,Engineer,1,0,Yes,18000,15000,No,0,0,Yes,2,4
RFI-01724,PRJ-046,RFI-0021,General Field Condition - Area A1,General,Low,Field Condition,2023-08-16,2023-08-30,2023-08-26,,,Open,Subcontractor,Construction Manager,0,0,No,0,0,No,0,0,No,5,5
RFI-01725,PRJ-046,RFI-0022,Electrical Coordination Conflict - Area A11,Electrical,Medium,Coordination Conflict,2023-05-08,2023-05-18,2023-05-29,2023-05-29,2023-05-30,Closed,Subcontractor,Engineer,0,0,No,0,0,No,0,0,No,6,5
RFI-01726,PRJ-046,RFI-0023,General Design Clarification - Area B1,General,Medium,Design Clarification,2023-08-02,2023-08-12,2023-08-11,2023-08-14,2023-08-17,Closed,General Contractor,Construction Manager,1,0,No,0,0,No,0,0,No,1,4
RFI-01727,PRJ-046,RFI-0024,Mechanical Design Clarification - Area B8,Mechanical,Low,Design Clarification,2023-05-07,2023-05-21,2023-05-13,2023-05-13,2023-05-15,Closed,General Contractor,Engineer,0,0,No,0,0,No,0,0,No,4,5
RFI-01728,PRJ-046,RFI-0025,Architectural Missing Information - Area E2,Architectural,Low,Missing Information,2024-10-03,2024-10-19,2024-10-08,2024-10-08,2024-10-12,Closed,General Contractor,Architect,0,0,No,0,0,Yes,1,1,Yes,2,5
RFI-01729,PRJ-046,RFI-0026,Mechanical Missing Information - Area E7,Mechanical,Medium,Missing Information,2024-08-03,2024-08-15,2024-08-19,2024-08-22,2024-08-23,Closed,Subcontractor,Engineer,1,0,Yes,18000,21000,No,0,0,No,4,4
RFI-01730,PRJ-046,RFI-0027,Electrical Design Clarification - Area D3,Electrical,Medium,Design Clarification,2023-09-07,2023-09-16,2023-09-22,2023-09-22,2023-09-22,Closed,General Contractor,Owner Representative,0,0,No,0,0,No,0,0,No,1,5
RFI-01731,PRJ-046,RFI-0028,Plumbing Field Condition - Area B7,Plumbing,Medium,Field Condition,2023-03-20,2023-03-29,2023-04-05,2023-04-05,2023-04-08,Closed,Subcontractor,Engineer,0,0,No,0,0,No,0,0,No,2,5
RFI-01732,PRJ-046,RFI-0029,Fire Protection Constructability - Area B8,Fire Protection,Low,Constructability,2024-08-04,2024-08-18,2024-08-21,2024-08-21,2024-08-25,Closed,General Contractor,Engineer,0,0,No,0,0,No,0,0,No,0,4
RFI-01733,PRJ-046,RFI-0030,Structural Design Clarification - Area D7,Structural,Medium,Design Clarification,2023-12-12,2023-12-23,2023-12-19,2023-12-19,2023-12-20,Closed,Subcontractor,Engineer,0,0,No,0,0,No,0,0,No,5,4
RFI-01734,PRJ-046,RFI-0031,Civil Missing Information - Area B1,Civil,Low,Missing Information,2023-03-02,2023-03-17,2023-03-19,2023-03-20,2023-03-20,Closed,General Contractor,Engineer,1,0,Yes,6900,5800,No,0,0,Yes,3,4
RFI-01735,PRJ-046,RFI-0032,Mechanical Constructability - Area A12,Mechanical,Medium,Constructability,2024-07-07,2024-07-16,2024-07-25,2024-07-25,2024-07-25,Closed,General Contractor,Engineer,0,1,Yes,60000,64000,No,0,0,Yes,4,4
RFI-01736,PRJ-046,RFI-0033,Structural Field Condition - Area C3,Structural,Medium,Field Condition,2023-07-19,2023-07-29,2023-08-12,2023-08-12,2023-08-13,Closed,General Contractor,Engineer,0,1,No,0,0,No,0,0,No,5,3
RFI-01737,PRJ-046,RFI-0034,Fire Protection Coordination Conflict - Area E5,Fire Protection,Medium,Coordination Conflict,2024-04-21,2024-05-03,2024-04-29,2024-04-29,2024-05-01,Closed,General Contractor,Owner Representative,0,0,No,0,0,No,0,0,No,4,5
RFI-01738,PRJ-046,RFI-0035,Fire Protection Design Clarification - Area B10,Fire Protection,Critical,Design Clarification,2023-12-26,2023-12-29,2024-01-20,2024-01-20,2024-01-21,Closed,Subcontractor,Owner Representative,0,1,Yes,62000,74000,Yes,13,19,No,1,3
RFI-01739,PRJ-046,RFI-0036,Architectural Coordination Conflict - Area C12,Architectural,High,Coordination Conflict,2023-09-13,2023-09-19,2023-09-22,2023-09-22,2023-09-24,Closed,Subcontractor,Architect,0,1,No,0,0,No,0,0,No,3,5
RFI-01740,PRJ-046,RFI-0037,Specialty Systems Design Clarification - Area E7,Specialty Systems,Low,Design Clarification,2023-11-25,2023-12-08,2023-12-05,2023-12-05,,Answered,Subcontractor,Design Manager,0,0,No,0,0,No,0,0,No,4,5
RFI-01741,PRJ-046,RFI-0038,Structural Constructability - Area E1,Structural,Medium,Constructability,2023-03-29,2023-04-07,2023-04-10,2023-04-10,2023-04-13,Closed,General Contractor,Engineer,0,0,No,0,0,No,0,0,No,5,4
RFI-01742,PRJ-047,RFI-0001,Civil Constructability - Area C9,Civil,High,Constructability,2023-08-04,2023-08-10,,,,In Review,General Contractor,Owner Representative,1,0,No,0,0,No,0,0,No,5,4
RFI-01743,PRJ-047,RFI-0002,Electrical Substitution Request - Area A6,Electrical,Medium,Substitution Request,2024-09-17,2024-09-27,2024-09-23,2024-09-23,2024-09-23,Closed,Subcontractor,Engineer,0,0,No,0,0,No,0,0,No,4,5
RFI-01744,PRJ-047,RFI-0003,Mechanical Field Condition - Area B1,Mechanical,Medium,Field Condition,2023-02-22,2023-03-06,2023-03-03,2023-03-03,2023-03-03,Closed,Construction Manager,Engineer,0,0,No,0,0,No,0,0,No,0,4
RFI-01745,PRJ-047,RFI-0004,Electrical Substitution Request - Area B2,Electrical,Medium,Substitution Request,2024-12-16,2024-12-26,2024-12-24,2024-12-24,2024-12-28,Closed,Construction Manager,Engineer,0,0,No,0,0,No,0,0,No,4,4
RFI-01746,PRJ-047,RFI-0005,Fire Protection Code Compliance - Area E7,Fire Protection,Medium,Code Compliance,2024-07-19,2024-07-28,2024-07-29,2024-07-30,,Answered,General Contractor,Owner Representative,1,0,No,0,0,No,0,0,No,4,3
RFI-01747,PRJ-047,RFI-0006,Fire Protection Missing Information - Area A7,Fire Protection,Low,Missing Information,2025-01-22,2025-02-06,2025-01-25,2025-01-25,,Answered,Subcontractor,Owner Representative,0,0,No,0,0,No,0,0,No,6,5
RFI-01748,PRJ-047,RFI-0007,General Design Clarification - Area A10,General,Medium,Design Clarification,2023-11-10,2023-11-22,2023-11-18,2023-11-18,,Answered,Construction Manager,Construction Manager,0,0,No,0,0,No,0,0,No,5,5
RFI-01749,PRJ-047,RFI-0008,Specialty Systems Code Compliance - Area A6,Specialty Systems,Low,Code Compliance,2023-03-01,2023-03-15,2023-03-08,2023-03-08,2023-03-10,Closed,Subcontractor,Owner Representative,0,0,No,0,0,No,0,0,No,5,5
RFI-01750,PRJ-047,RFI-0009,Electrical Design Clarification - Area C5,Electrical,Medium,Design Clarification,2023-12-10,2023-12-22,2023-12-16,2023-12-16,2023-12-18,Closed,General Contractor,Engineer,0,0,No,0,0,No,0,0,No,6,4
RFI-01751,PRJ-047,RFI-0010,Plumbing Design Clarification - Area E12,Plumbing,Low,Design Clarification,2024-07-02,2024-07-15,2024-07-06,2024-07-06,2024-07-07,Closed,General Contractor,Owner Representative,0,0,No,0,0,No,0,0,No,4,5
RFI-01752,PRJ-047,RFI-0011,Architectural Constructability - Area B7,Architectural,Medium,Constructability,2024-07-13,2024-07-24,2024-07-22,2024-07-22,2024-07-26,Closed,General Contractor,Architect,0,0,No,0,0,No,0,0,No,5,5
RFI-01753,PRJ-047,RFI-0012,Civil Missing Information - Area A9,Civil,Medium,Missing Information,2024-10-01,2024-10-10,2024-10-08,2024-10-08,,Answered,General Contractor,Engineer,0,0,No,0,0,No,0,0,No,5,5
RFI-01754,PRJ-047,RFI-0013,Structural Design Clarification - Area B9,Structural,Medium,Design Clarification,2023-08-08,2023-08-20,2023-08-15,,,Awaiting Owner,Subcontractor,Engineer,1,0,No,0,0,Yes,2,1,No,5,4
RFI-01755,PRJ-047,RFI-0014,Plumbing Constructability - Area C2,Plumbing,Medium,Constructability,2024-08-04,2024-08-14,2024-08-15,2024-08-15,,Answered,General Contractor,Engineer,0,0,No,0,0,Yes,2,1,No,1,5
RFI-01756,PRJ-047,RFI-0015,Specialty Systems Design Clarification - Area C7,Specialty Systems,Medium,Design Clarification,2024-11-04,2024-11-16,2024-11-10,2024-11-10,2024-11-11,Closed,Subcontractor,Design Manager,0,0,No,0,0,No,0,0,No,6,5
RFI-01757,PRJ-047,RFI-0016,Civil Constructability - Area B3,Civil,Low,Constructability,2024-05-01,2024-05-15,2024-05-14,2024-05-14,2024-05-16,Closed,General Contractor,Engineer,0,1,No,0,0,No,0,0,No,1,5
RFI-01758,PRJ-047,RFI-0017,General Coordination Conflict - Area D8,General,High,Coordination Conflict,2023-09-11,2023-09-16,2023-09-14,2023-09-14,2023-09-14,Closed,General Contractor,Construction Manager,0,0,No,0,0,No,0,0,No,5,5
RFI-01759,PRJ-047,RFI-0018,Architectural Design Clarification - Area A12,Architectural,High,Design Clarification,2023-09-13,2023-09-18,2023-09-18,2023-09-18,2023-09-18,Closed,Subcontractor,Owner Representative,0,0,No,0,0,No,0,0,No,6,5
RFI-01760,PRJ-047,RFI-0019,Structural Design Clarification - Area D5,Structural,High,Design Clarification,2024-12-28,2025-01-02,2025-01-06,2025-01-06,2025-01-09,Closed,Subcontractor,Engineer,0,0,No,0,0,No,0,0,No,3,5
RFI-01761,PRJ-047,RFI-0020,Mechanical Design Clarification - Area E10,Mechanical,Medium,Design Clarification,2023-06-23,2023-07-05,2023-07-05,2023-07-06,,Answered,Subcontractor,Owner Representative,1,0,No,0,0,No,0,0,No,1,5
RFI-01762,PRJ-047,RFI-0021,Civil Substitution Request - Area B1,Civil,High,Substitution Request,2024-07-14,2024-07-19,2024-07-20,2024-07-20,2024-07-20,Closed,General Contractor,Owner Representative,0,0,No,0,0,No,0,0,No,2,5
RFI-01763,PRJ-047,RFI-0022,Specialty Systems Design Clarification - Area E6,Specialty Systems,Medium,Design Clarification,2023-03-07,2023-03-19,2023-03-10,2023-03-10,2023-03-12,Closed,Subcontractor,Design Manager,0,0,No,0,0,No,0,0,No,2,5
RFI-01764,PRJ-047,RFI-0023,Specialty Systems Coordination Conflict - Area B1,Specialty Systems,Medium,Coordination Conflict,2024-01-04,2024-01-13,2024-01-08,2024-01-08,2024-01-12,Closed,General Contractor,Design Manager,0,0,No,0,0,No,0,0,No,2,5
RFI-01765,PRJ-047,RFI-0024,General Field Condition - Area A10,General,Low,Field Condition,2023-05-31,2023-06-16,2023-06-09,2023-06-09,2023-06-11,Closed,Subcontractor,Construction Manager,0,0,No,0,0,No,0,0,No,2,4
RFI-01766,PRJ-048,RFI-0001,Mechanical Missing Information - Area D8,Mechanical,Medium,Missing Information,2024-08-22,2024-09-01,2024-08-28,2024-08-28,2024-09-01,Closed,Subcontractor,Engineer,0,0,Yes,47000,41000,No,0,0,No,0,4
RFI-01767,PRJ-048,RFI-0002,Civil Field Condition - Area C12,Civil,Medium,Field Condition,2022-11-29,2022-12-09,,,,In Review,Construction Manager,Engineer,0,0,Yes,132000,176000,No,0,0,Yes,3,3
RFI-01768,PRJ-048,RFI-0003,Plumbing Coordination Conflict - Area D5,Plumbing,High,Coordination Conflict,2024-07-10,2024-07-16,2024-07-25,2024-07-28,,Answered,Subcontractor,Engineer,1,0,Yes,79000,84000,Yes,14,14,Yes,5,3
RFI-01769,PRJ-048,RFI-0004,Mechanical Coordination Conflict - Area E5,Mechanical,High,Coordination Conflict,2023-12-24,2023-12-31,2024-01-11,2024-01-11,2024-01-14,Closed,General Contractor,Owner Representative,0,0,No,0,0,No,0,0,No,1,4
RFI-01770,PRJ-048,RFI-0005,General Coordination Conflict - Area A3,General,Medium,Coordination Conflict,2022-12-21,2022-12-30,2023-01-14,2023-01-14,,Answered,Subcontractor,Construction Manager,0,0,Yes,6800,9000,No,0,0,No,2,4
RFI-01771,PRJ-048,RFI-0006,Plumbing Constructability - Area D2,Plumbing,Medium,Constructability,2024-03-03,2024-03-15,2024-03-09,2024-03-09,2024-03-13,Closed,Subcontractor,Engineer,0,0,No,0,0,No,0,0,No,4,5
RFI-01772,PRJ-048,RFI-0007,Architectural Field Condition - Area A8,Architectural,Medium,Field Condition,2022-10-13,2022-10-25,2022-10-18,2022-10-18,2022-10-19,Closed,General Contractor,Architect,0,0,Yes,6200,6000,No,0,0,Yes,5,5
RFI-01773,PRJ-048,RFI-0008,Structural Coordination Conflict - Area C10,Structural,High,Coordination Conflict,2023-07-30,2023-08-06,2023-08-12,2023-08-16,2023-08-20,Closed,General Contractor,Engineer,1,0,No,0,0,No,0,0,No,2,3
RFI-01774,PRJ-048,RFI-0009,Specialty Systems Constructability - Area B12,Specialty Systems,High,Constructability,2024-11-18,2024-11-23,2024-12-09,2024-12-09,,Answered,Subcontractor,Design Manager,0,0,Yes,15000,21000,Yes,5,4,No,1,3
RFI-01775,PRJ-048,RFI-0010,Structural Coordination Conflict - Area E6,Structural,Medium,Coordination Conflict,2022-10-09,2022-10-20,2022-10-26,2022-10-26,2022-10-28,Closed,Subcontractor,Engineer,0,0,No,0,0,No,0,0,No,6,4
RFI-01776,PRJ-048,RFI-0011,Architectural Code Compliance - Area B8,Architectural,Low,Code Compliance,2022-11-28,2022-12-12,2022-12-16,2022-12-16,2022-12-20,Closed,General Contractor,Owner Representative,0,1,No,0,0,Yes,1,1,No,3,5
RFI-01777,PRJ-048,RFI-0012,Specialty Systems Coordination Conflict - Area E2,Specialty Systems,High,Coordination Conflict,2022-09-17,2022-09-21,2022-09-29,2022-09-29,2022-10-01,Closed,Construction Manager,Design Manager,0,0,No,0,0,No,0,0,No,5,4
RFI-01778,PRJ-048,RFI-0013,General Design Clarification - Area A10,General,Medium,Design Clarification,2022-01-11,2022-01-21,2022-01-21,2022-01-21,2022-01-23,Closed,General Contractor,Construction Manager,0,0,No,0,0,No,0,0,No,0,5
RFI-01779,PRJ-048,RFI-0014,Mechanical Design Clarification - Area E11,Mechanical,Medium,Design Clarification,2023-04-07,2023-04-18,2023-04-23,2023-04-23,2023-04-26,Closed,General Contractor,Engineer,0,0,No,0,0,Yes,1,1,Yes,4,4
RFI-01780,PRJ-048,RFI-0015,Controls Constructability - Area B6,Controls,Medium,Constructability,2022-02-07,2022-02-19,2022-03-08,2022-03-08,2022-03-09,Closed,General Contractor,Engineer,0,0,Yes,39000,32000,No,0,0,No,2,4
RFI-01781,PRJ-048,RFI-0016,Controls Missing Information - Area C7,Controls,Medium,Missing Information,2022-03-25,2022-04-05,2022-04-13,2022-04-13,2022-04-17,Closed,General Contractor,Engineer,0,1,No,0,0,No,0,0,No,5,5
RFI-01782,PRJ-048,RFI-0017,Mechanical Field Condition - Area A4,Mechanical,High,Field Condition,2023-06-13,2023-06-17,2023-06-23,2023-06-23,2023-06-24,Closed,Construction Manager,Engineer,0,0,Yes,11000,8700,No,0,0,No,0,5
RFI-01783,PRJ-048,RFI-0018,Plumbing Field Condition - Area A10,Plumbing,Low,Field Condition,2024-10-01,2024-10-16,2024-10-07,2024-10-07,,Answered,Subcontractor,Engineer,0,0,No,0,0,No,0,0,No,1,5
RFI-01784,PRJ-048,RFI-0019,Architectural Missing Information - Area A5,Architectural,High,Missing Information,2024-04-05,2024-04-12,2024-04-15,2024-04-15,2024-04-17,Closed,General Contractor,Architect,0,0,Yes,18000,14000,Yes,7,4,Yes,1,5
RFI-01785,PRJ-048,RFI-0020,Mechanical Missing Information - Area E3,Mechanical,Medium,Missing Information,2022-11-30,2022-12-12,2022-12-09,2022-12-11,2022-12-15,Closed,General Contractor,Engineer,1,0,Yes,25000,32000,No,0,0,Yes,3,5
RFI-01786,PRJ-048,RFI-0021,Electrical Design Clarification - Area D3,Electrical,High,Design Clarification,2023-07-02,2023-07-09,2023-07-07,2023-07-07,2023-07-11,Closed,Subcontractor,Engineer,0,0,No,0,0,No,0,0,No,6,5
RFI-01787,PRJ-048,RFI-0022,Specialty Systems Coordination Conflict - Area A2,Specialty Systems,Medium,Coordination Conflict,2024-05-14,2024-05-25,,,,Awaiting Designer,Subcontractor,Design Manager,0,0,No,0,0,No,0,0,No,4,5
RFI-01788,PRJ-048,RFI-0023,Structural Missing Information - Area D3,Structural,Medium,Missing Information,2024-05-13,2024-05-25,2024-05-20,2024-05-23,,Answered,General Contractor,Owner Representative,1,0,No,0,0,No,0,0,No,5,5
RFI-01789,PRJ-048,RFI-0024,Architectural Design Clarification - Area C9,Architectural,Medium,Design Clarification,2024-07-30,2024-08-10,2024-08-17,2024-08-17,,Answered,General Contractor,Architect,0,1,No,0,0,Yes,4,5,Yes,6,4
RFI-01790,PRJ-048,RFI-0025,Mechanical Constructability - Area B3,Mechanical,Medium,Constructability,2024-02-08,2024-02-19,2024-02-15,2024-02-15,2024-02-18,Closed,General Contractor,Engineer,0,0,No,0,0,No,0,0,No,2,5
RFI-01791,PRJ-048,RFI-0026,Mechanical Design Clarification - Area A4,Mechanical,High,Design Clarification,2023-09-29,2023-10-06,2023-10-03,2023-10-03,2023-10-04,Closed,General Contractor,Engineer,0,0,No,0,0,No,0,0,No,0,5
RFI-01792,PRJ-048,RFI-0027,Architectural Constructability - Area D12,Architectural,Medium,Constructability,2024-11-03,2024-11-13,2024-11-24,2024-11-25,,Answered,Subcontractor,Architect,1,1,Yes,3700,4000,No,0,0,No,0,2
RFI-01793,PRJ-048,RFI-0028,Civil Missing Information - Area A12,Civil,High,Missing Information,2023-10-07,2023-10-14,2023-10-18,2023-10-22,2023-10-22,Closed,Subcontractor,Engineer,1,0,No,0,0,Yes,1,1,Yes,4,4
RFI-01794,PRJ-048,RFI-0029,Structural Missing Information - Area C8,Structural,Low,Missing Information,2023-02-14,2023-02-27,2023-02-25,2023-02-25,,Answered,Construction Manager,Engineer,0,0,No,0,0,No,0,0,No,6,4
RFI-01795,PRJ-048,RFI-0030,Fire Protection Coordination Conflict - Area B5,Fire Protection,Medium,Coordination Conflict,2022-07-18,2022-07-28,2022-07-27,2022-07-27,,Answered,Subcontractor,Engineer,0,0,No,0,0,No,0,0,No,2,5
RFI-01796,PRJ-048,RFI-0031,Structural Field Condition - Area A10,Structural,Low,Field Condition,2023-01-04,2023-01-19,2023-02-03,2023-02-03,2023-02-04,Closed,Construction Manager,Engineer,0,0,No,0,0,Yes,3,4,No,6,4
RFI-01797,PRJ-048,RFI-0032,Civil Missing Information - Area E4,Civil,High,Missing Information,2024-05-30,2024-06-04,2024-06-20,2024-06-20,2024-06-22,Closed,Subcontractor,Engineer,0,0,Yes,102000,92000,No,0,0,No,2,3
RFI-01798,PRJ-048,RFI-0033,Electrical Coordination Conflict - Area A12,Electrical,High,Coordination Conflict,2023-05-31,2023-06-06,2023-06-12,2023-06-12,2023-06-12,Closed,Subcontractor,Owner Representative,0,0,Yes,4900,6600,No,0,0,Yes,6,4
RFI-01799,PRJ-048,RFI-0034,General Design Clarification - Area B10,General,Low,Design Clarification,2024-02-06,2024-02-21,2024-02-14,2024-02-14,2024-02-14,Closed,General Contractor,Owner Representative,0,0,No,0,0,No,0,0,No,4,5
RFI-01800,PRJ-048,RFI-0035,General Coordination Conflict - Area A8,General,High,Coordination Conflict,2024-12-06,2024-12-13,2024-12-21,2024-12-22,2024-12-26,Closed,General Contractor,Construction Manager,1,0,No,0,0,Yes,3,4,Yes,3,3
RFI-01801,PRJ-048,RFI-0036,Mechanical Coordination Conflict - Area D12,Mechanical,Medium,Coordination Conflict,2022-07-25,2022-08-06,2022-08-05,2022-08-05,2022-08-09,Closed,General Contractor,Engineer,0,0,No,0,0,No,0,0,No,6,5
RFI-01802,PRJ-048,RFI-0037,Plumbing Design Clarification - Area B7,Plumbing,Medium,Design Clarification,2024-06-30,2024-07-12,2024-07-13,2024-07-13,,Answered,Subcontractor,Engineer,0,0,No,0,0,No,0,0,No,1,4
RFI-01803,PRJ-048,RFI-0038,Civil Design Clarification - Area D8,Civil,Medium,Design Clarification,2022-04-29,2022-05-08,2022-05-27,2022-05-30,2022-06-03,Closed,General Contractor,Engineer,1,0,Yes,15000,14000,No,0,0,No,2,3
RFI-01804,PRJ-048,RFI-0039,Electrical Substitution Request - Area C7,Electrical,Medium,Substitution Request,2024-11-18,2024-11-29,2024-11-27,2024-11-27,2024-11-30,Closed,Construction Manager,Engineer,0,0,No,0,0,No,0,0,No,0,5
RFI-01805,PRJ-048,RFI-0040,Structural Design Clarification - Area E4,Structural,High,Design Clarification,2023-10-12,2023-10-17,2023-10-25,2023-10-27,2023-10-30,Closed,Subcontractor,Owner Representative,1,0,Yes,23000,21000,No,0,0,No,6,4
RFI-01806,PRJ-048,RFI-0041,Controls Missing Information - Area E4,Controls,Medium,Missing Information,2023-12-10,2023-12-20,2023-12-17,2023-12-17,,Answered,General Contractor,Engineer,0,0,No,0,0,No,0,0,No,2,4
RFI-01807,PRJ-048,RFI-0042,Architectural Missing Information - Area D3,Architectural,Medium,Missing Information,2023-05-21,2023-05-31,2023-06-11,2023-06-14,,Answered,General Contractor,Architect,1,0,Yes,5000,5400,No,0,0,Yes,6,3
RFI-01808,PRJ-048,RFI-0043,Controls Design Clarification - Area C12,Controls,High,Design Clarification,2022-03-14,2022-03-21,2022-03-22,2022-03-22,2022-03-25,Closed,General Contractor,Engineer,0,0,Yes,20000,25000,No,0,0,Yes,2,5
RFI-01809,PRJ-048,RFI-0044,Electrical Missing Information - Area C7,Electrical,Critical,Missing Information,2024-06-17,2024-06-20,2024-06-27,2024-06-27,2024-06-29,Closed,Subcontractor,Engineer,0,0,No,0,0,Yes,36,26,Yes,2,5
RFI-01810,PRJ-048,RFI-0045,Architectural Field Condition - Area C8,Architectural,Low,Field Condition,2024-03-17,2024-04-02,2024-03-30,2024-03-30,,Answered,Subcontractor,Architect,0,0,No,0,0,Yes,1,1,No,2,5
RFI-01811,PRJ-048,RFI-0046,Electrical Missing Information - Area B3,Electrical,High,Missing Information,2022-07-27,2022-08-01,2022-08-03,2022-08-03,2022-08-03,Closed,General Contractor,Owner Representative,0,0,No,0,0,No,0,0,No,2,5
RFI-01812,PRJ-048,RFI-0047,Specialty Systems Missing Information - Area A2,Specialty Systems,Medium,Missing Information,2022-02-25,2022-03-06,2022-04-05,2022-04-06,,Answered,Subcontractor,Design Manager,1,0,No,0,0,Yes,6,8,Yes,5,2
RFI-01813,PRJ-048,RFI-0048,Plumbing Coordination Conflict - Area D1,Plumbing,Medium,Coordination Conflict,2023-07-05,2023-07-17,2023-07-12,2023-07-12,2023-07-13,Closed,Subcontractor,Owner Representative,0,0,Yes,4500,5200,No,0,0,No,2,5
RFI-01814,PRJ-048,RFI-0049,Specialty Systems Field Condition - Area C4,Specialty Systems,Medium,Field Condition,2023-05-19,2023-05-28,2023-06-03,2023-06-03,2023-06-04,Closed,General Contractor,Design Manager,0,1,No,0,0,No,0,0,No,3,4
RFI-01815,PRJ-048,RFI-0050,Fire Protection Missing Information - Area C7,Fire Protection,Medium,Missing Information,2023-10-27,2023-11-05,2023-11-02,2023-11-02,,Answered,General Contractor,Engineer,0,0,Yes,5400,5300,No,0,0,Yes,3,5
RFI-01816,PRJ-048,RFI-0051,Controls Field Condition - Area B2,Controls,Medium,Field Condition,2024-09-11,2024-09-21,2024-09-22,2024-09-22,,Answered,Subcontractor,Engineer,0,0,No,0,0,Yes,3,4,Yes,3,5
RFI-01817,PRJ-049,RFI-0001,Structural Substitution Request - Area D3,Structural,Critical,Substitution Request,2024-11-26,2024-11-30,2024-12-10,2024-12-14,2024-12-15,Closed,Subcontractor,Engineer,1,0,No,0,0,No,0,0,No,2,5
RFI-01818,PRJ-049,RFI-0002,Structural Missing Information - Area A4,Structural,Medium,Missing Information,2024-03-20,2024-03-31,2024-04-04,2024-04-04,,Answered,Subcontractor,Engineer,0,0,Yes,40000,33000,No,0,0,Yes,6,5
RFI-01819,PRJ-049,RFI-0003,Architectural Coordination Conflict - Area C1,Architectural,Medium,Coordination Conflict,2025-03-19,2025-03-30,2025-04-08,2025-04-08,2025-04-12,Closed,Construction Manager,Architect,0,0,No,0,0,No,0,0,No,4,5
RFI-01820,PRJ-049,RFI-0004,Civil Design Clarification - Area A2,Civil,Medium,Design Clarification,2024-10-29,2024-11-07,2024-11-11,2024-11-11,2024-11-12,Closed,Subcontractor,Owner Representative,0,0,No,0,0,No,0,0,No,4,5
RFI-01821,PRJ-049,RFI-0005,Electrical Coordination Conflict - Area E8,Electrical,Medium,Coordination Conflict,2024-11-02,2024-11-11,2024-11-26,2024-11-26,2024-11-30,Closed,Subcontractor,Engineer,0,0,No,0,0,No,0,0,No,4,4
RFI-01822,PRJ-049,RFI-0006,Electrical Coordination Conflict - Area E2,Electrical,Low,Coordination Conflict,2025-09-08,2025-09-24,2025-09-26,2025-09-26,2025-09-28,Closed,General Contractor,Engineer,0,0,No,0,0,No,0,0,No,6,4
RFI-01823,PRJ-049,RFI-0007,Structural Missing Information - Area D8,Structural,Medium,Missing Information,2024-06-16,2024-06-28,2024-06-25,,,In Review,General Contractor,Engineer,0,0,No,0,0,No,0,0,No,5,5
RFI-01824,PRJ-049,RFI-0008,Architectural Design Clarification - Area C12,Architectural,Low,Design Clarification,2024-07-28,2024-08-12,2024-08-11,2024-08-11,2024-08-14,Closed,Subcontractor,Architect,0,0,No,0,0,No,0,0,No,0,5
RFI-01825,PRJ-049,RFI-0009,Controls Field Condition - Area E2,Controls,Low,Field Condition,2024-01-27,2024-02-09,2024-02-18,2024-02-18,2024-02-22,Closed,Subcontractor,Engineer,0,1,No,0,0,Yes,1,1,Yes,3,5
RFI-01826,PRJ-049,RFI-0010,Electrical Field Condition - Area E11,Electrical,Medium,Field Condition,2025-08-27,2025-09-08,2025-09-02,2025-09-06,2025-09-09,Closed,General Contractor,Engineer,1,0,Yes,65000,93000,Yes,2,2,No,5,4
RFI-01827,PRJ-049,RFI-0011,Architectural Design Clarification - Area A9,Architectural,Low,Design Clarification,2025-08-08,2025-08-22,2025-08-11,2025-08-11,2025-08-12,Closed,General Contractor,Architect,0,0,No,0,0,No,0,0,No,2,5
RFI-01828,PRJ-049,RFI-0012,Architectural Field Condition - Area C12,Architectural,Medium,Field Condition,2024-09-23,2024-10-03,2024-10-05,2024-10-05,2024-10-05,Closed,General Contractor,Owner Representative,0,0,No,0,0,Yes,3,3,Yes,3,5
RFI-01829,PRJ-049,RFI-0013,Civil Field Condition - Area E4,Civil,Low,Field Condition,2025-12-07,2025-12-21,2025-12-23,2025-12-23,2025-12-23,Closed,General Contractor,Engineer,0,0,Yes,26000,31000,No,0,0,Yes,0,5
RFI-01830,PRJ-049,RFI-0014,Structural Missing Information - Area E10,Structural,Medium,Missing Information,2024-01-08,2024-01-17,2024-01-16,2024-01-16,2024-01-16,Closed,Construction Manager,Engineer,0,0,No,0,0,No,0,0,No,1,5
RFI-01831,PRJ-049,RFI-0015,Structural Design Clarification - Area C1,Structural,Medium,Design Clarification,2024-12-08,2024-12-20,2024-12-20,2024-12-21,2024-12-23,Closed,Subcontractor,Engineer,1,0,No,0,0,No,0,0,No,5,4
RFI-01832,PRJ-049,RFI-0016,Fire Protection Substitution Request - Area C6,Fire Protection,High,Substitution Request,2024-07-28,2024-08-02,2024-08-03,2024-08-03,,Answered,General Contractor,Engineer,0,0,Yes,4400,5400,No,0,0,Yes,4,5
RFI-01833,PRJ-049,RFI-0017,Civil Coordination Conflict - Area C6,Civil,Medium,Coordination Conflict,2024-07-08,2024-07-17,2024-07-20,2024-07-20,2024-07-21,Closed,Construction Manager,Engineer,0,0,No,0,0,No,0,0,No,0,5
RFI-01834,PRJ-049,RFI-0018,Civil Substitution Request - Area A10,Civil,High,Substitution Request,2025-11-12,2025-11-16,2025-11-23,2025-11-23,2025-11-25,Closed,Subcontractor,Engineer,0,0,No,0,0,No,0,0,No,6,5
RFI-01835,PRJ-049,RFI-0019,Architectural Missing Information - Area E11,Architectural,High,Missing Information,2025-06-10,2025-06-15,2025-06-18,2025-06-22,,Answered,Construction Manager,Architect,2,0,No,0,0,No,0,0,No,2,3
RFI-01836,PRJ-049,RFI-0020,Fire Protection Constructability - Area A4,Fire Protection,Medium,Constructability,2025-04-13,2025-04-23,2025-04-16,2025-04-16,2025-04-18,Closed,Subcontractor,Engineer,0,0,Yes,5000,6600,No,0,0,Yes,6,5
RFI-01837,PRJ-049,RFI-0021,Electrical Coordination Conflict - Area A10,Electrical,Low,Coordination Conflict,2025-07-23,2025-08-06,,,,In Review,Subcontractor,Engineer,0,0,No,0,0,No,0,0,No,3,5
RFI-01838,PRJ-049,RFI-0022,Electrical Design Clarification - Area B2,Electrical,Medium,Design Clarification,2025-03-21,2025-03-31,2025-03-28,,,Open,Subcontractor,Engineer,0,0,No,0,0,No,0,0,No,6,5
RFI-01839,PRJ-049,RFI-0023,Architectural Design Clarification - Area E7,Architectural,Medium,Design Clarification,2024-11-21,2024-12-02,2024-11-28,2024-11-28,2024-11-28,Closed,General Contractor,Architect,0,0,Yes,36000,49000,Yes,2,2,No,3,5
RFI-01840,PRJ-049,RFI-0024,Plumbing Substitution Request - Area E3,Plumbing,Medium,Substitution Request,2025-02-20,2025-03-03,,,,Returned for Clarification,General Contractor,Engineer,0,0,No,0,0,No,0,0,No,1,5
RFI-01841,PRJ-049,RFI-0025,Mechanical Substitution Request - Area B8,Mechanical,Medium,Substitution Request,2025-02-15,2025-02-27,2025-02-24,2025-02-26,2025-02-28,Closed,Subcontractor,Engineer,1,0,No,0,0,No,0,0,No,3,5
RFI-01842,PRJ-049,RFI-0026,Controls Field Condition - Area C4,Controls,Medium,Field Condition,2025-02-02,2025-02-12,2025-02-17,2025-02-18,2025-02-21,Closed,Construction Manager,Engineer,1,0,Yes,44000,61000,No,0,0,Yes,6,3
RFI-01843,PRJ-049,RFI-0027,Fire Protection Missing Information - Area E9,Fire Protection,Medium,Missing Information,2025-08-21,2025-09-02,2025-09-05,,,In Review,General Contractor,Engineer,1,0,Yes,8400,9700,Yes,6,4,Yes,2,4
RFI-01844,PRJ-049,RFI-0028,Electrical Constructability - Area B7,Electrical,Low,Constructability,2024-08-03,2024-08-19,2024-08-18,2024-08-20,2024-08-21,Closed,Subcontractor,Engineer,1,0,No,0,0,No,0,0,No,3,4
RFI-01845,PRJ-049,RFI-0029,Specialty Systems Missing Information - Area E8,Specialty Systems,Low,Missing Information,2025-10-19,2025-11-02,2025-11-10,2025-11-10,2025-11-14,Closed,Construction Manager,Design Manager,0,0,Yes,7600,9900,Yes,1,1,Yes,4,5
RFI-01846,PRJ-049,RFI-0030,Civil Constructability - Area A9,Civil,Medium,Constructability,2025-10-20,2025-10-30,2025-11-05,2025-11-05,,Answered,Subcontractor,Engineer,0,0,No,0,0,No,0,0,No,5,5
RFI-01847,PRJ-049,RFI-0031,Plumbing Code Compliance - Area E11,Plumbing,Low,Code Compliance,2025-06-18,2025-07-02,2025-06-24,2025-06-24,2025-06-25,Closed,General Contractor,Owner Representative,0,0,No,0,0,No,0,0,No,1,5
RFI-01848,PRJ-049,RFI-0032,Fire Protection Coordination Conflict - Area D10,Fire Protection,Medium,Coordination Conflict,2024-05-07,2024-05-17,2024-05-24,2024-05-24,2024-05-26,Closed,Subcontractor,Engineer,0,0,No,0,0,No,0,0,No,4,3
RFI-01849,PRJ-049,RFI-0033,Structural Substitution Request - Area E6,Structural,Low,Substitution Request,2025-10-08,2025-10-24,,,,In Review,Construction Manager,Engineer,1,0,No,0,0,No,0,0,No,4,5
RFI-01850,PRJ-049,RFI-0034,Civil Code Compliance - Area E6,Civil,Medium,Code Compliance,2025-07-18,2025-07-29,2025-08-01,2025-08-04,2025-08-07,Closed,General Contractor,Engineer,1,0,No,0,0,No,0,0,No,2,3
RFI-01851,PRJ-049,RFI-0035,Mechanical Code Compliance - Area B1,Mechanical,Medium,Code Compliance,2025-03-29,2025-04-08,2025-04-14,2025-04-14,2025-04-16,Closed,General Contractor,Engineer,0,0,No,0,0,No,0,0,No,1,5
RFI-01852,PRJ-050,RFI-0001,Structural Design Clarification - Area D6,Structural,High,Design Clarification,2025-12-08,2025-12-13,2025-12-13,2025-12-13,2025-12-16,Closed,Construction Manager,Engineer,0,0,No,0,0,No,0,0,No,4,5
RFI-01853,PRJ-050,RFI-0002,Electrical Substitution Request - Area E6,Electrical,Medium,Substitution Request,2024-06-10,2024-06-22,2024-06-19,2024-06-21,,Answered,Construction Manager,Engineer,1,0,No,0,0,No,0,0,No,2,5
RFI-01854,PRJ-050,RFI-0003,General Coordination Conflict - Area E8,General,Medium,Coordination Conflict,2025-01-25,2025-02-06,2025-01-28,2025-01-28,2025-01-28,Closed,Subcontractor,Construction Manager,0,0,No,0,0,No,0,0,No,5,5
RFI-01855,PRJ-050,RFI-0004,Structural Design Clarification - Area E9,Structural,High,Design Clarification,2024-10-18,2024-10-25,2024-10-23,2024-10-23,,Answered,General Contractor,Engineer,0,0,No,0,0,No,0,0,No,0,5
RFI-01856,PRJ-050,RFI-0005,Electrical Coordination Conflict - Area E4,Electrical,Medium,Coordination Conflict,2024-08-15,2024-08-24,2024-08-31,2024-08-31,2024-09-04,Closed,Construction Manager,Engineer,0,0,No,0,0,No,0,0,No,2,4
RFI-01857,PRJ-050,RFI-0006,Architectural Substitution Request - Area A1,Architectural,Medium,Substitution Request,2025-05-15,2025-05-25,2025-05-19,2025-05-19,,Answered,General Contractor,Architect,0,0,No,0,0,No,0,0,No,2,5
RFI-01858,PRJ-050,RFI-0007,Electrical Field Condition - Area E10,Electrical,Medium,Field Condition,2024-07-20,2024-07-29,2024-07-22,2024-07-22,2024-07-25,Closed,General Contractor,Engineer,0,0,No,0,0,No,0,0,No,1,5
RFI-01859,PRJ-050,RFI-0008,Structural Missing Information - Area E3,Structural,Medium,Missing Information,2024-10-03,2024-10-13,2024-10-08,2024-10-08,2024-10-10,Closed,Construction Manager,Engineer,0,0,No,0,0,No,0,0,No,6,5
RFI-01860,PRJ-050,RFI-0009,Mechanical Constructability - Area C8,Mechanical,Low,Constructability,2025-05-14,2025-05-27,2025-05-22,2025-05-22,,Answered,General Contractor,Engineer,0,0,No,0,0,No,0,0,No,5,5
RFI-01861,PRJ-050,RFI-0010,Architectural Design Clarification - Area D12,Architectural,Medium,Design Clarification,2024-10-18,2024-10-27,2024-10-20,2024-10-20,,Answered,Subcontractor,Architect,0,0,No,0,0,No,0,0,No,5,4
RFI-01862,PRJ-050,RFI-0011,Structural Design Clarification - Area E7,Structural,Critical,Design Clarification,2025-02-19,2025-02-23,2025-02-21,2025-02-21,2025-02-22,Closed,Subcontractor,Engineer,0,0,No,0,0,No,0,0,No,0,4
RFI-01863,PRJ-050,RFI-0012,Electrical Missing Information - Area C6,Electrical,High,Missing Information,2024-10-27,2024-11-02,,,,Awaiting Owner,Construction Manager,Engineer,0,0,Yes,24000,35000,No,0,0,Yes,5,5
RFI-01864,PRJ-050,RFI-0013,Structural Coordination Conflict - Area B6,Structural,Medium,Coordination Conflict,2024-06-12,2024-06-21,2024-06-16,2024-06-16,,Answered,General Contractor,Owner Representative,0,0,No,0,0,No,0,0,No,5,5
RFI-01865,PRJ-050,RFI-0014,Electrical Code Compliance - Area D7,Electrical,High,Code Compliance,2025-10-23,2025-10-29,2025-10-29,2025-10-29,2025-10-29,Closed,General Contractor,Engineer,0,0,No,0,0,No,0,0,No,2,5
RFI-01866,PRJ-050,RFI-0015,Structural Constructability - Area E1,Structural,Medium,Constructability,2025-11-22,2025-12-01,2025-11-29,2025-11-29,,Answered,General Contractor,Engineer,0,0,No,0,0,No,0,0,No,0,5
RFI-01867,PRJ-050,RFI-0016,Plumbing Design Clarification - Area C5,Plumbing,High,Design Clarification,2025-03-03,2025-03-07,2025-03-07,2025-03-07,2025-03-10,Closed,Subcontractor,Engineer,0,0,No,0,0,No,0,0,No,6,5
RFI-01868,PRJ-050,RFI-0017,Architectural Coordination Conflict - Area D2,Architectural,High,Coordination Conflict,2024-07-12,2024-07-16,2024-07-22,2024-07-22,2024-07-22,Closed,General Contractor,Architect,0,0,Yes,10000,7300,No,0,0,No,6,5
RFI-01869,PRJ-050,RFI-0018,Structural Constructability - Area B10,Structural,Medium,Constructability,2024-11-29,2024-12-10,2024-12-09,2024-12-12,2024-12-13,Closed,Construction Manager,Engineer,1,0,No,0,0,Yes,3,3,No,3,5
RFI-01870,PRJ-050,RFI-0019,Structural Coordination Conflict - Area B7,Structural,High,Coordination Conflict,2025-12-11,2025-12-17,2025-12-14,2025-12-14,2025-12-17,Closed,Construction Manager,Engineer,0,0,Yes,77000,104000,No,0,0,No,0,5
RFI-01871,PRJ-050,RFI-0020,Architectural Coordination Conflict - Area E4,Architectural,Critical,Coordination Conflict,2025-02-17,2025-02-19,2025-02-21,2025-02-22,2025-02-25,Closed,General Contractor,Architect,1,0,No,0,0,No,0,0,No,3,3
RFI-01872,PRJ-050,RFI-0021,Civil Coordination Conflict - Area A6,Civil,Critical,Coordination Conflict,2025-08-25,2025-08-27,2025-08-28,2025-08-28,2025-08-29,Closed,General Contractor,Engineer,0,0,No,0,0,Yes,5,4,No,3,5
RFI-01873,PRJ-050,RFI-0022,General Missing Information - Area D6,General,Medium,Missing Information,2025-03-06,2025-03-18,2025-03-14,2025-03-17,2025-03-21,Closed,Construction Manager,Construction Manager,1,0,No,0,0,No,0,0,No,5,4
RFI-01874,PRJ-050,RFI-0023,Fire Protection Coordination Conflict - Area C11,Fire Protection,High,Coordination Conflict,2025-05-18,2025-05-24,2025-05-20,2025-05-20,2025-05-23,Closed,General Contractor,Engineer,0,0,Yes,296000,360000,No,0,0,No,0,5
RFI-01875,PRJ-050,RFI-0024,General Design Clarification - Area A6,General,Medium,Design Clarification,2025-12-14,2025-12-24,,,,Open,General Contractor,Construction Manager,0,0,No,0,0,No,0,0,No,5,5
RFI-01876,PRJ-050,RFI-0025,Structural Coordination Conflict - Area A5,Structural,High,Coordination Conflict,2024-09-26,2024-10-01,2024-10-04,2024-10-07,,Answered,Subcontractor,Engineer,1,0,Yes,30000,40000,No,0,0,No,3,5
RFI-01877,PRJ-050,RFI-0026,Mechanical Design Clarification - Area A8,Mechanical,Low,Design Clarification,2025-01-20,2025-02-03,2025-01-25,2025-01-25,2025-01-28,Closed,Subcontractor,Engineer,0,0,No,0,0,No,0,0,No,6,5
RFI-01878,PRJ-051,RFI-0001,General Design Clarification - Area A4,General,Medium,Design Clarification,2024-02-26,2024-03-07,2024-03-03,2024-03-03,,Answered,Construction Manager,Construction Manager,0,0,No,0,0,No,0,0,No,5,5
RFI-01879,PRJ-051,RFI-0002,Mechanical Constructability - Area B9,Mechanical,Medium,Constructability,2023-10-25,2023-11-05,2023-11-13,2023-11-14,2023-11-18,Closed,General Contractor,Engineer,1,0,No,0,0,Yes,2,2,No,2,4
RFI-01880,PRJ-051,RFI-0003,Structural Constructability - Area B7,Structural,Medium,Constructability,2023-11-11,2023-11-22,2023-11-25,2023-11-25,,Answered,Subcontractor,Engineer,0,0,No,0,0,No,0,0,No,6,5
RFI-01881,PRJ-051,RFI-0004,Fire Protection Coordination Conflict - Area B3,Fire Protection,High,Coordination Conflict,2022-07-19,2022-07-25,2022-07-29,2022-07-29,2022-07-30,Closed,Subcontractor,Engineer,0,0,No,0,0,No,0,0,No,2,5
RFI-01882,PRJ-051,RFI-0005,Mechanical Design Clarification - Area A2,Mechanical,Medium,Design Clarification,2023-03-29,2023-04-07,2023-04-09,2023-04-11,2023-04-12,Closed,General Contractor,Engineer,1,0,Yes,11000,14000,Yes,2,1,No,3,5
RFI-01883,PRJ-051,RFI-0006,Structural Substitution Request - Area E7,Structural,Medium,Substitution Request,2025-05-04,2025-05-14,,,,Awaiting Designer,Subcontractor,Engineer,1,1,Yes,10000,13000,No,0,0,Yes,1,1
RFI-01884,PRJ-051,RFI-0007,Electrical Design Clarification - Area A11,Electrical,High,Design Clarification,2023-06-30,2023-07-06,2023-07-19,,,In Review,Subcontractor,Engineer,1,0,Yes,89000,112000,No,0,0,Yes,5,3
RFI-01885,PRJ-051,RFI-0008,Controls Field Condition - Area E3,Controls,Low,Field Condition,2024-10-04,2024-10-17,2024-10-23,2024-10-23,2024-10-27,Closed,Construction Manager,Engineer,0,0,No,0,0,No,0,0,No,6,3
RFI-01886,PRJ-051,RFI-0009,Architectural Design Clarification - Area A2,Architectural,Medium,Design Clarification,2024-06-20,2024-07-02,2024-07-28,2024-07-28,2024-07-28,Closed,Subcontractor,Architect,0,0,Yes,15000,18000,Yes,2,2,No,5,3
RFI-01887,PRJ-051,RFI-0010,Specialty Systems Missing Information - Area E6,Specialty Systems,High,Missing Information,2023-03-08,2023-03-12,2023-04-05,2023-04-05,2023-04-09,Closed,Subcontractor,Design Manager,0,0,Yes,75000,92000,Yes,4,3,No,4,4
RFI-01888,PRJ-051,RFI-0011,Architectural Design Clarification - Area B6,Architectural,Medium,Design Clarification,2023-11-30,2023-12-09,2023-12-23,2023-12-23,,Answered,Construction Manager,Owner Representative,0,0,No,0,0,No,0,0,No,6,3
RFI-01889,PRJ-051,RFI-0012,Structural Constructability - Area A1,Structural,Low,Constructability,2024-12-21,2025-01-05,2025-01-07,2025-01-07,2025-01-07,Closed,Subcontractor,Owner Representative,0,0,No,0,0,No,0,0,No,0,5
RFI-01890,PRJ-051,RFI-0013,Electrical Design Clarification - Area A6,Electrical,Medium,Design Clarification,2023-05-16,2023-05-27,2023-06-10,2023-06-12,2023-06-14,Closed,Subcontractor,Engineer,1,0,No,0,0,No,0,0,No,3,3
RFI-01891,PRJ-051,RFI-0014,Mechanical Field Condition - Area A12,Mechanical,Low,Field Condition,2024-02-26,2024-03-11,2024-03-14,2024-03-14,2024-03-16,Closed,Construction Manager,Engineer,0,0,No,0,0,No,0,0,No,5,5
RFI-01892,PRJ-051,RFI-0015,Structural Coordination Conflict - Area E11,Structural,High,Coordination Conflict,2023-06-09,2023-06-16,2023-07-04,2023-07-07,2023-07-09,Closed,General Contractor,Engineer,1,1,No,0,0,No,0,0,No,4,3
RFI-01893,PRJ-051,RFI-0016,Structural Coordination Conflict - Area A10,Structural,Medium,Coordination Conflict,2024-07-22,2024-07-31,2024-07-30,2024-07-30,2024-08-02,Closed,General Contractor,Engineer,0,0,No,0,0,No,0,0,No,3,4
RFI-01894,PRJ-051,RFI-0017,Architectural Coordination Conflict - Area A4,Architectural,High,Coordination Conflict,2023-07-04,2023-07-08,2023-07-22,2023-07-22,,Answered,General Contractor,Architect,0,0,No,0,0,No,0,0,No,2,3
RFI-01895,PRJ-051,RFI-0018,Specialty Systems Coordination Conflict - Area C6,Specialty Systems,High,Coordination Conflict,2023-09-05,2023-09-09,,,,Returned for Clarification,General Contractor,Design Manager,0,1,No,0,0,No,0,0,No,1,3
RFI-01896,PRJ-051,RFI-0019,Mechanical Substitution Request - Area C7,Mechanical,Medium,Substitution Request,2024-08-24,2024-09-02,2024-09-05,2024-09-05,2024-09-08,Closed,Subcontractor,Engineer,0,1,No,0,0,No,0,0,No,0,4
RFI-01897,PRJ-051,RFI-0020,General Coordination Conflict - Area C1,General,Medium,Coordination Conflict,2023-07-28,2023-08-08,,,,In Review,Construction Manager,Owner Representative,0,0,No,0,0,Yes,3,3,No,6,4
RFI-01898,PRJ-051,RFI-0021,Mechanical Design Clarification - Area C8,Mechanical,Medium,Design Clarification,2025-06-11,2025-06-22,2025-06-26,2025-06-26,,Answered,General Contractor,Engineer,0,0,No,0,0,No,0,0,No,0,4
RFI-01899,PRJ-051,RFI-0022,Plumbing Missing Information - Area E8,Plumbing,High,Missing Information,2023-12-03,2023-12-07,2024-01-01,2024-01-01,2024-01-01,Closed,General Contractor,Engineer,0,0,No,0,0,Yes,2,1,Yes,6,3
RFI-01900,PRJ-051,RFI-0023,Architectural Missing Information - Area B12,Architectural,Medium,Missing Information,2024-01-19,2024-01-28,2024-02-02,2024-02-04,,Answered,Subcontractor,Owner Representative,1,0,No,0,0,No,0,0,No,5,3
RFI-01901,PRJ-051,RFI-0024,Structural Missing Information - Area E6,Structural,Low,Missing Information,2023-04-11,2023-04-26,2023-04-29,,,Awaiting Designer,General Contractor,Engineer,1,0,No,0,0,No,0,0,No,3,5
RFI-01902,PRJ-051,RFI-0025,Structural Field Condition - Area D2,Structural,Medium,Field Condition,2023-01-14,2023-01-23,,,,Awaiting Owner,Construction Manager,Engineer,1,0,Yes,17000,20000,Yes,1,1,Yes,4,3
RFI-01903,PRJ-051,RFI-0026,Architectural Missing Information - Area A9,Architectural,High,Missing Information,2024-02-02,2024-02-07,2024-02-15,2024-02-15,2024-02-16,Closed,Subcontractor,Architect,0,0,Yes,10000,14000,No,0,0,Yes,0,4
RFI-01904,PRJ-051,RFI-0027,Structural Coordination Conflict - Area D11,Structural,Medium,Coordination Conflict,2023-02-22,2023-03-06,2023-03-14,2023-03-14,2023-03-14,Closed,Subcontractor,Engineer,0,0,Yes,8900,6900,No,0,0,Yes,5,5
RFI-01905,PRJ-051,RFI-0028,Structural Coordination Conflict - Area E7,Structural,Medium,Coordination Conflict,2024-05-07,2024-05-18,,,,Awaiting Designer,General Contractor,Engineer,0,0,Yes,13000,17000,No,0,0,No,0,3
RFI-01906,PRJ-051,RFI-0029,Controls Field Condition - Area B4,Controls,High,Field Condition,2024-02-03,2024-02-08,2024-02-25,2024-03-04,2024-03-04,Closed,General Contractor,Owner Representative,2,0,No,0,0,No,0,0,No,2,1
RFI-01907,PRJ-051,RFI-0030,Electrical Substitution Request - Area C10,Electrical,Medium,Substitution Request,2023-04-27,2023-05-07,2023-05-18,2023-05-18,2023-05-22,Closed,Construction Manager,Engineer,0,0,Yes,63000,50000,No,0,0,Yes,2,4
RFI-01908,PRJ-051,RFI-0031,Electrical Missing Information - Area A1,Electrical,Low,Missing Information,2025-01-09,2025-01-23,2025-02-13,2025-02-16,2025-02-19,Closed,General Contractor,Engineer,1,0,No,0,0,No,0,0,No,1,2
RFI-01909,PRJ-051,RFI-0032,Specialty Systems Coordination Conflict - Area C2,Specialty Systems,Medium,Coordination Conflict,2023-08-28,2023-09-09,2023-09-12,2023-09-12,2023-09-15,Closed,General Contractor,Design Manager,0,0,No,0,0,No,0,0,No,1,5
RFI-01910,PRJ-051,RFI-0033,Civil Coordination Conflict - Area A2,Civil,Low,Coordination Conflict,2024-10-05,2024-10-21,,,,In Review,Subcontractor,Engineer,0,0,Yes,34000,40000,No,0,0,Yes,1,5
RFI-01911,PRJ-051,RFI-0034,Electrical Substitution Request - Area D12,Electrical,Medium,Substitution Request,2022-11-12,2022-11-22,2022-12-04,2022-12-04,2022-12-07,Closed,Subcontractor,Engineer,0,0,No,0,0,No,0,0,No,1,5
RFI-01912,PRJ-051,RFI-0035,Mechanical Field Condition - Area C9,Mechanical,Medium,Field Condition,2024-06-01,2024-06-12,2024-06-30,2024-07-02,2024-07-02,Closed,Construction Manager,Engineer,1,0,No,0,0,No,0,0,No,0,4
RFI-01913,PRJ-051,RFI-0036,General Design Clarification - Area C7,General,High,Design Clarification,2023-02-02,2023-02-08,2023-02-15,2023-02-15,,Answered,Construction Manager,Construction Manager,0,0,No,0,0,Yes,8,11,Yes,2,4
RFI-01914,PRJ-051,RFI-0037,Plumbing Coordination Conflict - Area A2,Plumbing,Medium,Coordination Conflict,2023-04-27,2023-05-07,2023-05-23,2023-05-23,2023-05-23,Closed,Construction Manager,Engineer,0,1,Yes,1000,1000,No,0,0,Yes,2,5
RFI-01915,PRJ-051,RFI-0038,Mechanical Code Compliance - Area C4,Mechanical,Medium,Code Compliance,2024-07-03,2024-07-13,2024-07-13,2024-07-13,,Answered,General Contractor,Engineer,0,0,No,0,0,No,0,0,No,6,4
RFI-01916,PRJ-051,RFI-0039,Plumbing Constructability - Area C10,Plumbing,Medium,Constructability,2024-05-22,2024-05-31,2024-06-09,2024-06-09,2024-06-09,Closed,Subcontractor,Engineer,0,0,No,0,0,Yes,5,5,Yes,5,3
RFI-01917,PRJ-051,RFI-0040,Mechanical Design Clarification - Area E10,Mechanical,High,Design Clarification,2024-09-13,2024-09-19,2024-10-06,2024-10-10,2024-10-10,Closed,General Contractor,Engineer,2,1,Yes,42000,34000,No,0,0,Yes,1,1
RFI-01918,PRJ-051,RFI-0041,Civil Design Clarification - Area A9,Civil,Critical,Design Clarification,2024-12-18,2024-12-22,2025-01-26,2025-01-27,2025-01-27,Closed,Subcontractor,Engineer,1,1,Yes,30000,24000,Yes,6,6,No,6,1
RFI-01919,PRJ-051,RFI-0042,Structural Missing Information - Area B8,Structural,Low,Missing Information,2023-03-22,2023-04-06,2023-03-29,2023-03-29,2023-03-30,Closed,Subcontractor,Engineer,0,0,No,0,0,Yes,1,1,Yes,3,5
RFI-01920,PRJ-051,RFI-0043,General Field Condition - Area C9,General,High,Field Condition,2024-06-24,2024-06-29,2024-07-16,,,Returned for Clarification,Subcontractor,Construction Manager,1,0,Yes,15000,19000,Yes,9,8,No,4,3
RFI-01921,PRJ-051,RFI-0044,Mechanical Coordination Conflict - Area C3,Mechanical,High,Coordination Conflict,2024-12-24,2024-12-28,2025-01-27,2025-01-30,2025-01-31,Closed,General Contractor,Engineer,1,1,Yes,34000,47000,Yes,6,4,Yes,3,2
RFI-01922,PRJ-051,RFI-0045,Specialty Systems Design Clarification - Area D1,Specialty Systems,Medium,Design Clarification,2024-03-22,2024-04-01,2024-04-14,2024-04-14,2024-04-17,Closed,Construction Manager,Design Manager,0,0,No,0,0,No,0,0,No,6,4
RFI-01923,PRJ-051,RFI-0046,Specialty Systems Substitution Request - Area E10,Specialty Systems,Low,Substitution Request,2022-09-28,2022-10-13,2022-10-19,2022-10-23,2022-10-24,Closed,General Contractor,Design Manager,1,0,Yes,13000,18000,No,0,0,Yes,0,4
RFI-01924,PRJ-051,RFI-0047,General Missing Information - Area E7,General,Medium,Missing Information,2022-09-22,2022-10-03,2022-10-04,2022-10-04,,Answered,Construction Manager,Construction Manager,0,0,No,0,0,No,0,0,No,1,4
RFI-01925,PRJ-051,RFI-0048,Mechanical Coordination Conflict - Area C11,Mechanical,High,Coordination Conflict,2023-04-25,2023-04-30,2023-05-11,2023-05-11,2023-05-14,Closed,General Contractor,Engineer,0,0,No,0,0,No,0,0,No,6,4
RFI-01926,PRJ-051,RFI-0049,Electrical Code Compliance - Area B9,Electrical,Low,Code Compliance,2022-10-22,2022-11-04,2022-12-07,2022-12-07,2022-12-08,Closed,General Contractor,Engineer,0,0,Yes,4900,7000,No,0,0,No,2,2
RFI-01927,PRJ-051,RFI-0050,Architectural Constructability - Area E4,Architectural,Medium,Constructability,2024-10-02,2024-10-11,2024-10-27,2024-10-27,2024-10-30,Closed,Subcontractor,Architect,0,0,No,0,0,No,0,0,No,2,3
RFI-01928,PRJ-051,RFI-0051,Specialty Systems Design Clarification - Area E9,Specialty Systems,Low,Design Clarification,2023-02-21,2023-03-06,2023-03-09,2023-03-09,,Answered,General Contractor,Design Manager,0,0,No,0,0,No,0,0,No,2,5
RFI-01929,PRJ-051,RFI-0052,Mechanical Constructability - Area B4,Mechanical,Medium,Constructability,2023-06-16,2023-06-25,2023-06-30,2023-06-30,,Answered,General Contractor,Owner Representative,0,0,Yes,12000,13000,No,0,0,Yes,6,5
RFI-01930,PRJ-051,RFI-0053,Architectural Design Clarification - Area A1,Architectural,High,Design Clarification,2023-01-15,2023-01-20,2023-02-01,2023-02-01,2023-02-05,Closed,General Contractor,Architect,0,1,No,0,0,No,0,0,No,6,4
RFI-01931,PRJ-051,RFI-0054,Mechanical Coordination Conflict - Area E10,Mechanical,High,Coordination Conflict,2023-06-16,2023-06-22,2023-07-10,2023-07-13,2023-07-16,Closed,General Contractor,Engineer,1,0,Yes,13000,19000,No,0,0,No,2,2
RFI-01932,PRJ-051,RFI-0055,Fire Protection Constructability - Area B6,Fire Protection,Medium,Constructability,2024-12-16,2024-12-25,2024-12-30,2024-12-30,,Answered,Subcontractor,Owner Representative,0,0,No,0,0,No,0,0,No,2,5
RFI-01933,PRJ-051,RFI-0056,Fire Protection Field Condition - Area D6,Fire Protection,Low,Field Condition,2023-10-26,2023-11-11,2023-11-24,2023-11-24,2023-11-27,Closed,General Contractor,Engineer,0,0,Yes,15000,18000,Yes,3,3,Yes,3,4
RFI-01934,PRJ-051,RFI-0057,General Design Clarification - Area A3,General,High,Design Clarification,2025-05-10,2025-05-15,2025-06-03,2025-06-03,2025-06-05,Closed,Subcontractor,Construction Manager,0,0,Yes,69000,88000,Yes,2,1,No,3,4
RFI-01935,PRJ-051,RFI-0058,Civil Design Clarification - Area C7,Civil,Medium,Design Clarification,2024-12-02,2024-12-14,2024-12-26,2024-12-27,2024-12-29,Closed,Subcontractor,Engineer,1,0,Yes,24000,26000,No,0,0,Yes,5,2
RFI-01936,PRJ-051,RFI-0059,Specialty Systems Constructability - Area A9,Specialty Systems,Medium,Constructability,2024-04-21,2024-05-01,2024-05-08,2024-05-10,2024-05-11,Closed,General Contractor,Design Manager,1,0,Yes,13000,10000,No,0,0,Yes,4,3
RFI-01937,PRJ-051,RFI-0060,Electrical Coordination Conflict - Area D12,Electrical,Medium,Coordination Conflict,2023-01-05,2023-01-15,2023-01-24,2023-01-24,2023-01-24,Closed,Subcontractor,Owner Representative,0,0,No,0,0,No,0,0,No,3,5
RFI-01938,PRJ-051,RFI-0061,Structural Design Clarification - Area A12,Structural,High,Design Clarification,2022-07-27,2022-08-03,,,,Awaiting Owner,Subcontractor,Engineer,0,0,Yes,75000,106000,Yes,5,6,Yes,1,3
RFI-01939,PRJ-051,RFI-0062,Electrical Coordination Conflict - Area C4,Electrical,Medium,Coordination Conflict,2022-11-15,2022-11-26,2022-12-05,2022-12-05,2022-12-09,Closed,Subcontractor,Engineer,0,0,No,0,0,No,0,0,No,1,5
RFI-01940,PRJ-052,RFI-0001,Electrical Missing Information - Area D10,Electrical,Critical,Missing Information,2025-01-31,2025-02-03,2025-02-16,2025-02-16,2025-02-16,Closed,Subcontractor,Engineer,0,0,Yes,27000,28000,Yes,3,2,Yes,0,4
RFI-01942,PRJ-052,RFI-0003,Specialty Systems Coordination Conflict - Area D2,Specialty Systems,Medium,Coordination Conflict,2024-03-31,2024-04-12,2024-04-09,2024-04-12,,Answered,Subcontractor,Design Manager,1,0,No,0,0,No,0,0,No,6,4
RFI-01943,PRJ-052,RFI-0004,Structural Constructability - Area D4,Structural,Medium,Constructability,2023-11-16,2023-11-27,2023-11-25,2023-11-25,,Answered,General Contractor,Engineer,0,0,No,0,0,No,0,0,No,5,5
RFI-01944,PRJ-052,RFI-0005,Structural Substitution Request - Area B3,Structural,Medium,Substitution Request,2024-05-14,2024-05-24,2024-05-28,2024-05-28,2024-05-30,Closed,Subcontractor,Engineer,0,0,No,0,0,No,0,0,No,1,4
RFI-01945,PRJ-052,RFI-0006,Controls Field Condition - Area A1,Controls,Medium,Field Condition,2025-09-25,2025-10-04,2025-10-08,2025-10-08,,Answered,General Contractor,Engineer,0,0,Yes,4600,3700,Yes,5,5,No,4,4
RFI-01946,PRJ-052,RFI-0007,Specialty Systems Design Clarification - Area D5,Specialty Systems,High,Design Clarification,2023-09-15,2023-09-19,2023-09-21,2023-09-21,2023-09-24,Closed,Subcontractor,Design Manager,0,0,Yes,20000,23000,No,0,0,No,2,5
RFI-01947,PRJ-052,RFI-0008,Architectural Constructability - Area B8,Architectural,Medium,Constructability,2025-02-22,2025-03-05,2025-02-25,2025-02-25,,Answered,General Contractor,Architect,0,0,No,0,0,No,0,0,No,0,5
RFI-01948,PRJ-052,RFI-0009,Civil Coordination Conflict - Area B7,Civil,Medium,Coordination Conflict,2024-09-05,2024-09-14,2024-09-16,2024-09-16,,Answered,Construction Manager,Engineer,0,0,Yes,11000,13000,No,0,0,No,1,5
RFI-01949,PRJ-052,RFI-0010,General Coordination Conflict - Area B8,General,High,Coordination Conflict,2024-07-07,2024-07-11,2024-07-13,2024-07-15,2024-07-17,Closed,Subcontractor,Owner Representative,1,0,No,0,0,No,0,0,No,2,3
RFI-01950,PRJ-052,RFI-0011,Fire Protection Design Clarification - Area D2,Fire Protection,Low,Design Clarification,2024-05-16,2024-06-01,2024-05-24,2024-05-24,,Answered,Subcontractor,Engineer,0,0,No,0,0,No,0,0,No,5,5
RFI-01951,PRJ-052,RFI-0012,Architectural Design Clarification - Area A11,Architectural,Medium,Design Clarification,2025-02-11,2025-02-22,2025-02-21,2025-02-21,2025-02-23,Closed,General Contractor,Architect,0,0,No,0,0,Yes,4,4,No,4,3
RFI-01952,PRJ-052,RFI-0013,General Missing Information - Area A4,General,Medium,Missing Information,2023-03-13,2023-03-23,2023-03-19,2023-03-19,2023-03-23,Closed,General Contractor,Construction Manager,0,0,No,0,0,No,0,0,No,1,5
RFI-01953,PRJ-052,RFI-0014,Mechanical Substitution Request - Area D1,Mechanical,Medium,Substitution Request,2024-06-29,2024-07-08,2024-07-18,2024-07-18,2024-07-18,Closed,Subcontractor,Engineer,0,0,No,0,0,No,0,0,No,0,4
RFI-01954,PRJ-052,RFI-0015,Architectural Missing Information - Area D4,Architectural,Medium,Missing Information,2024-11-01,2024-11-13,2024-11-08,2024-11-08,2024-11-12,Closed,General Contractor,Architect,0,0,No,0,0,No,0,0,No,6,5
RFI-01955,PRJ-052,RFI-0016,Plumbing Design Clarification - Area D2,Plumbing,Medium,Design Clarification,2024-04-30,2024-05-10,2024-05-04,2024-05-04,2024-05-06,Closed,Subcontractor,Owner Representative,0,0,No,0,0,No,0,0,No,6,5
RFI-01956,PRJ-052,RFI-0017,Civil Code Compliance - Area B5,Civil,Medium,Code Compliance,2023-03-14,2023-03-24,2023-04-18,2023-04-18,,Answered,Subcontractor,Owner Representative,0,1,Yes,15000,12000,No,0,0,Yes,4,3
RFI-01957,PRJ-052,RFI-0018,Structural Design Clarification - Area C7,Structural,Low,Design Clarification,2025-03-17,2025-04-02,,,,Returned for Clarification,Subcontractor,Owner Representative,0,0,No,0,0,No,0,0,No,5,5
RFI-01958,PRJ-052,RFI-0019,Mechanical Coordination Conflict - Area A5,Mechanical,Low,Coordination Conflict,2023-01-15,2023-01-29,2023-01-26,2023-01-30,2023-02-02,Closed,Subcontractor,Engineer,1,0,No,0,0,No,0,0,No,2,5
RFI-01959,PRJ-052,RFI-0020,Structural Coordination Conflict - Area A6,Structural,Medium,Coordination Conflict,2023-11-24,2023-12-04,2023-11-30,2023-11-30,2023-12-04,Closed,Subcontractor,Engineer,0,0,No,0,0,No,0,0,No,0,5
RFI-01960,PRJ-052,RFI-0021,Plumbing Code Compliance - Area D9,Plumbing,Medium,Code Compliance,2023-11-17,2023-11-29,2023-11-23,2023-11-23,2023-11-26,Closed,Subcontractor,Owner Representative,0,0,No,0,0,No,0,0,No,3,5
RFI-01961,PRJ-052,RFI-0022,Architectural Missing Information - Area D1,Architectural,High,Missing Information,2025-08-03,2025-08-08,2025-08-17,2025-08-17,,Answered,General Contractor,Architect,0,0,Yes,38000,44000,No,0,0,Yes,6,4
RFI-01962,PRJ-052,RFI-0023,Plumbing Missing Information - Area D10,Plumbing,Low,Missing Information,2024-07-18,2024-08-02,2024-08-08,2024-08-12,2024-08-14,Closed,General Contractor,Engineer,1,1,No,0,0,No,0,0,No,6,3
RFI-01964,PRJ-052,RFI-0025,Civil Field Condition - Area C12,Civil,Low,Field Condition,2022-11-16,2022-11-29,2022-12-10,2022-12-10,2022-12-13,Closed,Construction Manager,Engineer,0,0,Yes,24000,33000,No,0,0,Yes,2,4
RFI-01965,PRJ-053,RFI-0001,Fire Protection Design Clarification - Area C3,Fire Protection,Medium,Design Clarification,2022-09-20,2022-09-30,2022-09-23,2022-09-23,2022-09-24,Closed,Subcontractor,Engineer,0,0,No,0,0,No,0,0,No,0,5
RFI-01966,PRJ-053,RFI-0002,Architectural Coordination Conflict - Area C1,Architectural,High,Coordination Conflict,2022-12-14,2022-12-19,2022-12-26,2022-12-28,,Answered,Subcontractor,Architect,1,0,No,0,0,No,0,0,No,2,5
RFI-01967,PRJ-053,RFI-0003,Mechanical Constructability - Area B6,Mechanical,Medium,Constructability,2022-05-26,2022-06-04,2022-06-06,2022-06-06,2022-06-08,Closed,Subcontractor,Engineer,0,0,No,0,0,No,0,0,No,3,5
RFI-01968,PRJ-053,RFI-0004,Architectural Design Clarification - Area A2,Architectural,Medium,Design Clarification,2022-07-01,2022-07-13,2022-07-07,2022-07-07,,Answered,Subcontractor,Architect,0,0,No,0,0,No,0,0,No,6,4
RFI-01969,PRJ-053,RFI-0005,Fire Protection Design Clarification - Area B9,Fire Protection,Medium,Design Clarification,2022-10-22,2022-11-01,2022-11-02,2022-11-03,2022-11-06,Closed,Construction Manager,Engineer,1,0,Yes,11000,16000,Yes,2,1,Yes,3,4
RFI-01970,PRJ-053,RFI-0006,Structural Constructability - Area C6,Structural,Medium,Constructability,2022-02-17,2022-03-01,2022-02-23,2022-02-23,,Answered,General Contractor,Engineer,0,0,No,0,0,No,0,0,No,4,5
RFI-01971,PRJ-053,RFI-0007,General Field Condition - Area B10,General,Medium,Field Condition,2022-05-12,2022-05-22,2022-05-16,2022-05-16,2022-05-20,Closed,Subcontractor,Construction Manager,0,0,No,0,0,No,0,0,No,0,5
RFI-01972,PRJ-053,RFI-0008,Civil Coordination Conflict - Area E5,Civil,Low,Coordination Conflict,2022-11-21,2022-12-07,2022-11-29,2022-11-29,,Answered,General Contractor,Engineer,0,0,No,0,0,No,0,0,No,1,5
RFI-01973,PRJ-053,RFI-0009,Electrical Design Clarification - Area A10,Electrical,Low,Design Clarification,2022-09-06,2022-09-21,2022-09-17,2022-09-17,2022-09-21,Closed,Subcontractor,Owner Representative,0,0,No,0,0,No,0,0,No,0,5
RFI-01974,PRJ-053,RFI-0010,Electrical Design Clarification - Area B8,Electrical,Critical,Design Clarification,2022-06-08,2022-06-10,2022-06-24,2022-06-26,2022-06-26,Closed,General Contractor,Engineer,1,1,Yes,176000,186000,Yes,9,7,No,4,4
RFI-01975,PRJ-053,RFI-0011,Mechanical Substitution Request - Area B11,Mechanical,Medium,Substitution Request,2022-08-16,2022-08-27,2022-08-23,2022-08-23,2022-08-24,Closed,General Contractor,Engineer,0,0,No,0,0,No,0,0,No,1,5
RFI-01976,PRJ-053,RFI-0012,Plumbing Coordination Conflict - Area B3,Plumbing,Low,Coordination Conflict,2022-04-17,2022-05-01,2022-04-22,2022-04-22,2022-04-24,Closed,Subcontractor,Engineer,0,0,No,0,0,No,0,0,No,1,5
RFI-01977,PRJ-053,RFI-0013,Specialty Systems Field Condition - Area C6,Specialty Systems,Medium,Field Condition,2022-09-28,2022-10-10,2022-10-06,2022-10-06,,Answered,Construction Manager,Design Manager,0,0,No,0,0,No,0,0,No,2,4
RFI-01978,PRJ-053,RFI-0014,Architectural Coordination Conflict - Area B8,Architectural,Low,Coordination Conflict,2022-10-02,2022-10-17,2022-10-09,2022-10-09,2022-10-12,Closed,Subcontractor,Architect,0,0,No,0,0,No,0,0,No,6,5
RFI-01979,PRJ-053,RFI-0015,Electrical Substitution Request - Area B8,Electrical,High,Substitution Request,2022-03-29,2022-04-04,2022-04-08,2022-04-10,2022-04-14,Closed,Construction Manager,Engineer,1,0,Yes,202000,292000,No,0,0,No,1,4
RFI-01980,PRJ-053,RFI-0016,Electrical Coordination Conflict - Area B7,Electrical,Medium,Coordination Conflict,2022-08-24,2022-09-02,2022-08-31,2022-08-31,2022-09-02,Closed,Subcontractor,Engineer,0,0,No,0,0,No,0,0,No,3,5
RFI-01981,PRJ-053,RFI-0017,General Design Clarification - Area B1,General,Medium,Design Clarification,2022-01-12,2022-01-23,2022-01-14,2022-01-14,2022-01-16,Closed,General Contractor,Construction Manager,0,0,No,0,0,No,0,0,No,0,5
RFI-01982,PRJ-053,RFI-0018,Plumbing Constructability - Area A4,Plumbing,Medium,Constructability,2022-11-20,2022-11-29,,,,Awaiting Designer,Subcontractor,Owner Representative,0,0,No,0,0,No,0,0,No,6,5
RFI-01983,PRJ-053,RFI-0019,Mechanical Missing Information - Area B7,Mechanical,Medium,Missing Information,2022-08-30,2022-09-10,,,,Open,Subcontractor,Engineer,1,0,No,0,0,No,0,0,No,3,5
RFI-01984,PRJ-053,RFI-0020,Electrical Field Condition - Area E10,Electrical,Medium,Field Condition,2022-08-28,2022-09-06,2022-09-07,2022-09-07,,Answered,General Contractor,Engineer,0,0,No,0,0,No,0,0,No,4,4
RFI-01985,PRJ-053,RFI-0021,General Coordination Conflict - Area A12,General,Medium,Coordination Conflict,2022-10-10,2022-10-22,2022-10-16,2022-10-16,2022-10-16,Closed,General Contractor,Construction Manager,0,0,No,0,0,No,0,0,No,6,5
RFI-01986,PRJ-053,RFI-0022,Architectural Design Clarification - Area E12,Architectural,Medium,Design Clarification,2022-02-22,2022-03-06,2022-02-28,2022-02-28,,Answered,General Contractor,Owner Representative,0,0,No,0,0,No,0,0,No,6,5
RFI-01987,PRJ-053,RFI-0023,Electrical Missing Information - Area A1,Electrical,High,Missing Information,2022-09-27,2022-10-02,2022-10-04,2022-10-04,2022-10-06,Closed,Subcontractor,Engineer,0,0,No,0,0,Yes,4,5,No,0,5
RFI-01988,PRJ-053,RFI-0024,Structural Missing Information - Area C3,Structural,Medium,Missing Information,2022-09-13,2022-09-23,2022-09-20,2022-09-20,2022-09-23,Closed,Construction Manager,Engineer,0,0,No,0,0,No,0,0,No,5,5
RFI-01989,PRJ-053,RFI-0025,Architectural Field Condition - Area A9,Architectural,Medium,Field Condition,2022-05-07,2022-05-17,2022-05-13,2022-05-13,2022-05-14,Closed,Subcontractor,Architect,0,0,No,0,0,No,0,0,No,6,5
RFI-01990,PRJ-053,RFI-0026,Architectural Field Condition - Area B3,Architectural,Medium,Field Condition,2022-06-12,2022-06-21,2022-06-19,2022-06-19,2022-06-23,Closed,Subcontractor,Architect,0,0,No,0,0,No,0,0,No,4,5
RFI-01991,PRJ-053,RFI-0027,Mechanical Constructability - Area B4,Mechanical,Medium,Constructability,2022-12-04,2022-12-16,2022-12-10,2022-12-10,2022-12-11,Closed,Construction Manager,Engineer,0,0,No,0,0,No,0,0,No,1,5
RFI-01992,PRJ-053,RFI-0028,Fire Protection Coordination Conflict - Area B6,Fire Protection,Medium,Coordination Conflict,2022-10-25,2022-11-03,2022-11-03,2022-11-04,2022-11-05,Closed,Subcontractor,Engineer,1,0,Yes,21000,20000,No,0,0,Yes,4,5
RFI-01993,PRJ-053,RFI-0029,Structural Design Clarification - Area B1,Structural,Medium,Design Clarification,2022-10-26,2022-11-06,2022-11-08,2022-11-08,,Answered,Construction Manager,Owner Representative,0,0,No,0,0,No,0,0,No,3,5
RFI-01994,PRJ-053,RFI-0030,Mechanical Substitution Request - Area B7,Mechanical,Medium,Substitution Request,2022-07-01,2022-07-13,2022-07-17,2022-07-17,,Answered,Subcontractor,Engineer,0,1,No,0,0,No,0,0,No,2,4
RFI-01995,PRJ-053,RFI-0031,Civil Design Clarification - Area C7,Civil,Medium,Design Clarification,2022-02-27,2022-03-10,2022-03-07,2022-03-10,,Answered,Construction Manager,Engineer,1,0,No,0,0,No,0,0,No,6,5
RFI-01996,PRJ-053,RFI-0032,Mechanical Substitution Request - Area C8,Mechanical,Medium,Substitution Request,2022-05-22,2022-06-03,2022-06-01,2022-06-03,,Answered,Subcontractor,Engineer,1,0,No,0,0,No,0,0,No,6,5
RFI-01997,PRJ-054,RFI-0001,Electrical Constructability - Area D5,Electrical,Critical,Constructability,2022-08-20,2022-08-23,2022-09-09,2022-09-10,,Answered,General Contractor,Engineer,1,0,No,0,0,No,0,0,No,5,3
RFI-01998,PRJ-054,RFI-0002,Architectural Missing Information - Area C9,Architectural,High,Missing Information,2022-11-27,2022-12-01,2022-12-11,2022-12-13,2022-12-17,Closed,Construction Manager,Owner Representative,1,0,Yes,19000,20000,Yes,4,3,No,0,4
RFI-01999,PRJ-054,RFI-0003,Civil Missing Information - Area B7,Civil,Medium,Missing Information,2023-04-20,2023-04-30,2023-05-10,2023-05-13,,Answered,General Contractor,Engineer,1,0,Yes,14000,16000,No,0,0,Yes,2,5
RFI-02000,PRJ-054,RFI-0004,Fire Protection Missing Information - Area C10,Fire Protection,High,Missing Information,2023-10-30,2023-11-05,2023-11-15,2023-11-15,2023-11-17,Closed,General Contractor,Engineer,0,0,Yes,17000,19000,No,0,0,No,4,4
RFI-02001,PRJ-054,RFI-0005,Electrical Coordination Conflict - Area E10,Electrical,Medium,Coordination Conflict,2024-08-11,2024-08-23,2024-08-26,2024-08-26,2024-08-28,Closed,Subcontractor,Owner Representative,0,0,No,0,0,No,0,0,No,0,4
RFI-02002,PRJ-054,RFI-0006,General Missing Information - Area C5,General,Medium,Missing Information,2022-07-27,2022-08-07,2022-08-17,2022-08-17,2022-08-19,Closed,Subcontractor,Construction Manager,0,0,No,0,0,No,0,0,No,0,4
RFI-02003,PRJ-054,RFI-0007,Electrical Constructability - Area A12,Electrical,High,Constructability,2024-08-17,2024-08-21,2024-09-02,2024-09-03,,Answered,General Contractor,Engineer,1,0,Yes,14000,20000,No,0,0,Yes,0,3
RFI-02004,PRJ-054,RFI-0008,Mechanical Constructability - Area C9,Mechanical,High,Constructability,2023-04-28,2023-05-02,2023-05-13,2023-05-13,2023-05-15,Closed,General Contractor,Engineer,0,0,Yes,80000,85000,No,0,0,Yes,3,4
RFI-02005,PRJ-054,RFI-0009,Electrical Coordination Conflict - Area E7,Electrical,Medium,Coordination Conflict,2023-08-14,2023-08-24,2023-08-22,2023-08-24,2023-08-26,Closed,General Contractor,Engineer,1,0,No,0,0,No,0,0,No,3,5
RFI-02006,PRJ-054,RFI-0010,Electrical Coordination Conflict - Area D3,Electrical,High,Coordination Conflict,2024-09-29,2024-10-03,2024-10-04,2024-10-04,2024-10-06,Closed,General Contractor,Engineer,0,0,No,0,0,No,0,0,No,5,4
RFI-02007,PRJ-054,RFI-0011,Plumbing Constructability - Area E10,Plumbing,Medium,Constructability,2023-10-01,2023-10-12,2023-10-07,2023-10-07,,Answered,Construction Manager,Engineer,0,0,No,0,0,No,0,0,No,4,5
RFI-02008,PRJ-054,RFI-0012,General Design Clarification - Area E4,General,Medium,Design Clarification,2023-11-01,2023-11-11,2023-11-10,2023-11-10,2023-11-11,Closed,Subcontractor,Construction Manager,0,0,No,0,0,No,0,0,No,0,5
RFI-02009,PRJ-054,RFI-0013,Electrical Coordination Conflict - Area B2,Electrical,Medium,Coordination Conflict,2023-03-06,2023-03-18,2023-03-19,2023-03-19,2023-03-22,Closed,General Contractor,Engineer,0,0,No,0,0,No,0,0,No,3,5
RFI-02010,PRJ-054,RFI-0014,Mechanical Coordination Conflict - Area B3,Mechanical,Medium,Coordination Conflict,2023-04-06,2023-04-17,2023-04-20,2023-04-21,2023-04-24,Closed,General Contractor,Engineer,1,0,No,0,0,No,0,0,No,6,4
RFI-02011,PRJ-054,RFI-0015,General Code Compliance - Area B6,General,Medium,Code Compliance,2023-01-02,2023-01-13,2023-01-10,2023-01-10,2023-01-11,Closed,Subcontractor,Owner Representative,0,0,No,0,0,No,0,0,No,6,5
RFI-02012,PRJ-054,RFI-0016,Structural Coordination Conflict - Area B5,Structural,High,Coordination Conflict,2024-03-11,2024-03-15,2024-03-25,2024-03-25,2024-03-29,Closed,General Contractor,Engineer,0,0,Yes,105000,126000,No,0,0,Yes,6,4
RFI-02013,PRJ-054,RFI-0017,Civil Coordination Conflict - Area D12,Civil,High,Coordination Conflict,2024-03-27,2024-03-31,2024-04-08,2024-04-08,,Answered,Subcontractor,Engineer,0,0,Yes,45000,54000,No,0,0,No,3,3
RFI-02014,PRJ-054,RFI-0018,Architectural Design Clarification - Area B1,Architectural,Medium,Design Clarification,2024-05-14,2024-05-25,2024-05-23,2024-05-25,2024-05-25,Closed,Subcontractor,Architect,1,0,No,0,0,No,0,0,No,6,5
RFI-02015,PRJ-054,RFI-0019,Plumbing Coordination Conflict - Area E5,Plumbing,Medium,Coordination Conflict,2023-07-04,2023-07-14,2023-07-13,2023-07-13,2023-07-17,Closed,Subcontractor,Engineer,0,1,No,0,0,No,0,0,No,5,5
RFI-02016,PRJ-054,RFI-0020,Mechanical Coordination Conflict - Area A1,Mechanical,Medium,Coordination Conflict,2024-03-11,2024-03-21,,,,In Review,Subcontractor,Engineer,0,0,No,0,0,No,0,0,No,2,5
RFI-02017,PRJ-054,RFI-0021,Controls Missing Information - Area B12,Controls,Medium,Missing Information,2022-10-14,2022-10-26,2022-10-22,,,Open,Subcontractor,Owner Representative,0,0,No,0,0,No,0,0,No,0,5
RFI-02018,PRJ-054,RFI-0022,Architectural Design Clarification - Area B11,Architectural,Medium,Design Clarification,2024-07-31,2024-08-09,2024-08-29,2024-08-30,,Answered,General Contractor,Architect,1,0,No,0,0,No,0,0,No,0,3
RFI-02019,PRJ-054,RFI-0023,Mechanical Field Condition - Area A7,Mechanical,Medium,Field Condition,2023-08-08,2023-08-19,2023-08-26,2023-08-26,,Answered,General Contractor,Engineer,0,0,Yes,4700,3500,No,0,0,Yes,6,4
RFI-02020,PRJ-054,RFI-0024,Mechanical Design Clarification - Area E1,Mechanical,Medium,Design Clarification,2024-01-31,2024-02-09,2024-02-17,2024-02-19,,Answered,General Contractor,Engineer,1,0,Yes,38000,54000,No,0,0,No,3,4
RFI-02021,PRJ-054,RFI-0025,Architectural Substitution Request - Area D8,Architectural,High,Substitution Request,2024-06-04,2024-06-09,2024-06-16,2024-06-16,2024-06-20,Closed,General Contractor,Architect,0,0,No,0,0,Yes,6,5,Yes,5,5
RFI-02022,PRJ-054,RFI-0026,Architectural Design Clarification - Area D1,Architectural,Low,Design Clarification,2024-04-06,2024-04-21,2024-04-21,2024-04-21,,Answered,Subcontractor,Owner Representative,0,0,No,0,0,No,0,0,No,0,5
RFI-02023,PRJ-054,RFI-0027,General Coordination Conflict - Area E10,General,Medium,Coordination Conflict,2022-11-21,2022-12-03,2022-12-06,,,Open,General Contractor,Construction Manager,0,0,Yes,119000,110000,No,0,0,Yes,5,4
RFI-02024,PRJ-054,RFI-0028,Structural Substitution Request - Area C11,Structural,High,Substitution Request,2023-02-02,2023-02-08,2023-02-10,2023-02-10,2023-02-14,Closed,General Contractor,Engineer,0,0,No,0,0,No,0,0,No,5,5
RFI-02025,PRJ-054,RFI-0029,Electrical Coordination Conflict - Area C1,Electrical,Critical,Coordination Conflict,2023-05-03,2023-05-07,2023-05-09,2023-05-09,2023-05-09,Closed,Subcontractor,Engineer,0,0,No,0,0,Yes,3,3,Yes,5,5
RFI-02026,PRJ-054,RFI-0030,Mechanical Coordination Conflict - Area E1,Mechanical,Medium,Coordination Conflict,2023-03-10,2023-03-22,,,,Awaiting Designer,Subcontractor,Engineer,1,0,No,0,0,Yes,2,3,No,2,4
RFI-02027,PRJ-054,RFI-0031,Electrical Design Clarification - Area B4,Electrical,High,Design Clarification,2022-09-15,2022-09-22,2022-10-07,2022-10-07,2022-10-09,Closed,General Contractor,Engineer,0,0,Yes,54000,55000,No,0,0,No,3,5
RFI-02028,PRJ-054,RFI-0032,Electrical Design Clarification - Area B5,Electrical,Medium,Design Clarification,2023-12-21,2023-12-30,2024-01-05,2024-01-05,,Answered,Construction Manager,Engineer,0,0,Yes,54000,39000,No,0,0,Yes,2,3
RFI-02029,PRJ-054,RFI-0033,General Coordination Conflict - Area E2,General,Medium,Coordination Conflict,2024-04-05,2024-04-15,2024-04-17,2024-04-17,,Answered,Construction Manager,Construction Manager,0,0,No,0,0,No,0,0,No,0,5
RFI-02030,PRJ-054,RFI-0034,Fire Protection Coordination Conflict - Area A2,Fire Protection,Medium,Coordination Conflict,2024-01-05,2024-01-14,2024-01-24,2024-01-24,2024-01-24,Closed,Subcontractor,Engineer,0,0,No,0,0,No,0,0,No,6,5
RFI-02031,PRJ-054,RFI-0035,Civil Constructability - Area B5,Civil,High,Constructability,2023-06-17,2023-06-24,2023-06-25,2023-06-25,,Answered,Construction Manager,Owner Representative,0,0,No,0,0,No,0,0,No,3,5
RFI-02032,PRJ-054,RFI-0036,Mechanical Design Clarification - Area C2,Mechanical,Medium,Design Clarification,2024-08-06,2024-08-18,2024-08-22,2024-08-22,2024-08-22,Closed,Subcontractor,Engineer,0,0,No,0,0,No,0,0,No,0,5
RFI-02033,PRJ-054,RFI-0037,Fire Protection Missing Information - Area E7,Fire Protection,High,Missing Information,2022-08-14,2022-08-21,2022-08-26,2022-08-26,2022-08-30,Closed,General Contractor,Engineer,0,0,No,0,0,No,0,0,No,0,5
RFI-02034,PRJ-054,RFI-0038,Mechanical Code Compliance - Area B8,Mechanical,Low,Code Compliance,2023-03-20,2023-04-03,2023-04-22,2023-04-30,,Answered,Construction Manager,Engineer,2,0,Yes,9600,8300,Yes,1,1,No,1,2
RFI-02035,PRJ-054,RFI-0039,Mechanical Coordination Conflict - Area D10,Mechanical,Low,Coordination Conflict,2023-04-13,2023-04-28,2023-05-10,2023-05-10,2023-05-11,Closed,Subcontractor,Owner Representative,0,1,No,0,0,No,0,0,No,3,4
RFI-02036,PRJ-054,RFI-0040,Plumbing Missing Information - Area E5,Plumbing,Medium,Missing Information,2023-04-01,2023-04-10,2023-04-12,2023-04-12,2023-04-12,Closed,General Contractor,Engineer,0,0,Yes,16000,17000,No,0,0,Yes,3,5
RFI-02037,PRJ-054,RFI-0041,Plumbing Design Clarification - Area B5,Plumbing,High,Design Clarification,2024-04-04,2024-04-11,2024-04-22,2024-04-22,,Answered,Subcontractor,Engineer,0,0,Yes,230000,273000,Yes,3,2,No,3,5
RFI-02038,PRJ-055,RFI-0001,Fire Protection Constructability - Area D8,Fire Protection,Low,Constructability,2022-02-09,2022-02-25,2022-02-15,2022-02-15,2022-02-17,Closed,General Contractor,Engineer,0,0,No,0,0,No,0,0,No,0,5
RFI-02039,PRJ-055,RFI-0002,Plumbing Design Clarification - Area E6,Plumbing,Medium,Design Clarification,2023-04-27,2023-05-09,2023-04-30,2023-04-30,2023-05-02,Closed,General Contractor,Engineer,0,0,No,0,0,No,0,0,No,1,5
RFI-02040,PRJ-055,RFI-0003,Electrical Field Condition - Area E1,Electrical,Low,Field Condition,2023-04-30,2023-05-16,2023-05-17,2023-05-17,2023-05-20,Closed,Subcontractor,Owner Representative,0,0,No,0,0,No,0,0,No,1,4
RFI-02041,PRJ-055,RFI-0004,Electrical Coordination Conflict - Area D10,Electrical,Medium,Coordination Conflict,2022-04-08,2022-04-20,2022-04-16,2022-04-16,2022-04-19,Closed,General Contractor,Engineer,0,0,No,0,0,No,0,0,No,3,5
RFI-02042,PRJ-055,RFI-0005,Architectural Missing Information - Area C11,Architectural,Critical,Missing Information,2022-09-24,2022-09-27,2022-10-04,2022-10-04,2022-10-08,Closed,General Contractor,Architect,0,0,No,0,0,No,0,0,No,5,5
RFI-02043,PRJ-055,RFI-0006,Controls Constructability - Area A12,Controls,Medium,Constructability,2023-04-24,2023-05-03,2023-05-10,2023-05-12,2023-05-13,Closed,General Contractor,Engineer,1,0,No,0,0,No,0,0,No,5,4
RFI-02044,PRJ-055,RFI-0007,Structural Coordination Conflict - Area E1,Structural,Medium,Coordination Conflict,2022-10-27,2022-11-06,2022-11-05,2022-11-05,2022-11-09,Closed,General Contractor,Engineer,0,0,No,0,0,No,0,0,No,1,5
RFI-02045,PRJ-055,RFI-0008,Specialty Systems Design Clarification - Area B1,Specialty Systems,Medium,Design Clarification,2023-03-09,2023-03-20,2023-03-14,2023-03-14,2023-03-16,Closed,General Contractor,Design Manager,0,0,No,0,0,No,0,0,No,3,5
RFI-02046,PRJ-055,RFI-0009,Plumbing Field Condition - Area A10,Plumbing,Low,Field Condition,2022-06-14,2022-06-28,2022-06-22,2022-06-22,2022-06-22,Closed,Construction Manager,Engineer,0,0,No,0,0,No,0,0,No,3,5
RFI-02047,PRJ-055,RFI-0010,Electrical Design Clarification - Area A7,Electrical,Medium,Design Clarification,2022-09-10,2022-09-20,2022-09-22,2022-09-22,2022-09-26,Closed,General Contractor,Engineer,0,1,Yes,10000,13000,No,0,0,No,5,4
RFI-02048,PRJ-055,RFI-0011,Electrical Constructability - Area B3,Electrical,Medium,Constructability,2023-04-23,2023-05-02,2023-05-05,2023-05-08,,Answered,Subcontractor,Engineer,1,0,No,0,0,No,0,0,No,4,5
RFI-02049,PRJ-055,RFI-0012,Fire Protection Design Clarification - Area E1,Fire Protection,Medium,Design Clarification,2022-07-16,2022-07-27,2022-07-22,2022-07-22,2022-07-25,Closed,Subcontractor,Engineer,0,0,No,0,0,No,0,0,No,4,5
RFI-02050,PRJ-055,RFI-0013,Specialty Systems Coordination Conflict - Area E6,Specialty Systems,Medium,Coordination Conflict,2022-12-15,2022-12-24,2022-12-22,2022-12-22,2022-12-25,Closed,Subcontractor,Design Manager,0,0,No,0,0,No,0,0,No,5,5
RFI-02051,PRJ-055,RFI-0014,Specialty Systems Missing Information - Area D3,Specialty Systems,Medium,Missing Information,2022-06-11,2022-06-22,2022-06-22,2022-06-26,2022-06-29,Closed,Construction Manager,Design Manager,1,0,Yes,66000,51000,No,0,0,Yes,3,5
RFI-02052,PRJ-055,RFI-0015,Electrical Design Clarification - Area E10,Electrical,Medium,Design Clarification,2023-03-04,2023-03-16,2023-03-12,2023-03-12,2023-03-16,Closed,Subcontractor,Owner Representative,0,0,No,0,0,No,0,0,No,0,5
RFI-02053,PRJ-055,RFI-0016,Electrical Missing Information - Area B12,Electrical,Medium,Missing Information,2023-02-08,2023-02-20,2023-02-18,2023-02-18,2023-02-21,Closed,Subcontractor,Engineer,0,0,No,0,0,No,0,0,No,4,4
RFI-02054,PRJ-055,RFI-0017,Plumbing Coordination Conflict - Area B5,Plumbing,Medium,Coordination Conflict,2023-01-11,2023-01-22,2023-01-16,2023-01-16,2023-01-16,Closed,Construction Manager,Engineer,0,0,No,0,0,No,0,0,No,2,5
RFI-02055,PRJ-055,RFI-0018,Structural Coordination Conflict - Area E11,Structural,Critical,Coordination Conflict,2022-03-20,2022-03-24,2022-04-11,2022-04-11,2022-04-13,Closed,General Contractor,Engineer,0,1,No,0,0,Yes,11,13,No,4,3
RFI-02056,PRJ-055,RFI-0019,Specialty Systems Missing Information - Area A8,Specialty Systems,Medium,Missing Information,2022-08-22,2022-09-02,2022-08-29,2022-08-29,,Answered,Subcontractor,Owner Representative,0,0,No,0,0,No,0,0,No,6,5
RFI-02057,PRJ-055,RFI-0020,Architectural Missing Information - Area D6,Architectural,Medium,Missing Information,2022-03-16,2022-03-26,2022-03-24,2022-03-28,2022-03-31,Closed,Subcontractor,Architect,1,0,Yes,27000,21000,No,0,0,Yes,5,4
RFI-02058,PRJ-055,RFI-0021,Plumbing Constructability - Area D8,Plumbing,Low,Constructability,2023-01-26,2023-02-11,2023-02-06,2023-02-06,,Answered,Construction Manager,Engineer,0,0,No,0,0,No,0,0,No,3,5
RFI-02059,PRJ-055,RFI-0022,Fire Protection Design Clarification - Area C12,Fire Protection,Medium,Design Clarification,2023-06-07,2023-06-18,2023-06-13,2023-06-13,2023-06-17,Closed,Subcontractor,Engineer,0,0,No,0,0,No,0,0,No,4,5
RFI-02060,PRJ-055,RFI-0023,Mechanical Design Clarification - Area E5,Mechanical,High,Design Clarification,2022-05-08,2022-05-15,2022-05-12,2022-05-12,2022-05-12,Closed,Construction Manager,Engineer,0,0,No,0,0,No,0,0,No,4,4
RFI-02061,PRJ-055,RFI-0024,Architectural Field Condition - Area B10,Architectural,Medium,Field Condition,2022-03-16,2022-03-27,2022-03-22,2022-03-22,2022-03-24,Closed,Subcontractor,Architect,0,0,Yes,11000,9400,Yes,15,17,Yes,6,5
RFI-02062,PRJ-055,RFI-0025,Electrical Design Clarification - Area A2,Electrical,Low,Design Clarification,2023-02-03,2023-02-16,2023-02-08,2023-02-08,2023-02-09,Closed,Subcontractor,Engineer,0,0,No,0,0,No,0,0,No,5,5
RFI-02063,PRJ-055,RFI-0026,Electrical Field Condition - Area C8,Electrical,High,Field Condition,2022-04-10,2022-04-16,2022-04-24,2022-04-24,2022-04-26,Closed,Subcontractor,Engineer,0,1,Yes,7700,9000,No,0,0,No,6,5
RFI-02064,PRJ-055,RFI-0027,Specialty Systems Code Compliance - Area C10,Specialty Systems,Medium,Code Compliance,2023-06-14,2023-06-26,2023-06-29,2023-07-01,2023-07-02,Closed,General Contractor,Design Manager,1,0,No,0,0,No,0,0,No,0,5
RFI-02065,PRJ-055,RFI-0028,Controls Design Clarification - Area A7,Controls,High,Design Clarification,2022-09-29,2022-10-03,2022-10-15,2022-10-15,,Answered,Subcontractor,Engineer,0,0,No,0,0,No,0,0,No,6,4
RFI-02066,PRJ-055,RFI-0029,Structural Missing Information - Area E9,Structural,Low,Missing Information,2022-07-30,2022-08-12,2022-08-05,2022-08-05,2022-08-06,Closed,Subcontractor,Engineer,0,0,No,0,0,No,0,0,No,3,5
RFI-02067,PRJ-055,RFI-0030,Structural Missing Information - Area C7,Structural,Low,Missing Information,2022-03-18,2022-04-01,2022-03-23,2022-03-23,2022-03-23,Closed,Construction Manager,Engineer,0,0,No,0,0,No,0,0,No,5,4
RFI-02068,PRJ-055,RFI-0031,General Missing Information - Area D12,General,Low,Missing Information,2022-01-24,2022-02-09,2022-02-04,2022-02-04,2022-02-05,Closed,General Contractor,Construction Manager,0,0,Yes,3900,3400,No,0,0,Yes,5,5
RFI-02069,PRJ-055,RFI-0032,General Constructability - Area B1,General,Low,Constructability,2023-05-13,2023-05-26,2023-05-19,2023-05-19,,Answered,Subcontractor,Construction Manager,0,0,No,0,0,Yes,1,1,Yes,3,5
RFI-02070,PRJ-055,RFI-0033,Specialty Systems Coordination Conflict - Area D5,Specialty Systems,Medium,Coordination Conflict,2022-09-01,2022-09-11,2022-09-10,2022-09-10,2022-09-12,Closed,Construction Manager,Design Manager,0,0,No,0,0,No,0,0,No,4,5
RFI-02071,PRJ-055,RFI-0034,General Missing Information - Area B7,General,Medium,Missing Information,2022-10-18,2022-10-28,2022-10-25,2022-10-25,2022-10-25,Closed,General Contractor,Construction Manager,0,0,No,0,0,No,0,0,No,3,5
RFI-02072,PRJ-055,RFI-0035,Fire Protection Missing Information - Area B2,Fire Protection,High,Missing Information,2022-12-13,2022-12-18,2022-12-18,2022-12-18,2022-12-20,Closed,Subcontractor,Owner Representative,0,0,No,0,0,No,0,0,No,6,5
RFI-02073,PRJ-055,RFI-0036,Specialty Systems Substitution Request - Area C9,Specialty Systems,Critical,Substitution Request,2022-08-05,2022-08-10,2022-08-15,2022-08-15,2022-08-17,Closed,Construction Manager,Design Manager,0,0,No,0,0,No,0,0,No,2,5
RFI-02074,PRJ-055,RFI-0037,Civil Substitution Request - Area E11,Civil,High,Substitution Request,2022-01-06,2022-01-11,2022-01-09,2022-01-09,2022-01-11,Closed,Construction Manager,Owner Representative,0,0,No,0,0,No,0,0,No,4,5
RFI-02075,PRJ-055,RFI-0038,Electrical Design Clarification - Area A5,Electrical,Medium,Design Clarification,2023-04-07,2023-04-17,2023-04-25,2023-04-27,2023-04-30,Closed,Subcontractor,Engineer,1,0,Yes,5100,6500,Yes,2,2,Yes,6,4
RFI-02076,PRJ-056,RFI-0001,Architectural Coordination Conflict - Area B4,Architectural,Medium,Coordination Conflict,2023-11-05,2023-11-17,2023-11-28,2023-11-28,2023-12-01,Closed,General Contractor,Architect,0,0,Yes,35000,46000,Yes,2,2,No,2,4
RFI-02077,PRJ-056,RFI-0002,Plumbing Coordination Conflict - Area A12,Plumbing,High,Coordination Conflict,2023-04-12,2023-04-18,2023-05-03,2023-05-05,2023-05-06,Closed,General Contractor,Engineer,1,0,Yes,11000,12000,No,0,0,Yes,3,2
RFI-02078,PRJ-056,RFI-0003,Fire Protection Field Condition - Area E6,Fire Protection,High,Field Condition,2023-10-25,2023-10-29,2023-10-30,2023-10-30,2023-11-02,Closed,General Contractor,Engineer,0,0,Yes,7500,5800,Yes,3,2,Yes,6,5
RFI-02079,PRJ-056,RFI-0004,Mechanical Design Clarification - Area E6,Mechanical,Medium,Design Clarification,2022-10-03,2022-10-13,,,,Awaiting Designer,Subcontractor,Engineer,0,0,No,0,0,No,0,0,No,2,3
RFI-02080,PRJ-056,RFI-0005,Electrical Constructability - Area B11,Electrical,Medium,Constructability,2023-09-28,2023-10-09,2023-10-17,2023-10-20,2023-10-23,Closed,General Contractor,Engineer,1,0,No,0,0,No,0,0,No,1,4
RFI-02081,PRJ-056,RFI-0006,Controls Constructability - Area C5,Controls,Medium,Constructability,2023-10-10,2023-10-22,2023-10-31,2023-11-04,2023-11-08,Closed,Construction Manager,Owner Representative,1,0,Yes,5200,7500,No,0,0,No,0,3
RFI-02082,PRJ-056,RFI-0007,Electrical Coordination Conflict - Area A9,Electrical,Medium,Coordination Conflict,2023-07-03,2023-07-15,,,,Awaiting Designer,General Contractor,Engineer,0,0,No,0,0,No,0,0,No,6,5
RFI-02083,PRJ-056,RFI-0008,Plumbing Constructability - Area E12,Plumbing,Low,Constructability,2023-11-22,2023-12-06,2023-12-09,2023-12-10,,Answered,Subcontractor,Engineer,1,0,No,0,0,Yes,2,2,Yes,5,5
RFI-02084,PRJ-056,RFI-0009,Plumbing Constructability - Area B1,Plumbing,High,Constructability,2022-08-03,2022-08-07,2022-08-24,2022-08-24,,Answered,Subcontractor,Engineer,0,0,No,0,0,No,0,0,No,4,4
RFI-02085,PRJ-056,RFI-0010,Structural Coordination Conflict - Area A9,Structural,High,Coordination Conflict,2023-06-10,2023-06-14,2023-07-01,2023-07-01,2023-07-02,Closed,General Contractor,Engineer,0,0,No,0,0,No,0,0,No,4,3
RFI-02086,PRJ-056,RFI-0011,Mechanical Design Clarification - Area E1,Mechanical,Medium,Design Clarification,2022-08-28,2022-09-06,2022-09-14,2022-09-14,2022-09-18,Closed,Construction Manager,Engineer,0,0,No,0,0,No,0,0,No,3,4
RFI-02087,PRJ-056,RFI-0012,General Code Compliance - Area B11,General,Critical,Code Compliance,2023-07-22,2023-07-25,2023-07-30,2023-07-30,2023-08-03,Closed,Subcontractor,Construction Manager,0,0,No,0,0,No,0,0,No,1,5
RFI-02088,PRJ-056,RFI-0013,Electrical Constructability - Area A10,Electrical,Low,Constructability,2022-07-27,2022-08-09,2022-08-15,2022-08-15,2022-08-15,Closed,General Contractor,Engineer,0,0,Yes,6100,6200,No,0,0,Yes,2,4
RFI-02089,PRJ-056,RFI-0014,Mechanical Coordination Conflict - Area D8,Mechanical,Low,Coordination Conflict,2023-12-03,2023-12-16,2024-01-02,2024-01-02,,Answered,General Contractor,Engineer,0,0,No,0,0,Yes,3,4,No,0,4
RFI-02090,PRJ-056,RFI-0015,Electrical Missing Information - Area B8,Electrical,Medium,Missing Information,2023-02-11,2023-02-23,2023-02-26,2023-02-26,2023-02-28,Closed,Construction Manager,Engineer,0,0,No,0,0,No,0,0,No,6,4
RFI-02091,PRJ-056,RFI-0016,Civil Design Clarification - Area D7,Civil,High,Design Clarification,2023-01-06,2023-01-13,2023-02-17,2023-02-20,2023-02-21,Closed,General Contractor,Engineer,1,1,Yes,18000,24000,Yes,3,4,Yes,4,1
RFI-02092,PRJ-056,RFI-0017,Electrical Field Condition - Area E12,Electrical,Medium,Field Condition,2022-06-02,2022-06-13,2022-06-13,2022-06-13,2022-06-16,Closed,Subcontractor,Engineer,0,0,No,0,0,No,0,0,No,4,4
RFI-02093,PRJ-056,RFI-0018,Architectural Coordination Conflict - Area D5,Architectural,Medium,Coordination Conflict,2022-08-27,2022-09-08,2022-09-21,2022-09-21,2022-09-22,Closed,Construction Manager,Architect,0,0,Yes,32000,35000,Yes,1,1,Yes,3,4
RFI-02094,PRJ-056,RFI-0019,Fire Protection Coordination Conflict - Area A10,Fire Protection,Medium,Coordination Conflict,2023-11-11,2023-11-22,2023-11-28,,,In Review,Construction Manager,Engineer,0,0,No,0,0,No,0,0,No,6,5
RFI-02095,PRJ-056,RFI-0020,Architectural Design Clarification - Area A12,Architectural,Medium,Design Clarification,2022-11-28,2022-12-08,2022-12-08,2022-12-08,2022-12-11,Closed,General Contractor,Architect,0,0,No,0,0,No,0,0,No,6,5
RFI-02096,PRJ-056,RFI-0021,General Design Clarification - Area D4,General,Medium,Design Clarification,2023-03-18,2023-03-27,2023-03-29,2023-03-29,2023-04-02,Closed,General Contractor,Construction Manager,0,0,No,0,0,No,0,0,No,1,5
RFI-02097,PRJ-056,RFI-0022,Structural Design Clarification - Area B6,Structural,Medium,Design Clarification,2024-01-15,2024-01-27,2024-01-28,2024-01-28,2024-01-29,Closed,General Contractor,Engineer,0,1,No,0,0,No,0,0,No,1,5
RFI-02098,PRJ-056,RFI-0023,Electrical Coordination Conflict - Area C11,Electrical,High,Coordination Conflict,2023-05-04,2023-05-09,2023-05-21,2023-05-21,2023-05-22,Closed,General Contractor,Engineer,0,0,Yes,29000,29000,Yes,7,4,No,5,4
RFI-02099,PRJ-056,RFI-0024,Architectural Substitution Request - Area B2,Architectural,Medium,Substitution Request,2022-05-26,2022-06-04,2022-06-18,2022-06-18,2022-06-21,Closed,General Contractor,Architect,0,1,No,0,0,Yes,3,4,No,2,4
RFI-02100,PRJ-056,RFI-0025,Electrical Coordination Conflict - Area E2,Electrical,High,Coordination Conflict,2022-11-08,2022-11-13,2022-12-13,2022-12-16,,Answered,General Contractor,Engineer,1,0,Yes,94000,131000,No,0,0,Yes,4,2
RFI-02101,PRJ-056,RFI-0026,Electrical Design Clarification - Area E12,Electrical,Medium,Design Clarification,2023-04-14,2023-04-24,2023-05-01,2023-05-01,2023-05-05,Closed,Construction Manager,Engineer,0,0,No,0,0,No,0,0,No,6,4
RFI-02102,PRJ-056,RFI-0027,Controls Coordination Conflict - Area E10,Controls,Medium,Coordination Conflict,2022-07-28,2022-08-08,2022-08-06,2022-08-06,2022-08-06,Closed,Construction Manager,Engineer,0,0,Yes,67000,58000,No,0,0,Yes,3,4
RFI-02103,PRJ-056,RFI-0028,Fire Protection Field Condition - Area C2,Fire Protection,Medium,Field Condition,2022-11-29,2022-12-08,2022-12-25,2022-12-26,2022-12-26,Closed,Subcontractor,Engineer,1,0,No,0,0,Yes,1,1,Yes,6,3
RFI-02104,PRJ-056,RFI-0029,Architectural Design Clarification - Area B9,Architectural,High,Design Clarification,2022-11-02,2022-11-07,2022-11-16,2022-11-19,,Answered,Construction Manager,Architect,1,1,Yes,95000,115000,No,0,0,Yes,1,3
RFI-02105,PRJ-056,RFI-0030,Specialty Systems Coordination Conflict - Area E8,Specialty Systems,Medium,Coordination Conflict,2023-11-16,2023-11-25,2023-12-14,2023-12-17,,Answered,General Contractor,Design Manager,1,0,Yes,2900,3800,Yes,2,1,Yes,2,4
RFI-02106,PRJ-056,RFI-0031,Civil Design Clarification - Area C2,Civil,High,Design Clarification,2022-07-03,2022-07-08,2022-08-24,2022-08-24,2022-08-25,Closed,Subcontractor,Engineer,0,1,Yes,8300,9900,Yes,4,3,No,6,3
RFI-02107,PRJ-056,RFI-0032,Structural Code Compliance - Area E10,Structural,Medium,Code Compliance,2023-05-10,2023-05-19,2023-06-08,2023-06-08,2023-06-12,Closed,General Contractor,Engineer,0,0,Yes,22000,28000,Yes,3,2,No,5,4
RFI-02108,PRJ-057,RFI-0001,Electrical Design Clarification - Area D1,Electrical,Medium,Design Clarification,2023-07-12,2023-07-22,2023-07-20,2023-07-20,,Answered,Construction Manager,Engineer,0,0,No,0,0,No,0,0,No,2,5
RFI-02109,PRJ-057,RFI-0002,Mechanical Coordination Conflict - Area B5,Mechanical,Medium,Coordination Conflict,2024-01-26,2024-02-05,2024-02-08,2024-02-10,2024-02-11,Closed,General Contractor,Engineer,1,0,Yes,43000,46000,Yes,4,3,No,3,4
RFI-02110,PRJ-057,RFI-0003,Fire Protection Design Clarification - Area C2,Fire Protection,Low,Design Clarification,2023-06-16,2023-06-30,,,,In Review,General Contractor,Engineer,1,0,No,0,0,No,0,0,No,1,3
RFI-02111,PRJ-057,RFI-0004,Electrical Constructability - Area D12,Electrical,Medium,Constructability,2024-11-26,2024-12-08,2024-12-11,2024-12-11,2024-12-15,Closed,Subcontractor,Engineer,0,0,Yes,13000,9900,No,0,0,Yes,3,5
RFI-02112,PRJ-057,RFI-0005,Electrical Constructability - Area C7,Electrical,High,Constructability,2024-06-27,2024-07-04,2024-07-09,2024-07-09,2024-07-12,Closed,General Contractor,Engineer,0,0,Yes,30000,41000,No,0,0,No,4,5
RFI-02113,PRJ-057,RFI-0006,Controls Substitution Request - Area E2,Controls,Medium,Substitution Request,2022-05-28,2022-06-09,,,,Awaiting Owner,General Contractor,Engineer,1,0,No,0,0,No,0,0,No,5,4
RFI-02114,PRJ-057,RFI-0007,General Coordination Conflict - Area A6,General,Medium,Coordination Conflict,2024-10-16,2024-10-28,2024-10-25,2024-10-27,2024-10-30,Closed,General Contractor,Construction Manager,1,0,No,0,0,No,0,0,No,5,4
RFI-02115,PRJ-057,RFI-0008,Electrical Coordination Conflict - Area E11,Electrical,Medium,Coordination Conflict,2024-09-22,2024-10-01,2024-10-02,2024-10-02,,Answered,Subcontractor,Owner Representative,0,0,No,0,0,No,0,0,No,4,5
RFI-02116,PRJ-057,RFI-0009,Architectural Constructability - Area B2,Architectural,Medium,Constructability,2022-09-29,2022-10-08,2022-10-07,2022-10-10,,Answered,General Contractor,Architect,1,0,No,0,0,No,0,0,No,0,4
RFI-02117,PRJ-057,RFI-0010,Civil Coordination Conflict - Area E6,Civil,Medium,Coordination Conflict,2022-02-18,2022-02-28,2022-02-27,2022-03-02,,Answered,Subcontractor,Engineer,1,0,No,0,0,Yes,1,1,Yes,5,3
RFI-02118,PRJ-057,RFI-0011,Architectural Constructability - Area A11,Architectural,High,Constructability,2024-10-13,2024-10-17,2024-10-26,2024-10-26,2024-10-26,Closed,Subcontractor,Architect,0,0,Yes,23000,24000,No,0,0,Yes,1,4
RFI-02119,PRJ-057,RFI-0012,Fire Protection Coordination Conflict - Area D8,Fire Protection,High,Coordination Conflict,2022-04-25,2022-04-30,2022-05-03,2022-05-07,2022-05-07,Closed,General Contractor,Owner Representative,1,0,No,0,0,No,0,0,No,2,5
RFI-02120,PRJ-057,RFI-0013,Specialty Systems Coordination Conflict - Area E1,Specialty Systems,High,Coordination Conflict,2022-01-15,2022-01-22,2022-01-23,2022-01-23,2022-01-25,Closed,General Contractor,Owner Representative,0,0,No,0,0,No,0,0,No,6,4
RFI-02121,PRJ-057,RFI-0014,Electrical Design Clarification - Area D11,Electrical,Low,Design Clarification,2022-09-06,2022-09-19,2022-09-15,2022-09-15,2022-09-17,Closed,General Contractor,Engineer,0,0,No,0,0,No,0,0,No,0,4
RFI-02122,PRJ-057,RFI-0015,Civil Coordination Conflict - Area D5,Civil,Medium,Coordination Conflict,2024-12-18,2024-12-28,2025-01-11,2025-01-11,2025-01-14,Closed,Construction Manager,Engineer,0,0,No,0,0,No,0,0,No,0,4
RFI-02123,PRJ-057,RFI-0016,Mechanical Coordination Conflict - Area E4,Mechanical,Low,Coordination Conflict,2023-10-11,2023-10-26,2023-10-20,2023-10-22,2023-10-22,Closed,General Contractor,Owner Representative,1,0,No,0,0,No,0,0,No,0,5
RFI-02124,PRJ-057,RFI-0017,Structural Design Clarification - Area B2,Structural,Medium,Design Clarification,2023-09-06,2023-09-16,2023-09-22,2023-09-23,2023-09-25,Closed,General Contractor,Engineer,1,0,No,0,0,No,0,0,No,4,3
RFI-02125,PRJ-057,RFI-0018,Electrical Constructability - Area A1,Electrical,Medium,Constructability,2023-09-06,2023-09-17,,,,In Review,General Contractor,Engineer,0,0,No,0,0,Yes,3,3,Yes,4,4
RFI-02126,PRJ-057,RFI-0019,Mechanical Coordination Conflict - Area B3,Mechanical,Medium,Coordination Conflict,2022-06-18,2022-06-27,2022-06-29,2022-06-29,2022-07-01,Closed,Subcontractor,Engineer,0,0,Yes,8800,8300,No,0,0,Yes,3,5
RFI-02127,PRJ-057,RFI-0020,Structural Design Clarification - Area C5,Structural,Medium,Design Clarification,2022-10-23,2022-11-04,2022-11-11,2022-11-11,2022-11-15,Closed,General Contractor,Engineer,0,0,No,0,0,No,0,0,No,4,5
RFI-02128,PRJ-057,RFI-0021,Mechanical Field Condition - Area D8,Mechanical,Medium,Field Condition,2023-08-25,2023-09-05,2023-09-03,2023-09-03,2023-09-05,Closed,General Contractor,Engineer,0,0,No,0,0,Yes,1,1,No,4,5
RFI-02129,PRJ-057,RFI-0022,General Design Clarification - Area E7,General,Medium,Design Clarification,2023-10-22,2023-10-31,2023-10-30,2023-10-30,,Answered,Subcontractor,Construction Manager,0,0,No,0,0,No,0,0,No,4,5
RFI-02130,PRJ-057,RFI-0023,Civil Field Condition - Area B10,Civil,Low,Field Condition,2024-09-18,2024-10-01,2024-09-25,2024-09-25,2024-09-29,Closed,Subcontractor,Engineer,0,0,No,0,0,Yes,1,1,Yes,5,5
RFI-02131,PRJ-057,RFI-0024,Structural Design Clarification - Area A9,Structural,High,Design Clarification,2024-09-06,2024-09-10,2024-09-16,2024-09-16,2024-09-19,Closed,Construction Manager,Engineer,0,0,Yes,34000,31000,No,0,0,No,5,4
RFI-02132,PRJ-057,RFI-0025,Structural Design Clarification - Area A1,Structural,Low,Design Clarification,2024-06-07,2024-06-21,2024-06-15,2024-06-15,,Answered,Subcontractor,Engineer,0,0,No,0,0,No,0,0,No,2,4
RFI-02133,PRJ-057,RFI-0026,General Design Clarification - Area B2,General,High,Design Clarification,2022-11-28,2022-12-03,,,,Returned for Clarification,Construction Manager,Construction Manager,0,0,Yes,114000,83000,Yes,2,2,Yes,5,4
RFI-02134,PRJ-057,RFI-0027,Mechanical Field Condition - Area A2,Mechanical,Medium,Field Condition,2022-08-25,2022-09-03,2022-09-01,2022-09-01,,Answered,General Contractor,Engineer,0,0,No,0,0,Yes,6,7,Yes,6,5
RFI-02135,PRJ-057,RFI-0028,Plumbing Constructability - Area B2,Plumbing,High,Constructability,2022-12-27,2023-01-01,2023-01-06,2023-01-07,2023-01-11,Closed,General Contractor,Owner Representative,1,0,No,0,0,No,0,0,No,0,5
RFI-02136,PRJ-057,RFI-0029,Electrical Missing Information - Area E4,Electrical,Critical,Missing Information,2024-06-19,2024-06-23,2024-06-24,2024-06-24,2024-06-24,Closed,Subcontractor,Engineer,0,0,No,0,0,No,0,0,No,0,5
RFI-02137,PRJ-057,RFI-0030,Controls Missing Information - Area D1,Controls,Low,Missing Information,2023-12-25,2024-01-09,2024-01-03,2024-01-07,2024-01-08,Closed,Construction Manager,Engineer,1,0,No,0,0,No,0,0,No,5,5
RFI-02138,PRJ-057,RFI-0031,Electrical Design Clarification - Area A7,Electrical,High,Design Clarification,2024-02-28,2024-03-03,,,,Awaiting Owner,Subcontractor,Engineer,0,0,No,0,0,No,0,0,No,2,5
RFI-02139,PRJ-057,RFI-0032,General Coordination Conflict - Area E6,General,High,Coordination Conflict,2023-08-28,2023-09-03,2023-09-08,2023-09-08,2023-09-12,Closed,General Contractor,Construction Manager,0,0,No,0,0,No,0,0,No,3,5
RFI-02140,PRJ-057,RFI-0033,Plumbing Field Condition - Area C8,Plumbing,Medium,Field Condition,2024-06-10,2024-06-20,2024-06-26,2024-06-27,2024-06-29,Closed,Subcontractor,Engineer,1,0,No,0,0,No,0,0,No,3,3
RFI-02141,PRJ-057,RFI-0034,Architectural Substitution Request - Area A7,Architectural,Critical,Substitution Request,2023-03-17,2023-03-19,2023-03-24,2023-03-24,2023-03-27,Closed,General Contractor,Architect,0,0,No,0,0,Yes,6,8,Yes,6,5
RFI-02142,PRJ-057,RFI-0035,Mechanical Field Condition - Area E9,Mechanical,Medium,Field Condition,2023-03-28,2023-04-08,2023-04-11,2023-04-11,2023-04-15,Closed,Subcontractor,Engineer,0,0,No,0,0,No,0,0,No,3,5
RFI-02143,PRJ-057,RFI-0036,Structural Field Condition - Area D4,Structural,Medium,Field Condition,2023-05-10,2023-05-20,2023-05-20,2023-05-20,2023-05-22,Closed,Subcontractor,Engineer,0,0,No,0,0,No,0,0,No,5,5
RFI-02144,PRJ-058,RFI-0001,General Missing Information - Area C9,General,Low,Missing Information,2023-06-04,2023-06-18,2023-06-09,2023-06-09,2023-06-11,Closed,General Contractor,Construction Manager,0,0,Yes,42000,54000,No,0,0,Yes,1,5
RFI-02145,PRJ-058,RFI-0002,Plumbing Code Compliance - Area B1,Plumbing,Low,Code Compliance,2023-11-14,2023-11-28,2023-11-22,,,Awaiting Designer,Subcontractor,Owner Representative,0,0,No,0,0,No,0,0,No,5,5
RFI-02146,PRJ-058,RFI-0003,Architectural Design Clarification - Area A8,Architectural,Medium,Design Clarification,2023-06-14,2023-06-26,2023-06-21,2023-06-27,2023-06-30,Closed,Construction Manager,Owner Representative,2,0,Yes,28000,21000,Yes,1,1,No,3,3
RFI-02147,PRJ-058,RFI-0004,Architectural Coordination Conflict - Area C9,Architectural,Medium,Coordination Conflict,2023-06-03,2023-06-15,2023-06-06,2023-06-06,,Answered,General Contractor,Owner Representative,0,0,No,0,0,No,0,0,No,3,5
RFI-02148,PRJ-058,RFI-0005,Plumbing Missing Information - Area E7,Plumbing,Low,Missing Information,2024-02-29,2024-03-15,2024-03-17,2024-03-17,2024-03-20,Closed,Construction Manager,Engineer,0,1,No,0,0,No,0,0,No,3,5
RFI-02149,PRJ-058,RFI-0006,Controls Field Condition - Area E11,Controls,Medium,Field Condition,2023-06-30,2023-07-10,2023-07-08,2023-07-08,,Answered,General Contractor,Engineer,0,0,Yes,7300,5600,No,0,0,No,3,4
RFI-02150,PRJ-058,RFI-0007,Architectural Code Compliance - Area C8,Architectural,Medium,Code Compliance,2024-03-23,2024-04-02,2024-04-02,2024-04-02,2024-04-02,Closed,Subcontractor,Architect,0,0,No,0,0,No,0,0,No,1,5
RFI-02151,PRJ-058,RFI-0008,Electrical Design Clarification - Area C8,Electrical,Medium,Design Clarification,2023-12-11,2023-12-21,2023-12-17,2023-12-17,2023-12-20,Closed,Subcontractor,Engineer,0,0,No,0,0,No,0,0,No,5,5
RFI-02152,PRJ-058,RFI-0009,General Missing Information - Area C5,General,Medium,Missing Information,2024-02-15,2024-02-27,2024-02-18,2024-02-18,2024-02-18,Closed,Subcontractor,Construction Manager,0,0,No,0,0,No,0,0,No,1,4
RFI-02153,PRJ-058,RFI-0010,Plumbing Substitution Request - Area C6,Plumbing,Medium,Substitution Request,2023-11-21,2023-11-30,2023-11-27,2023-11-27,,Answered,General Contractor,Engineer,0,0,No,0,0,No,0,0,No,5,5
RFI-02154,PRJ-058,RFI-0011,Electrical Missing Information - Area A4,Electrical,Low,Missing Information,2023-08-25,2023-09-07,2023-09-05,2023-09-05,,Answered,Subcontractor,Owner Representative,0,0,No,0,0,No,0,0,No,5,5
RFI-02155,PRJ-058,RFI-0012,Civil Design Clarification - Area D8,Civil,Medium,Design Clarification,2023-12-10,2023-12-20,2023-12-17,2023-12-17,2023-12-17,Closed,Subcontractor,Engineer,0,0,No,0,0,No,0,0,No,2,4
RFI-02156,PRJ-058,RFI-0013,Structural Coordination Conflict - Area C4,Structural,Medium,Coordination Conflict,2023-10-18,2023-10-28,2023-11-03,2023-11-03,2023-11-06,Closed,General Contractor,Engineer,0,0,Yes,49000,67000,No,0,0,No,6,4
RFI-02157,PRJ-058,RFI-0014,General Coordination Conflict - Area D1,General,High,Coordination Conflict,2023-07-27,2023-07-31,2023-08-03,2023-08-03,2023-08-07,Closed,Subcontractor,Construction Manager,0,0,Yes,31000,34000,No,0,0,Yes,6,5
RFI-02158,PRJ-058,RFI-0015,Architectural Missing Information - Area B9,Architectural,Medium,Missing Information,2023-06-20,2023-07-01,2023-07-02,2023-07-06,2023-07-09,Closed,General Contractor,Architect,1,0,No,0,0,No,0,0,No,1,3
RFI-02159,PRJ-058,RFI-0016,Civil Field Condition - Area B9,Civil,Medium,Field Condition,2023-06-30,2023-07-12,2023-07-02,2023-07-02,2023-07-06,Closed,General Contractor,Engineer,0,0,No,0,0,No,0,0,No,4,5
RFI-02160,PRJ-058,RFI-0017,Controls Coordination Conflict - Area D3,Controls,Low,Coordination Conflict,2023-06-28,2023-07-13,2023-07-08,2023-07-08,2023-07-11,Closed,Construction Manager,Engineer,0,0,Yes,1900,2400,No,0,0,Yes,4,4
RFI-02161,PRJ-058,RFI-0018,Architectural Constructability - Area A6,Architectural,Low,Constructability,2024-02-16,2024-03-01,2024-03-12,2024-03-12,2024-03-12,Closed,Subcontractor,Architect,0,1,Yes,110000,116000,No,0,0,Yes,6,4
RFI-02162,PRJ-058,RFI-0019,Structural Code Compliance - Area D12,Structural,Medium,Code Compliance,2023-05-14,2023-05-23,2023-05-18,2023-05-20,2023-05-23,Closed,Subcontractor,Engineer,1,0,No,0,0,No,0,0,No,0,5
RFI-02163,PRJ-058,RFI-0020,Specialty Systems Missing Information - Area D7,Specialty Systems,Medium,Missing Information,2024-03-28,2024-04-06,2024-04-03,2024-04-03,2024-04-06,Closed,Subcontractor,Design Manager,0,0,No,0,0,No,0,0,No,3,5
RFI-02164,PRJ-058,RFI-0021,Fire Protection Coordination Conflict - Area D1,Fire Protection,High,Coordination Conflict,2024-03-29,2024-04-05,2024-03-31,2024-03-31,2024-04-04,Closed,Construction Manager,Owner Representative,0,0,No,0,0,No,0,0,No,2,5
RFI-02165,PRJ-058,RFI-0022,Mechanical Constructability - Area E1,Mechanical,Medium,Constructability,2023-05-23,2023-06-02,2023-06-09,2023-06-09,2023-06-09,Closed,General Contractor,Engineer,0,0,No,0,0,No,0,0,No,3,4
RFI-02166,PRJ-058,RFI-0023,Architectural Coordination Conflict - Area D10,Architectural,Medium,Coordination Conflict,2024-01-31,2024-02-11,2024-02-02,2024-02-02,2024-02-04,Closed,General Contractor,Architect,0,0,No,0,0,No,0,0,No,0,5
RFI-02167,PRJ-058,RFI-0024,Mechanical Design Clarification - Area B11,Mechanical,High,Design Clarification,2024-02-01,2024-02-07,2024-02-20,2024-02-24,2024-02-25,Closed,General Contractor,Engineer,2,0,Yes,4800,5000,No,0,0,No,4,3
RFI-02168,PRJ-058,RFI-0025,Specialty Systems Design Clarification - Area B2,Specialty Systems,Medium,Design Clarification,2023-10-29,2023-11-10,2023-11-06,2023-11-06,2023-11-10,Closed,Subcontractor,Design Manager,0,0,No,0,0,No,0,0,No,4,5
RFI-02169,PRJ-058,RFI-0026,Plumbing Substitution Request - Area E1,Plumbing,High,Substitution Request,2023-12-06,2023-12-13,2023-12-12,2023-12-12,2023-12-15,Closed,Subcontractor,Owner Representative,0,0,No,0,0,No,0,0,No,5,5
RFI-02170,PRJ-058,RFI-0027,Plumbing Design Clarification - Area B2,Plumbing,High,Design Clarification,2023-11-16,2023-11-23,2023-11-20,2023-11-20,2023-11-24,Closed,Subcontractor,Engineer,0,0,No,0,0,No,0,0,No,1,5
RFI-02171,PRJ-058,RFI-0028,Structural Constructability - Area E8,Structural,High,Constructability,2023-08-04,2023-08-10,2023-08-14,2023-08-14,2023-08-15,Closed,Subcontractor,Owner Representative,0,0,Yes,43000,33000,No,0,0,Yes,0,4
RFI-02172,PRJ-058,RFI-0029,Structural Constructability - Area B8,Structural,Medium,Constructability,2023-02-28,2023-03-11,2023-03-05,2023-03-05,2023-03-08,Closed,General Contractor,Engineer,0,0,No,0,0,Yes,2,2,No,1,5
RFI-02173,PRJ-058,RFI-0030,Architectural Design Clarification - Area B8,Architectural,Medium,Design Clarification,2023-10-14,2023-10-23,2023-10-17,2023-10-17,2023-10-18,Closed,Subcontractor,Architect,0,0,No,0,0,No,0,0,No,4,5
RFI-02174,PRJ-059,RFI-0001,Controls Constructability - Area D3,Controls,Medium,Constructability,2025-10-11,2025-10-22,2025-10-16,2025-10-16,2025-10-19,Closed,Subcontractor,Engineer,0,0,No,0,0,No,0,0,No,0,5
RFI-02175,PRJ-059,RFI-0002,Structural Missing Information - Area D9,Structural,High,Missing Information,2025-07-08,2025-07-12,2025-07-14,2025-07-14,,Answered,General Contractor,Engineer,0,0,No,0,0,No,0,0,No,5,5
RFI-02176,PRJ-059,RFI-0003,General Design Clarification - Area B8,General,High,Design Clarification,2025-07-11,2025-07-17,2025-07-16,2025-07-16,2025-07-17,Closed,Subcontractor,Construction Manager,0,0,No,0,0,No,0,0,No,1,5
RFI-02177,PRJ-059,RFI-0004,Electrical Substitution Request - Area C9,Electrical,Medium,Substitution Request,2025-03-18,2025-03-28,2025-03-27,2025-03-27,,Answered,Subcontractor,Engineer,0,0,No,0,0,No,0,0,No,4,4
RFI-02178,PRJ-059,RFI-0005,Electrical Constructability - Area E10,Electrical,Medium,Constructability,2024-04-03,2024-04-13,2024-04-22,2024-04-22,2024-04-22,Closed,General Contractor,Engineer,0,0,No,0,0,No,0,0,No,4,4
RFI-02179,PRJ-059,RFI-0006,Specialty Systems Field Condition - Area C3,Specialty Systems,Medium,Field Condition,2024-11-28,2024-12-09,2024-12-17,2024-12-17,2024-12-18,Closed,Subcontractor,Design Manager,0,0,No,0,0,No,0,0,No,6,4
RFI-02180,PRJ-059,RFI-0007,Structural Field Condition - Area A2,Structural,Low,Field Condition,2024-05-04,2024-05-18,2024-05-18,2024-05-18,,Answered,General Contractor,Engineer,0,0,Yes,39000,50000,No,0,0,Yes,3,5
RFI-02181,PRJ-059,RFI-0008,Electrical Coordination Conflict - Area C8,Electrical,High,Coordination Conflict,2025-10-12,2025-10-19,2025-10-15,2025-10-15,2025-10-17,Closed,Construction Manager,Engineer,0,0,No,0,0,No,0,0,No,0,4
RFI-02182,PRJ-059,RFI-0009,Structural Design Clarification - Area A7,Structural,Medium,Design Clarification,2024-07-15,2024-07-25,2024-07-25,2024-07-25,2024-07-29,Closed,Subcontractor,Engineer,0,0,No,0,0,No,0,0,No,5,5
RFI-02183,PRJ-059,RFI-0010,Structural Coordination Conflict - Area B1,Structural,High,Coordination Conflict,2024-12-26,2024-12-31,,,,Awaiting Designer,Subcontractor,Engineer,1,0,No,0,0,Yes,1,1,Yes,0,3
RFI-02184,PRJ-059,RFI-0011,Mechanical Design Clarification - Area B6,Mechanical,High,Design Clarification,2025-09-16,2025-09-20,2025-09-25,2025-09-25,,Answered,General Contractor,Engineer,0,0,No,0,0,No,0,0,No,6,5
RFI-02185,PRJ-059,RFI-0012,General Design Clarification - Area B1,General,Critical,Design Clarification,2025-12-22,2025-12-26,,,,Open,General Contractor,Construction Manager,0,0,No,0,0,No,0,0,No,1,5
RFI-02186,PRJ-059,RFI-0013,Mechanical Coordination Conflict - Area D12,Mechanical,High,Coordination Conflict,2024-10-31,2024-11-05,,,,Open,General Contractor,Engineer,1,0,Yes,3900,5400,Yes,5,6,Yes,1,4
RFI-02187,PRJ-059,RFI-0014,Electrical Missing Information - Area E12,Electrical,High,Missing Information,2025-01-25,2025-01-30,2025-02-02,2025-02-02,2025-02-03,Closed,Construction Manager,Engineer,0,0,Yes,34000,24000,No,0,0,Yes,6,5
RFI-02188,PRJ-059,RFI-0015,Architectural Design Clarification - Area D11,Architectural,Medium,Design Clarification,2024-12-29,2025-01-08,2025-01-09,2025-01-09,,Answered,Subcontractor,Architect,0,0,No,0,0,No,0,0,No,1,5
RFI-02189,PRJ-059,RFI-0016,Plumbing Design Clarification - Area D1,Plumbing,Medium,Design Clarification,2024-05-02,2024-05-14,2024-05-15,2024-05-15,,Answered,General Contractor,Engineer,0,1,No,0,0,No,0,0,No,0,5
RFI-02190,PRJ-059,RFI-0017,Civil Coordination Conflict - Area C1,Civil,Low,Coordination Conflict,2025-07-16,2025-07-31,2025-07-24,2025-07-24,,Answered,Subcontractor,Engineer,0,0,No,0,0,No,0,0,No,4,4
RFI-02191,PRJ-059,RFI-0018,Architectural Design Clarification - Area A12,Architectural,Low,Design Clarification,2025-05-26,2025-06-08,2025-06-02,2025-06-02,2025-06-06,Closed,Subcontractor,Architect,0,0,No,0,0,No,0,0,No,4,5
RFI-02192,PRJ-059,RFI-0019,Plumbing Design Clarification - Area C11,Plumbing,High,Design Clarification,2024-10-19,2024-10-25,2024-10-24,2024-10-24,2024-10-28,Closed,General Contractor,Engineer,0,0,No,0,0,No,0,0,No,0,4
RFI-02193,PRJ-059,RFI-0020,Civil Coordination Conflict - Area E8,Civil,High,Coordination Conflict,2024-03-18,2024-03-24,2024-03-22,2024-03-22,2024-03-24,Closed,General Contractor,Engineer,0,0,No,0,0,No,0,0,No,3,5
RFI-02194,PRJ-059,RFI-0021,Fire Protection Missing Information - Area B4,Fire Protection,Medium,Missing Information,2024-08-22,2024-09-03,2024-09-04,2024-09-04,2024-09-08,Closed,Subcontractor,Engineer,0,1,No,0,0,No,0,0,No,2,5
RFI-02195,PRJ-059,RFI-0022,Architectural Missing Information - Area A9,Architectural,Medium,Missing Information,2025-04-23,2025-05-03,2025-04-29,2025-04-29,2025-05-02,Closed,Subcontractor,Architect,0,0,Yes,32000,33000,No,0,0,No,5,5
RFI-02196,PRJ-059,RFI-0023,Structural Missing Information - Area D2,Structural,Medium,Missing Information,2025-11-04,2025-11-16,2025-11-10,2025-11-10,2025-11-13,Closed,Subcontractor,Engineer,0,0,No,0,0,No,0,0,No,6,5
RFI-02197,PRJ-059,RFI-0024,Specialty Systems Coordination Conflict - Area C6,Specialty Systems,High,Coordination Conflict,2025-09-30,2025-10-05,2025-10-07,,,Awaiting Designer,General Contractor,Design Manager,0,0,No,0,0,No,0,0,No,4,5
RFI-02198,PRJ-059,RFI-0025,Electrical Coordination Conflict - Area C8,Electrical,Medium,Coordination Conflict,2024-09-23,2024-10-05,2024-09-26,2024-09-30,,Answered,General Contractor,Engineer,1,0,No,0,0,Yes,2,3,No,1,4
RFI-02199,PRJ-059,RFI-0026,Electrical Coordination Conflict - Area A10,Electrical,Low,Coordination Conflict,2024-12-24,2025-01-08,2025-01-02,2025-01-02,,Answered,General Contractor,Engineer,0,0,No,0,0,No,0,0,No,0,5
RFI-02200,PRJ-059,RFI-0027,Structural Missing Information - Area C3,Structural,Medium,Missing Information,2024-07-01,2024-07-13,2024-07-09,2024-07-09,2024-07-10,Closed,General Contractor,Engineer,0,0,No,0,0,No,0,0,No,2,5
RFI-02201,PRJ-059,RFI-0028,General Coordination Conflict - Area C4,General,Medium,Coordination Conflict,2024-11-27,2024-12-07,2024-12-02,2024-12-02,,Answered,Subcontractor,Construction Manager,0,0,No,0,0,No,0,0,No,1,5
RFI-02202,PRJ-059,RFI-0029,Electrical Substitution Request - Area B1,Electrical,High,Substitution Request,2025-07-28,2025-08-03,2025-08-07,2025-08-07,,Answered,Construction Manager,Engineer,0,0,No,0,0,No,0,0,No,6,3
RFI-02203,PRJ-059,RFI-0030,Architectural Field Condition - Area E2,Architectural,Medium,Field Condition,2025-04-12,2025-04-21,2025-04-17,2025-04-17,2025-04-20,Closed,Construction Manager,Architect,0,0,No,0,0,Yes,2,1,No,3,5
RFI-02204,PRJ-059,RFI-0031,Structural Missing Information - Area E12,Structural,Medium,Missing Information,2024-05-10,2024-05-19,2024-05-16,2024-05-16,2024-05-16,Closed,General Contractor,Engineer,0,0,No,0,0,No,0,0,No,1,5
RFI-02205,PRJ-059,RFI-0032,Structural Field Condition - Area D10,Structural,High,Field Condition,2024-10-05,2024-10-10,2024-10-07,2024-10-07,2024-10-08,Closed,General Contractor,Engineer,0,0,No,0,0,Yes,1,1,Yes,3,5
RFI-02206,PRJ-059,RFI-0033,Plumbing Design Clarification - Area C4,Plumbing,High,Design Clarification,2025-07-20,2025-07-27,2025-07-29,2025-07-31,2025-08-03,Closed,General Contractor,Engineer,1,0,Yes,10000,9800,No,0,0,No,2,4
RFI-02207,PRJ-059,RFI-0034,Structural Design Clarification - Area B11,Structural,High,Design Clarification,2025-10-29,2025-11-05,2025-11-05,2025-11-05,2025-11-08,Closed,General Contractor,Owner Representative,0,0,No,0,0,No,0,0,No,2,5
RFI-02208,PRJ-059,RFI-0035,Architectural Design Clarification - Area B5,Architectural,High,Design Clarification,2025-11-11,2025-11-15,2025-11-16,2025-11-16,,Answered,Subcontractor,Architect,0,0,No,0,0,No,0,0,No,1,4
RFI-02209,PRJ-059,RFI-0036,Architectural Design Clarification - Area B12,Architectural,Medium,Design Clarification,2025-10-03,2025-10-14,2025-10-14,2025-10-14,2025-10-18,Closed,General Contractor,Architect,0,0,No,0,0,No,0,0,No,2,5
RFI-02210,PRJ-060,RFI-0001,Specialty Systems Design Clarification - Area E11,Specialty Systems,High,Design Clarification,2022-10-09,2022-10-16,2022-10-18,2022-10-18,2022-10-22,Closed,General Contractor,Design Manager,0,0,No,0,0,No,0,0,No,3,5
RFI-02211,PRJ-060,RFI-0002,Controls Coordination Conflict - Area B2,Controls,Medium,Coordination Conflict,2022-10-12,2022-10-21,2022-10-20,2022-10-20,2022-10-23,Closed,General Contractor,Engineer,0,0,Yes,462000,611000,No,0,0,Yes,0,4
RFI-02212,PRJ-060,RFI-0003,Mechanical Substitution Request - Area B3,Mechanical,Medium,Substitution Request,2023-12-26,2024-01-04,2024-01-06,2024-01-06,2024-01-10,Closed,General Contractor,Engineer,0,0,No,0,0,Yes,3,2,Yes,2,5
RFI-02213,PRJ-060,RFI-0004,Architectural Constructability - Area C5,Architectural,Medium,Constructability,2023-12-25,2024-01-06,,,,Open,General Contractor,Architect,0,0,No,0,0,No,0,0,No,3,4
RFI-02214,PRJ-060,RFI-0005,Electrical Coordination Conflict - Area E8,Electrical,Medium,Coordination Conflict,2024-08-06,2024-08-17,2024-08-13,2024-08-13,2024-08-16,Closed,General Contractor,Engineer,0,0,No,0,0,No,0,0,No,4,5
RFI-02215,PRJ-060,RFI-0006,Mechanical Design Clarification - Area D9,Mechanical,High,Design Clarification,2022-11-23,2022-11-28,2022-11-26,2022-11-26,,Answered,General Contractor,Engineer,0,0,No,0,0,No,0,0,No,1,5
RFI-02216,PRJ-060,RFI-0007,Structural Substitution Request - Area C3,Structural,Medium,Substitution Request,2022-06-09,2022-06-18,2022-06-25,2022-06-25,2022-06-26,Closed,Construction Manager,Owner Representative,0,0,No,0,0,No,0,0,No,1,4
RFI-02217,PRJ-060,RFI-0008,Civil Coordination Conflict - Area E7,Civil,Medium,Coordination Conflict,2023-11-21,2023-12-03,2023-11-29,2023-11-29,,Answered,General Contractor,Engineer,0,0,No,0,0,No,0,0,No,1,5
RFI-02218,PRJ-060,RFI-0009,Plumbing Coordination Conflict - Area E8,Plumbing,Medium,Coordination Conflict,2022-08-28,2022-09-09,2022-09-04,2022-09-04,,Answered,Subcontractor,Owner Representative,0,0,No,0,0,Yes,2,2,Yes,1,5
RFI-02219,PRJ-060,RFI-0010,Controls Coordination Conflict - Area B5,Controls,Medium,Coordination Conflict,2024-07-10,2024-07-21,2024-07-20,2024-07-24,,Answered,Subcontractor,Engineer,1,1,Yes,62000,60000,No,0,0,No,6,5
RFI-02220,PRJ-060,RFI-0011,Electrical Field Condition - Area C9,Electrical,Medium,Field Condition,2024-09-28,2024-10-07,2024-10-09,2024-10-09,2024-10-13,Closed,General Contractor,Engineer,0,0,No,0,0,No,0,0,No,0,5
RFI-02221,PRJ-060,RFI-0012,Architectural Missing Information - Area D1,Architectural,High,Missing Information,2022-08-30,2022-09-06,2022-09-04,2022-09-04,2022-09-05,Closed,General Contractor,Owner Representative,0,0,No,0,0,No,0,0,No,5,4
RFI-02222,PRJ-060,RFI-0013,Architectural Missing Information - Area C1,Architectural,High,Missing Information,2024-11-12,2024-11-16,2024-11-24,2024-11-25,2024-11-25,Closed,Subcontractor,Architect,1,0,No,0,0,No,0,0,No,3,4
RFI-02223,PRJ-060,RFI-0014,Specialty Systems Coordination Conflict - Area B12,Specialty Systems,Medium,Coordination Conflict,2023-10-25,2023-11-03,2023-11-06,2023-11-06,2023-11-08,Closed,Construction Manager,Design Manager,0,0,No,0,0,No,0,0,No,6,5
RFI-02224,PRJ-060,RFI-0015,Plumbing Missing Information - Area A8,Plumbing,Medium,Missing Information,2024-11-28,2024-12-10,2024-12-07,2024-12-07,2024-12-11,Closed,Subcontractor,Engineer,0,0,No,0,0,No,0,0,No,3,5
RFI-02225,PRJ-060,RFI-0016,Electrical Field Condition - Area E3,Electrical,Medium,Field Condition,2024-06-16,2024-06-25,2024-06-26,2024-06-26,2024-06-27,Closed,General Contractor,Owner Representative,0,0,No,0,0,Yes,5,7,No,6,5
RFI-02226,PRJ-060,RFI-0017,Specialty Systems Code Compliance - Area D2,Specialty Systems,Medium,Code Compliance,2024-02-25,2024-03-08,2024-03-04,2024-03-04,,Answered,General Contractor,Design Manager,0,0,No,0,0,No,0,0,No,3,5
RFI-02227,PRJ-060,RFI-0018,Architectural Design Clarification - Area A8,Architectural,High,Design Clarification,2022-06-10,2022-06-16,2022-06-18,2022-06-18,2022-06-22,Closed,General Contractor,Architect,0,0,No,0,0,No,0,0,No,5,5
RFI-02228,PRJ-060,RFI-0019,Mechanical Missing Information - Area D3,Mechanical,Medium,Missing Information,2023-04-18,2023-04-29,2023-05-06,2023-05-06,,Answered,General Contractor,Engineer,0,1,Yes,161000,120000,No,0,0,No,6,5
RFI-02229,PRJ-060,RFI-0020,Electrical Constructability - Area B10,Electrical,Medium,Constructability,2022-03-25,2022-04-03,2022-03-31,2022-03-31,,Answered,Construction Manager,Engineer,0,0,No,0,0,No,0,0,No,1,5
RFI-02230,PRJ-060,RFI-0021,Architectural Constructability - Area D3,Architectural,Medium,Constructability,2022-09-13,2022-09-22,2022-09-22,2022-09-22,,Answered,Construction Manager,Owner Representative,0,1,No,0,0,No,0,0,No,5,5
RFI-02231,PRJ-060,RFI-0022,Architectural Design Clarification - Area C5,Architectural,Medium,Design Clarification,2023-04-17,2023-04-28,2023-04-25,2023-04-29,,Answered,Subcontractor,Architect,1,0,No,0,0,Yes,1,1,No,6,5
RFI-02232,PRJ-061,RFI-0001,Plumbing Design Clarification - Area E5,Plumbing,Medium,Design Clarification,2023-07-31,2023-08-10,2023-08-05,2023-08-05,2023-08-06,Closed,Subcontractor,Owner Representative,0,0,No,0,0,No,0,0,No,6,5
RFI-02233,PRJ-061,RFI-0002,Specialty Systems Design Clarification - Area B7,Specialty Systems,High,Design Clarification,2024-01-17,2024-01-23,2024-01-27,2024-01-30,2024-01-30,Closed,General Contractor,Design Manager,1,0,No,0,0,No,0,0,No,0,3
RFI-02234,PRJ-061,RFI-0003,Electrical Field Condition - Area E12,Electrical,Medium,Field Condition,2024-02-17,2024-02-28,2024-02-20,2024-02-20,2024-02-24,Closed,Subcontractor,Owner Representative,0,0,No,0,0,No,0,0,No,1,5
RFI-02235,PRJ-061,RFI-0004,General Field Condition - Area B5,General,Medium,Field Condition,2023-06-14,2023-06-26,2023-06-19,2023-06-19,2023-06-20,Closed,General Contractor,Construction Manager,0,0,No,0,0,No,0,0,No,2,5
RFI-02236,PRJ-061,RFI-0005,Plumbing Design Clarification - Area C10,Plumbing,High,Design Clarification,2023-10-01,2023-10-08,2023-10-03,2023-10-03,,Answered,Subcontractor,Engineer,0,0,No,0,0,No,0,0,No,0,5
RFI-02237,PRJ-061,RFI-0006,Electrical Coordination Conflict - Area A4,Electrical,Medium,Coordination Conflict,2024-02-01,2024-02-12,2024-02-07,2024-02-07,,Answered,General Contractor,Engineer,0,0,No,0,0,Yes,2,2,Yes,6,5
RFI-02238,PRJ-061,RFI-0007,Civil Coordination Conflict - Area C2,Civil,High,Coordination Conflict,2023-04-15,2023-04-21,2023-04-21,2023-04-21,2023-04-21,Closed,General Contractor,Engineer,0,0,No,0,0,Yes,3,2,Yes,3,5
RFI-02239,PRJ-061,RFI-0008,Mechanical Coordination Conflict - Area C11,Mechanical,Low,Coordination Conflict,2023-05-06,2023-05-20,2023-05-09,2023-05-09,2023-05-09,Closed,General Contractor,Owner Representative,0,0,No,0,0,No,0,0,No,3,5
RFI-02240,PRJ-061,RFI-0009,Fire Protection Substitution Request - Area E4,Fire Protection,Medium,Substitution Request,2023-09-07,2023-09-16,2023-09-21,2023-09-21,,Answered,Subcontractor,Engineer,0,0,No,0,0,No,0,0,No,0,4
RFI-02241,PRJ-061,RFI-0010,Mechanical Design Clarification - Area C10,Mechanical,Medium,Design Clarification,2023-09-12,2023-09-24,2023-09-24,2023-09-27,2023-10-01,Closed,General Contractor,Engineer,1,0,Yes,14000,14000,No,0,0,Yes,3,3
RFI-02242,PRJ-061,RFI-0011,Electrical Coordination Conflict - Area A5,Electrical,High,Coordination Conflict,2023-04-20,2023-04-27,2023-04-29,2023-05-01,,Answered,Construction Manager,Engineer,1,0,No,0,0,No,0,0,No,5,4
RFI-02243,PRJ-061,RFI-0012,Mechanical Substitution Request - Area E3,Mechanical,Medium,Substitution Request,2024-02-08,2024-02-18,2024-02-16,2024-02-16,,Answered,Subcontractor,Engineer,0,0,No,0,0,No,0,0,No,2,5
RFI-02244,PRJ-061,RFI-0013,General Coordination Conflict - Area B12,General,High,Coordination Conflict,2023-09-03,2023-09-07,2023-09-05,2023-09-05,2023-09-06,Closed,Subcontractor,Construction Manager,0,0,No,0,0,No,0,0,No,0,4
RFI-02245,PRJ-061,RFI-0014,Mechanical Code Compliance - Area A9,Mechanical,Medium,Code Compliance,2023-08-14,2023-08-25,2023-08-17,2023-08-17,,Answered,Subcontractor,Engineer,0,0,No,0,0,No,0,0,No,3,5
RFI-02246,PRJ-061,RFI-0015,General Constructability - Area A7,General,Low,Constructability,2024-02-23,2024-03-10,2024-02-26,2024-02-26,,Answered,Subcontractor,Construction Manager,0,0,No,0,0,No,0,0,No,4,4
RFI-02247,PRJ-061,RFI-0016,Fire Protection Substitution Request - Area D10,Fire Protection,Medium,Substitution Request,2024-01-18,2024-01-28,2024-01-27,2024-01-29,,Answered,Subcontractor,Engineer,1,0,Yes,18000,25000,No,0,0,No,2,4
RFI-02248,PRJ-061,RFI-0017,Electrical Constructability - Area A9,Electrical,Low,Constructability,2023-06-23,2023-07-07,2023-06-30,2023-06-30,2023-07-03,Closed,General Contractor,Engineer,0,0,No,0,0,No,0,0,No,6,5
RFI-02249,PRJ-061,RFI-0018,Civil Design Clarification - Area C12,Civil,Medium,Design Clarification,2024-05-11,2024-05-22,2024-05-16,2024-05-16,,Answered,Subcontractor,Engineer,0,0,No,0,0,No,0,0,No,0,5
RFI-02250,PRJ-061,RFI-0019,Specialty Systems Field Condition - Area B8,Specialty Systems,High,Field Condition,2024-04-27,2024-05-01,2024-05-04,2024-05-04,,Answered,Subcontractor,Owner Representative,0,0,No,0,0,No,0,0,No,6,5
RFI-02251,PRJ-061,RFI-0020,Electrical Missing Information - Area C5,Electrical,Medium,Missing Information,2023-06-28,2023-07-10,2023-07-08,2023-07-08,2023-07-08,Closed,General Contractor,Engineer,0,0,No,0,0,No,0,0,No,4,4
RFI-02252,PRJ-061,RFI-0021,Specialty Systems Substitution Request - Area A11,Specialty Systems,Medium,Substitution Request,2024-04-06,2024-04-16,2024-04-10,,,Awaiting Designer,Subcontractor,Design Manager,0,0,No,0,0,No,0,0,No,0,4
RFI-02253,PRJ-061,RFI-0022,Architectural Design Clarification - Area D1,Architectural,High,Design Clarification,2023-07-13,2023-07-17,2023-07-18,2023-07-18,2023-07-21,Closed,Subcontractor,Owner Representative,0,0,No,0,0,No,0,0,No,2,5
RFI-02254,PRJ-061,RFI-0023,Plumbing Constructability - Area C10,Plumbing,Medium,Constructability,2023-10-05,2023-10-16,2023-10-12,2023-10-12,2023-10-14,Closed,Subcontractor,Engineer,0,0,No,0,0,No,0,0,No,5,5
RFI-02255,PRJ-061,RFI-0024,Structural Field Condition - Area A10,Structural,Medium,Field Condition,2024-01-13,2024-01-25,2024-01-30,2024-01-30,,Answered,General Contractor,Owner Representative,0,1,No,0,0,No,0,0,No,4,5
RFI-02256,PRJ-061,RFI-0025,Structural Substitution Request - Area E1,Structural,Low,Substitution Request,2023-11-20,2023-12-06,2023-11-30,2023-12-02,,Answered,General Contractor,Engineer,1,0,No,0,0,No,0,0,No,2,5
RFI-02257,PRJ-061,RFI-0026,Architectural Field Condition - Area A4,Architectural,High,Field Condition,2023-08-02,2023-08-06,2023-08-12,2023-08-12,2023-08-12,Closed,General Contractor,Architect,0,1,No,0,0,No,0,0,No,0,4
RFI-02258,PRJ-061,RFI-0027,Electrical Constructability - Area E7,Electrical,High,Constructability,2023-10-31,2023-11-04,2023-11-04,2023-11-04,2023-11-05,Closed,General Contractor,Owner Representative,0,0,No,0,0,Yes,4,3,No,4,5
RFI-02259,PRJ-061,RFI-0028,Mechanical Coordination Conflict - Area C12,Mechanical,Medium,Coordination Conflict,2023-08-07,2023-08-16,2023-08-12,2023-08-12,,Answered,General Contractor,Engineer,0,0,No,0,0,No,0,0,No,4,5
RFI-02260,PRJ-061,RFI-0029,General Missing Information - Area B1,General,High,Missing Information,2024-02-04,2024-02-08,2024-02-06,2024-02-06,2024-02-08,Closed,Subcontractor,Construction Manager,0,0,No,0,0,No,0,0,No,6,5
RFI-02261,PRJ-061,RFI-0030,Electrical Design Clarification - Area D8,Electrical,High,Design Clarification,2023-09-13,2023-09-19,2023-09-19,2023-09-21,2023-09-25,Closed,Subcontractor,Engineer,1,0,No,0,0,No,0,0,No,5,5
RFI-02262,PRJ-061,RFI-0031,Plumbing Substitution Request - Area E8,Plumbing,Medium,Substitution Request,2023-12-19,2023-12-30,2023-12-25,2023-12-25,2023-12-29,Closed,Subcontractor,Engineer,0,0,No,0,0,No,0,0,No,3,5
RFI-02263,PRJ-061,RFI-0032,Mechanical Missing Information - Area B6,Mechanical,Medium,Missing Information,2023-06-29,2023-07-08,2023-07-03,2023-07-03,2023-07-05,Closed,General Contractor,Engineer,0,0,No,0,0,Yes,3,2,No,2,5
RFI-02264,PRJ-061,RFI-0033,Architectural Design Clarification - Area B5,Architectural,Low,Design Clarification,2024-03-03,2024-03-18,2024-03-07,2024-03-10,,Answered,General Contractor,Architect,1,0,No,0,0,No,0,0,No,1,3
RFI-02265,PRJ-061,RFI-0034,Civil Substitution Request - Area D7,Civil,High,Substitution Request,2023-05-01,2023-05-07,2023-05-09,2023-05-13,2023-05-14,Closed,General Contractor,Engineer,1,0,No,0,0,Yes,3,1,Yes,1,4
RFI-02266,PRJ-061,RFI-0035,Electrical Design Clarification - Area E4,Electrical,Medium,Design Clarification,2023-05-23,2023-06-01,2023-05-27,2023-05-27,2023-05-28,Closed,General Contractor,Owner Representative,0,0,No,0,0,No,0,0,No,3,5
RFI-02267,PRJ-061,RFI-0036,General Coordination Conflict - Area D2,General,Medium,Coordination Conflict,2023-10-07,2023-10-18,2023-10-10,2023-10-10,2023-10-11,Closed,Subcontractor,Construction Manager,0,0,No,0,0,No,0,0,No,0,5
RFI-02268,PRJ-061,RFI-0037,Electrical Substitution Request - Area A4,Electrical,Medium,Substitution Request,2024-05-15,2024-05-27,2024-05-19,2024-05-19,2024-05-23,Closed,Subcontractor,Engineer,0,0,No,0,0,No,0,0,No,1,5
RFI-02269,PRJ-062,RFI-0001,General Missing Information - Area E10,General,High,Missing Information,2023-02-27,2023-03-03,2023-03-03,2023-03-03,2023-03-03,Closed,Subcontractor,Construction Manager,0,0,No,0,0,No,0,0,No,5,5
RFI-02270,PRJ-062,RFI-0002,Plumbing Field Condition - Area B11,Plumbing,High,Field Condition,2023-12-05,2023-12-12,2023-12-08,2023-12-08,2023-12-08,Closed,General Contractor,Engineer,0,0,No,0,0,No,0,0,No,5,3
RFI-02271,PRJ-062,RFI-0003,Structural Design Clarification - Area A4,Structural,Medium,Design Clarification,2022-09-13,2022-09-24,2022-09-15,2022-09-15,2022-09-18,Closed,Subcontractor,Engineer,0,0,No,0,0,No,0,0,No,6,5
RFI-02272,PRJ-062,RFI-0004,General Design Clarification - Area C9,General,High,Design Clarification,2022-08-31,2022-09-06,2022-09-05,2022-09-05,2022-09-06,Closed,Subcontractor,Construction Manager,0,0,No,0,0,Yes,10,6,Yes,0,5
RFI-02273,PRJ-062,RFI-0005,Architectural Constructability - Area A2,Architectural,Medium,Constructability,2024-02-07,2024-02-16,2024-02-16,2024-02-16,,Answered,Subcontractor,Architect,0,0,No,0,0,No,0,0,No,0,5
RFI-02274,PRJ-062,RFI-0006,Electrical Substitution Request - Area B5,Electrical,Medium,Substitution Request,2022-05-15,2022-05-26,2022-05-23,2022-05-23,2022-05-25,Closed,Subcontractor,Engineer,0,0,No,0,0,No,0,0,No,0,5
RFI-02275,PRJ-062,RFI-0007,Civil Coordination Conflict - Area D3,Civil,Medium,Coordination Conflict,2023-12-15,2023-12-25,2023-12-19,2023-12-19,,Answered,General Contractor,Engineer,0,0,Yes,3700,3500,No,0,0,Yes,4,5
RFI-02276,PRJ-062,RFI-0008,Fire Protection Coordination Conflict - Area E4,Fire Protection,Critical,Coordination Conflict,2023-09-23,2023-09-28,2023-09-29,2023-09-29,2023-10-03,Closed,Subcontractor,Engineer,0,0,No,0,0,No,0,0,No,6,5
RFI-02277,PRJ-062,RFI-0009,Fire Protection Substitution Request - Area E7,Fire Protection,Medium,Substitution Request,2022-07-20,2022-07-30,2022-08-08,2022-08-08,,Answered,Construction Manager,Engineer,0,0,Yes,10000,12000,No,0,0,No,1,4
RFI-02278,PRJ-062,RFI-0010,Architectural Field Condition - Area A3,Architectural,Medium,Field Condition,2023-11-08,2023-11-20,2023-11-10,2023-11-10,2023-11-11,Closed,Subcontractor,Architect,0,0,Yes,70000,83000,Yes,5,4,No,4,5
RFI-02279,PRJ-062,RFI-0011,Civil Substitution Request - Area C10,Civil,Medium,Substitution Request,2022-03-27,2022-04-06,2022-04-03,2022-04-03,,Answered,Subcontractor,Engineer,0,0,No,0,0,No,0,0,No,6,5
RFI-02280,PRJ-062,RFI-0012,Fire Protection Design Clarification - Area C9,Fire Protection,Critical,Design Clarification,2023-09-20,2023-09-23,2023-09-22,2023-09-22,2023-09-24,Closed,General Contractor,Engineer,0,0,No,0,0,Yes,11,11,No,3,5
RFI-02281,PRJ-062,RFI-0013,Electrical Design Clarification - Area E12,Electrical,Low,Design Clarification,2023-02-12,2023-02-25,2023-02-22,2023-02-22,2023-02-25,Closed,Subcontractor,Engineer,0,0,No,0,0,No,0,0,No,1,5
RFI-02282,PRJ-062,RFI-0014,Plumbing Field Condition - Area E3,Plumbing,Low,Field Condition,2023-11-16,2023-12-02,2023-11-22,2023-11-22,,Answered,Subcontractor,Engineer,0,0,No,0,0,No,0,0,No,3,5
RFI-02283,PRJ-062,RFI-0015,General Constructability - Area B7,General,Medium,Constructability,2023-10-20,2023-10-29,2023-10-25,2023-10-25,2023-10-28,Closed,Subcontractor,Owner Representative,0,0,Yes,9400,12000,No,0,0,Yes,6,5
RFI-02284,PRJ-062,RFI-0016,Electrical Missing Information - Area E7,Electrical,High,Missing Information,2024-01-29,2024-02-05,2024-02-06,2024-02-06,2024-02-09,Closed,General Contractor,Owner Representative,0,1,No,0,0,No,0,0,No,3,5
RFI-02285,PRJ-062,RFI-0017,Electrical Design Clarification - Area D9,Electrical,Medium,Design Clarification,2024-01-27,2024-02-07,2024-02-05,2024-02-05,2024-02-09,Closed,General Contractor,Engineer,0,0,No,0,0,No,0,0,No,2,5
RFI-02286,PRJ-062,RFI-0018,Electrical Field Condition - Area E4,Electrical,Medium,Field Condition,2023-03-25,2023-04-05,2023-04-03,2023-04-03,2023-04-03,Closed,Subcontractor,Engineer,0,0,Yes,49000,47000,No,0,0,Yes,0,5
RFI-02287,PRJ-062,RFI-0019,Specialty Systems Design Clarification - Area C2,Specialty Systems,Low,Design Clarification,2023-11-18,2023-12-02,2023-11-26,2023-11-30,2023-12-03,Closed,Construction Manager,Design Manager,1,0,No,0,0,No,0,0,No,2,5
RFI-02288,PRJ-062,RFI-0020,Mechanical Coordination Conflict - Area B1,Mechanical,High,Coordination Conflict,2022-10-07,2022-10-12,2022-10-12,2022-10-12,2022-10-12,Closed,Subcontractor,Engineer,0,0,Yes,13000,17000,No,0,0,No,5,4
RFI-02289,PRJ-062,RFI-0021,Structural Design Clarification - Area D3,Structural,High,Design Clarification,2022-07-24,2022-07-29,2022-08-01,2022-08-01,2022-08-01,Closed,Subcontractor,Engineer,0,0,No,0,0,No,0,0,No,2,5
RFI-02290,PRJ-062,RFI-0022,Structural Coordination Conflict - Area B10,Structural,High,Coordination Conflict,2023-01-16,2023-01-21,2023-01-23,2023-01-23,,Answered,General Contractor,Engineer,0,1,Yes,11000,8900,Yes,5,5,Yes,1,5
RFI-02291,PRJ-062,RFI-0023,Mechanical Coordination Conflict - Area C1,Mechanical,Medium,Coordination Conflict,2023-05-18,2023-05-30,2023-05-25,2023-05-25,2023-05-26,Closed,Construction Manager,Engineer,0,0,No,0,0,No,0,0,No,1,5
RFI-02292,PRJ-062,RFI-0024,Plumbing Design Clarification - Area E3,Plumbing,High,Design Clarification,2023-10-19,2023-10-25,2023-10-24,2023-10-24,2023-10-24,Closed,Subcontractor,Engineer,0,0,No,0,0,No,0,0,No,3,5
RFI-02293,PRJ-062,RFI-0025,Electrical Design Clarification - Area A2,Electrical,Medium,Design Clarification,2023-04-27,2023-05-09,,,,Open,General Contractor,Engineer,0,0,No,0,0,No,0,0,No,1,5
RFI-02294,PRJ-062,RFI-0026,Civil Constructability - Area C8,Civil,Medium,Constructability,2023-07-09,2023-07-18,2023-07-15,2023-07-17,2023-07-20,Closed,General Contractor,Engineer,1,0,Yes,6900,7700,No,0,0,Yes,4,4
RFI-02295,PRJ-062,RFI-0027,Electrical Code Compliance - Area E11,Electrical,High,Code Compliance,2022-11-23,2022-11-30,2022-12-04,2022-12-08,2022-12-09,Closed,General Contractor,Owner Representative,1,0,No,0,0,Yes,5,3,No,3,2
RFI-02296,PRJ-062,RFI-0028,Mechanical Missing Information - Area C3,Mechanical,Medium,Missing Information,2022-03-30,2022-04-09,2022-04-06,2022-04-06,2022-04-07,Closed,Subcontractor,Engineer,0,0,No,0,0,No,0,0,No,5,5
RFI-02297,PRJ-062,RFI-0029,Specialty Systems Design Clarification - Area B10,Specialty Systems,High,Design Clarification,2023-09-14,2023-09-21,2023-09-20,2023-09-20,2023-09-23,Closed,General Contractor,Design Manager,0,0,No,0,0,No,0,0,No,4,5
RFI-02298,PRJ-062,RFI-0030,General Missing Information - Area A10,General,Medium,Missing Information,2023-04-09,2023-04-20,2023-04-19,2023-04-19,,Answered,Construction Manager,Construction Manager,0,1,No,0,0,No,0,0,No,4,5
RFI-02299,PRJ-063,RFI-0001,General Field Condition - Area B3,General,Low,Field Condition,2023-09-14,2023-09-29,2023-09-22,2023-09-22,2023-09-22,Closed,Subcontractor,Construction Manager,0,0,No,0,0,No,0,0,No,0,5
RFI-02300,PRJ-063,RFI-0002,Fire Protection Field Condition - Area B7,Fire Protection,Medium,Field Condition,2025-02-11,2025-02-21,2025-02-20,2025-02-20,2025-02-22,Closed,General Contractor,Engineer,0,1,Yes,1600,2300,No,0,0,Yes,3,5
RFI-02301,PRJ-063,RFI-0003,Architectural Coordination Conflict - Area E9,Architectural,Medium,Coordination Conflict,2024-03-04,2024-03-16,2024-03-10,2024-03-10,2024-03-11,Closed,Subcontractor,Architect,0,0,No,0,0,No,0,0,No,2,5
RFI-02302,PRJ-063,RFI-0004,Structural Design Clarification - Area D10,Structural,Medium,Design Clarification,2024-01-31,2024-02-11,2024-02-09,2024-02-09,2024-02-09,Closed,General Contractor,Engineer,0,0,No,0,0,No,0,0,No,4,5
RFI-02303,PRJ-063,RFI-0005,Specialty Systems Missing Information - Area A7,Specialty Systems,Medium,Missing Information,2023-04-28,2023-05-09,2023-05-03,,,In Review,Subcontractor,Design Manager,0,0,No,0,0,No,0,0,No,6,5
RFI-02304,PRJ-063,RFI-0006,General Field Condition - Area B6,General,Medium,Field Condition,2024-10-12,2024-10-24,2024-10-17,2024-10-17,,Answered,Construction Manager,Construction Manager,0,0,No,0,0,No,0,0,No,1,5
RFI-02305,PRJ-063,RFI-0007,General Missing Information - Area A12,General,Medium,Missing Information,2023-08-10,2023-08-19,2023-08-13,2023-08-13,2023-08-17,Closed,General Contractor,Construction Manager,0,0,Yes,2000,2800,No,0,0,No,3,4
RFI-02306,PRJ-063,RFI-0008,Plumbing Design Clarification - Area E6,Plumbing,Critical,Design Clarification,2023-06-27,2023-06-30,2023-07-01,2023-07-01,2023-07-04,Closed,General Contractor,Owner Representative,0,0,No,0,0,No,0,0,No,4,5
RFI-02307,PRJ-063,RFI-0009,Electrical Design Clarification - Area E6,Electrical,Medium,Design Clarification,2024-07-03,2024-07-14,2024-07-19,2024-07-19,2024-07-22,Closed,General Contractor,Engineer,0,0,No,0,0,Yes,1,1,No,0,5
RFI-02308,PRJ-063,RFI-0010,Civil Coordination Conflict - Area A11,Civil,High,Coordination Conflict,2024-08-13,2024-08-17,2024-08-18,2024-08-22,2024-08-23,Closed,Subcontractor,Owner Representative,1,0,Yes,300000,299000,No,0,0,No,5,4
RFI-02309,PRJ-063,RFI-0011,Civil Coordination Conflict - Area C8,Civil,Low,Coordination Conflict,2024-08-18,2024-09-01,2024-08-23,2024-08-23,2024-08-25,Closed,Subcontractor,Engineer,0,0,No,0,0,No,0,0,No,1,5
RFI-02310,PRJ-063,RFI-0012,Controls Code Compliance - Area C8,Controls,High,Code Compliance,2023-02-17,2023-02-24,2023-02-24,2023-02-26,,Answered,Construction Manager,Engineer,1,0,No,0,0,No,0,0,No,4,5
RFI-02311,PRJ-063,RFI-0013,Architectural Coordination Conflict - Area D1,Architectural,Medium,Coordination Conflict,2024-07-01,2024-07-11,2024-07-07,2024-07-07,2024-07-07,Closed,Subcontractor,Architect,0,0,No,0,0,Yes,2,1,Yes,6,4
RFI-02312,PRJ-063,RFI-0014,Mechanical Coordination Conflict - Area C7,Mechanical,High,Coordination Conflict,2023-12-22,2023-12-27,2023-12-25,2023-12-25,2023-12-29,Closed,Subcontractor,Engineer,0,0,No,0,0,No,0,0,No,1,5
RFI-02313,PRJ-063,RFI-0015,Electrical Constructability - Area A9,Electrical,Medium,Constructability,2024-10-03,2024-10-15,2024-10-09,2024-10-09,,Answered,General Contractor,Owner Representative,0,0,No,0,0,No,0,0,No,5,5
RFI-02314,PRJ-063,RFI-0016,Electrical Design Clarification - Area E6,Electrical,Low,Design Clarification,2023-08-23,2023-09-08,2023-08-29,2023-08-29,,Answered,General Contractor,Engineer,0,0,No,0,0,Yes,3,2,No,1,5
RFI-02315,PRJ-063,RFI-0017,Structural Missing Information - Area B1,Structural,High,Missing Information,2024-04-30,2024-05-05,2024-05-05,2024-05-05,2024-05-07,Closed,Construction Manager,Engineer,0,0,No,0,0,No,0,0,No,5,5
RFI-02316,PRJ-063,RFI-0018,Structural Design Clarification - Area D6,Structural,Low,Design Clarification,2025-10-01,2025-10-14,2025-10-06,2025-10-06,,Answered,General Contractor,Engineer,0,0,No,0,0,No,0,0,No,6,5
RFI-02317,PRJ-063,RFI-0019,Structural Design Clarification - Area B9,Structural,Medium,Design Clarification,2023-11-27,2023-12-07,2023-12-06,,,Awaiting Designer,Subcontractor,Engineer,1,0,No,0,0,No,0,0,No,1,5
RFI-02318,PRJ-063,RFI-0020,Structural Coordination Conflict - Area D2,Structural,Medium,Coordination Conflict,2024-03-15,2024-03-27,2024-03-21,2024-03-21,2024-03-22,Closed,Subcontractor,Engineer,0,0,No,0,0,No,0,0,No,5,5
RFI-02319,PRJ-063,RFI-0021,Civil Missing Information - Area B4,Civil,Medium,Missing Information,2024-04-11,2024-04-23,2024-04-17,2024-04-17,2024-04-17,Closed,General Contractor,Engineer,0,0,No,0,0,No,0,0,No,1,5
RFI-02320,PRJ-063,RFI-0022,Mechanical Coordination Conflict - Area A6,Mechanical,High,Coordination Conflict,2024-11-17,2024-11-21,2024-11-23,2024-11-23,2024-11-23,Closed,General Contractor,Engineer,0,0,No,0,0,Yes,1,1,Yes,5,5
RFI-02321,PRJ-063,RFI-0023,Civil Coordination Conflict - Area C11,Civil,High,Coordination Conflict,2023-11-27,2023-12-01,2023-12-04,2023-12-06,,Answered,Construction Manager,Engineer,1,0,No,0,0,No,0,0,No,4,4
RFI-02322,PRJ-063,RFI-0024,Electrical Coordination Conflict - Area A7,Electrical,Medium,Coordination Conflict,2023-06-28,2023-07-10,2023-07-05,2023-07-05,2023-07-06,Closed,General Contractor,Engineer,0,0,Yes,108000,77000,No,0,0,Yes,5,5
RFI-02323,PRJ-063,RFI-0025,Mechanical Field Condition - Area B9,Mechanical,Medium,Field Condition,2023-12-22,2024-01-03,2023-12-30,2023-12-30,,Answered,General Contractor,Engineer,0,0,No,0,0,No,0,0,No,0,5
RFI-02324,PRJ-063,RFI-0026,Electrical Design Clarification - Area C3,Electrical,Low,Design Clarification,2025-05-14,2025-05-30,2025-05-21,2025-05-22,,Answered,Subcontractor,Engineer,1,0,No,0,0,No,0,0,No,3,5
RFI-02325,PRJ-063,RFI-0027,Structural Design Clarification - Area B9,Structural,Medium,Design Clarification,2024-03-31,2024-04-10,2024-04-02,2024-04-02,,Answered,Subcontractor,Engineer,0,0,No,0,0,No,0,0,No,2,5
RFI-02326,PRJ-063,RFI-0028,General Design Clarification - Area B10,General,Low,Design Clarification,2025-01-15,2025-01-29,2025-01-19,2025-01-19,2025-01-22,Closed,Subcontractor,Construction Manager,0,0,No,0,0,No,0,0,No,2,5
RFI-02327,PRJ-063,RFI-0029,General Design Clarification - Area A8,General,Medium,Design Clarification,2023-01-16,2023-01-28,2023-01-21,2023-01-21,2023-01-24,Closed,Subcontractor,Construction Manager,0,0,No,0,0,No,0,0,No,3,4
RFI-02328,PRJ-063,RFI-0030,Electrical Code Compliance - Area C2,Electrical,High,Code Compliance,2025-08-01,2025-08-07,2025-08-06,2025-08-06,2025-08-10,Closed,Construction Manager,Engineer,0,0,Yes,67000,84000,No,0,0,No,4,5
RFI-02329,PRJ-063,RFI-0031,Controls Missing Information - Area B3,Controls,Medium,Missing Information,2025-03-19,2025-03-30,2025-03-29,2025-03-29,2025-04-02,Closed,Construction Manager,Engineer,0,0,No,0,0,No,0,0,No,5,5
RFI-02330,PRJ-063,RFI-0032,Specialty Systems Constructability - Area C11,Specialty Systems,Medium,Constructability,2024-01-27,2024-02-05,2024-02-01,2024-02-01,2024-02-05,Closed,General Contractor,Design Manager,0,0,No,0,0,No,0,0,No,1,5
RFI-02331,PRJ-063,RFI-0033,Mechanical Coordination Conflict - Area C8,Mechanical,Medium,Coordination Conflict,2025-07-10,2025-07-20,2025-07-16,2025-07-16,2025-07-17,Closed,General Contractor,Engineer,0,0,No,0,0,No,0,0,No,1,5
RFI-02332,PRJ-063,RFI-0034,Specialty Systems Design Clarification - Area A8,Specialty Systems,High,Design Clarification,2024-11-15,2024-11-21,2024-11-21,2024-11-21,2024-11-21,Closed,Subcontractor,Design Manager,0,0,No,0,0,No,0,0,No,3,5
RFI-02333,PRJ-063,RFI-0035,Plumbing Design Clarification - Area B12,Plumbing,Medium,Design Clarification,2025-05-05,2025-05-16,2025-05-11,2025-05-13,,Answered,Subcontractor,Engineer,1,0,No,0,0,No,0,0,No,6,4
RFI-02334,PRJ-063,RFI-0036,Civil Design Clarification - Area E5,Civil,Medium,Design Clarification,2024-11-28,2024-12-09,2024-12-05,2024-12-05,,Answered,Subcontractor,Owner Representative,0,0,No,0,0,No,0,0,No,1,4
RFI-02335,PRJ-063,RFI-0037,Controls Design Clarification - Area C1,Controls,Critical,Design Clarification,2023-03-12,2023-03-14,2023-03-16,2023-03-16,,Answered,General Contractor,Engineer,0,0,Yes,42000,38000,No,0,0,Yes,1,5
RFI-02336,PRJ-063,RFI-0038,Civil Constructability - Area B12,Civil,Low,Constructability,2024-03-14,2024-03-27,2024-03-26,2024-03-27,2024-03-29,Closed,General Contractor,Engineer,1,0,No,0,0,No,0,0,No,4,5
RFI-02337,PRJ-063,RFI-0039,Architectural Missing Information - Area A8,Architectural,Medium,Missing Information,2023-07-10,2023-07-21,2023-07-15,2023-07-15,,Answered,General Contractor,Architect,0,0,No,0,0,Yes,1,1,No,5,4
RFI-02338,PRJ-064,RFI-0001,Structural Coordination Conflict - Area A1,Structural,Low,Coordination Conflict,2023-10-08,2023-10-23,2023-10-16,2023-10-16,2023-10-20,Closed,Construction Manager,Owner Representative,0,0,No,0,0,No,0,0,No,5,5
RFI-02339,PRJ-064,RFI-0002,Mechanical Design Clarification - Area C12,Mechanical,High,Design Clarification,2023-08-24,2023-08-31,2023-09-03,2023-09-03,2023-09-05,Closed,Subcontractor,Engineer,0,0,No,0,0,No,0,0,No,6,5
RFI-02340,PRJ-064,RFI-0003,General Missing Information - Area D3,General,Low,Missing Information,2023-01-23,2023-02-07,2023-02-06,2023-02-06,2023-02-07,Closed,Subcontractor,Construction Manager,0,0,Yes,9900,13000,No,0,0,Yes,0,5
RFI-02341,PRJ-064,RFI-0004,General Design Clarification - Area D3,General,Medium,Design Clarification,2023-12-06,2023-12-16,2023-12-19,2023-12-20,2023-12-23,Closed,Construction Manager,Construction Manager,1,0,No,0,0,No,0,0,No,5,5
RFI-02342,PRJ-064,RFI-0005,Mechanical Coordination Conflict - Area E7,Mechanical,High,Coordination Conflict,2024-07-13,2024-07-18,,,,Open,General Contractor,Engineer,0,0,No,0,0,No,0,0,No,5,5
RFI-02343,PRJ-064,RFI-0006,Controls Coordination Conflict - Area B7,Controls,Medium,Coordination Conflict,2023-05-10,2023-05-19,2023-05-19,2023-05-19,2023-05-23,Closed,General Contractor,Engineer,0,0,No,0,0,No,0,0,No,4,5
RFI-02344,PRJ-064,RFI-0007,Mechanical Constructability - Area E9,Mechanical,Medium,Constructability,2023-07-01,2023-07-13,2023-07-05,2023-07-05,,Answered,Subcontractor,Engineer,0,0,No,0,0,No,0,0,No,5,5
RFI-02345,PRJ-064,RFI-0008,Mechanical Coordination Conflict - Area A5,Mechanical,Medium,Coordination Conflict,2023-09-05,2023-09-16,,,,Open,General Contractor,Engineer,0,0,No,0,0,No,0,0,No,0,5
RFI-02346,PRJ-064,RFI-0009,Mechanical Coordination Conflict - Area A1,Mechanical,Medium,Coordination Conflict,2023-09-24,2023-10-05,2023-10-03,2023-10-05,2023-10-06,Closed,Subcontractor,Engineer,1,0,No,0,0,No,0,0,No,5,4
RFI-02347,PRJ-064,RFI-0010,Civil Design Clarification - Area E11,Civil,Medium,Design Clarification,2022-12-22,2023-01-01,2023-01-03,2023-01-03,2023-01-06,Closed,Subcontractor,Engineer,0,0,No,0,0,No,0,0,No,0,4
RFI-02348,PRJ-064,RFI-0011,Architectural Coordination Conflict - Area A2,Architectural,Medium,Coordination Conflict,2022-10-28,2022-11-06,2022-11-07,2022-11-07,2022-11-08,Closed,General Contractor,Architect,0,0,No,0,0,No,0,0,No,2,5
RFI-02349,PRJ-064,RFI-0012,Electrical Design Clarification - Area A8,Electrical,High,Design Clarification,2023-12-07,2023-12-14,2023-12-12,2023-12-12,,Answered,Construction Manager,Engineer,0,0,No,0,0,No,0,0,No,6,5
RFI-02350,PRJ-064,RFI-0013,Mechanical Coordination Conflict - Area D5,Mechanical,Low,Coordination Conflict,2024-04-09,2024-04-24,2024-04-21,,,In Review,General Contractor,Engineer,0,0,No,0,0,No,0,0,No,3,5
RFI-02351,PRJ-064,RFI-0014,Controls Design Clarification - Area C1,Controls,High,Design Clarification,2024-07-26,2024-07-30,2024-08-04,2024-08-04,2024-08-04,Closed,General Contractor,Engineer,0,0,Yes,43000,62000,No,0,0,No,2,5
RFI-02352,PRJ-064,RFI-0015,General Constructability - Area D11,General,Low,Constructability,2024-05-03,2024-05-16,2024-05-11,2024-05-11,,Answered,General Contractor,Construction Manager,0,0,No,0,0,No,0,0,No,3,5
RFI-02353,PRJ-064,RFI-0016,Architectural Code Compliance - Area D1,Architectural,Medium,Code Compliance,2023-10-12,2023-10-24,2023-10-19,2023-10-19,2023-10-21,Closed,Subcontractor,Architect,0,0,No,0,0,No,0,0,No,3,5
RFI-02354,PRJ-064,RFI-0017,Civil Substitution Request - Area D11,Civil,High,Substitution Request,2023-08-28,2023-09-04,2023-09-01,2023-09-01,,Answered,Subcontractor,Engineer,0,0,No,0,0,No,0,0,No,2,5
RFI-02355,PRJ-064,RFI-0018,General Substitution Request - Area B2,General,High,Substitution Request,2024-05-24,2024-05-30,2024-06-03,2024-06-03,2024-06-04,Closed,Subcontractor,Construction Manager,0,0,No,0,0,Yes,12,16,No,3,4
RFI-02356,PRJ-064,RFI-0019,Electrical Coordination Conflict - Area B10,Electrical,Medium,Coordination Conflict,2023-07-29,2023-08-09,2023-08-17,2023-08-17,2023-08-20,Closed,General Contractor,Engineer,0,1,No,0,0,No,0,0,No,3,4
RFI-02357,PRJ-064,RFI-0020,Specialty Systems Missing Information - Area E8,Specialty Systems,High,Missing Information,2023-01-08,2023-01-14,2023-01-18,2023-01-18,,Answered,General Contractor,Design Manager,0,0,No,0,0,No,0,0,No,6,5
RFI-02358,PRJ-064,RFI-0021,Civil Missing Information - Area B2,Civil,Medium,Missing Information,2022-12-14,2022-12-25,2022-12-25,2022-12-25,2022-12-25,Closed,Subcontractor,Engineer,0,0,No,0,0,No,0,0,No,5,5
RFI-02359,PRJ-064,RFI-0022,Mechanical Coordination Conflict - Area A2,Mechanical,Low,Coordination Conflict,2024-02-03,2024-02-19,2024-02-13,2024-02-16,2024-02-19,Closed,General Contractor,Engineer,1,0,No,0,0,No,0,0,No,0,4
RFI-02360,PRJ-064,RFI-0023,Mechanical Code Compliance - Area A7,Mechanical,Low,Code Compliance,2024-05-15,2024-05-31,2024-06-12,2024-06-12,2024-06-15,Closed,General Contractor,Engineer,0,0,No,0,0,No,0,0,No,5,4
RFI-02361,PRJ-064,RFI-0024,General Design Clarification - Area A4,General,Critical,Design Clarification,2024-04-10,2024-04-13,2024-04-14,2024-04-14,2024-04-17,Closed,Subcontractor,Construction Manager,0,0,No,0,0,No,0,0,No,4,5
RFI-02362,PRJ-064,RFI-0025,Specialty Systems Missing Information - Area B9,Specialty Systems,Low,Missing Information,2023-06-12,2023-06-27,2023-07-10,2023-07-10,2023-07-14,Closed,Subcontractor,Design Manager,0,1,No,0,0,No,0,0,No,2,3
RFI-02363,PRJ-064,RFI-0026,Civil Substitution Request - Area C9,Civil,Low,Substitution Request,2023-05-27,2023-06-09,2023-06-01,2023-06-01,2023-06-02,Closed,Subcontractor,Engineer,0,0,No,0,0,No,0,0,No,0,5
RFI-02364,PRJ-064,RFI-0027,Structural Constructability - Area B9,Structural,Low,Constructability,2023-07-05,2023-07-20,2023-07-20,,,In Review,General Contractor,Engineer,0,0,No,0,0,No,0,0,No,2,5
RFI-02365,PRJ-064,RFI-0028,Plumbing Missing Information - Area B10,Plumbing,Low,Missing Information,2023-02-22,2023-03-10,2023-03-01,2023-03-01,2023-03-05,Closed,Subcontractor,Engineer,0,0,No,0,0,No,0,0,No,6,5
RFI-02366,PRJ-064,RFI-0029,Fire Protection Missing Information - Area A1,Fire Protection,Medium,Missing Information,2023-02-13,2023-02-23,2023-02-26,2023-02-26,2023-02-28,Closed,General Contractor,Engineer,0,0,No,0,0,No,0,0,No,0,5
RFI-02367,PRJ-064,RFI-0030,Civil Design Clarification - Area B6,Civil,Medium,Design Clarification,2024-07-28,2024-08-06,2024-08-15,2024-08-15,2024-08-19,Closed,Subcontractor,Engineer,0,0,No,0,0,No,0,0,No,1,5
RFI-02368,PRJ-064,RFI-0031,Electrical Field Condition - Area B11,Electrical,Medium,Field Condition,2024-07-23,2024-08-01,2024-07-31,2024-07-31,,Answered,General Contractor,Engineer,0,0,Yes,17000,17000,Yes,2,1,Yes,4,5
RFI-02369,PRJ-064,RFI-0032,Structural Coordination Conflict - Area E10,Structural,Low,Coordination Conflict,2024-07-30,2024-08-12,,,,In Review,Subcontractor,Engineer,0,0,Yes,3700,4600,No,0,0,No,1,5
RFI-02370,PRJ-065,RFI-0001,Civil Design Clarification - Area E10,Civil,Medium,Design Clarification,2023-11-20,2023-12-01,2023-11-23,2023-11-23,,Answered,Subcontractor,Owner Representative,0,0,No,0,0,No,0,0,No,3,4
RFI-02371,PRJ-065,RFI-0002,Civil Substitution Request - Area C4,Civil,Medium,Substitution Request,2023-10-12,2023-10-24,2023-10-19,2023-10-19,2023-10-22,Closed,General Contractor,Engineer,0,0,No,0,0,No,0,0,No,5,5
RFI-02372,PRJ-065,RFI-0003,Architectural Code Compliance - Area A7,Architectural,Medium,Code Compliance,2023-11-20,2023-11-29,2023-12-02,2023-12-02,2023-12-04,Closed,Construction Manager,Architect,0,1,No,0,0,No,0,0,No,6,5
RFI-02373,PRJ-065,RFI-0004,Architectural Coordination Conflict - Area B10,Architectural,Medium,Coordination Conflict,2024-04-01,2024-04-11,2024-04-11,,,In Review,Subcontractor,Owner Representative,1,0,No,0,0,No,0,0,No,6,4
RFI-02374,PRJ-065,RFI-0005,Electrical Coordination Conflict - Area C8,Electrical,Low,Coordination Conflict,2024-04-13,2024-04-28,2024-04-25,2024-04-27,,Answered,Subcontractor,Engineer,1,0,No,0,0,No,0,0,No,5,4
RFI-02375,PRJ-065,RFI-0006,Civil Constructability - Area A1,Civil,Medium,Constructability,2023-08-12,2023-08-24,,,,Awaiting Designer,Subcontractor,Engineer,0,0,No,0,0,No,0,0,No,6,5
RFI-02376,PRJ-065,RFI-0007,Civil Field Condition - Area E12,Civil,Medium,Field Condition,2024-05-04,2024-05-16,2024-05-08,2024-05-08,2024-05-10,Closed,Subcontractor,Engineer,0,0,No,0,0,Yes,2,2,Yes,2,5
RFI-02377,PRJ-065,RFI-0008,Controls Field Condition - Area E4,Controls,Medium,Field Condition,2024-07-24,2024-08-04,2024-07-29,2024-07-29,,Answered,General Contractor,Owner Representative,0,0,No,0,0,No,0,0,No,1,5
RFI-02378,PRJ-065,RFI-0009,Electrical Missing Information - Area C3,Electrical,Medium,Missing Information,2024-09-22,2024-10-01,2024-09-26,2024-09-26,2024-09-26,Closed,Subcontractor,Engineer,0,0,Yes,16000,17000,No,0,0,No,3,5
RFI-02379,PRJ-065,RFI-0010,Architectural Coordination Conflict - Area B8,Architectural,High,Coordination Conflict,2024-03-12,2024-03-19,,,,Awaiting Designer,Subcontractor,Architect,0,0,No,0,0,No,0,0,No,6,5
RFI-02380,PRJ-065,RFI-0011,Electrical Coordination Conflict - Area A8,Electrical,High,Coordination Conflict,2023-12-20,2023-12-27,2023-12-23,2023-12-23,2023-12-23,Closed,General Contractor,Engineer,0,0,No,0,0,No,0,0,No,4,5
RFI-02381,PRJ-065,RFI-0012,Structural Code Compliance - Area A1,Structural,Medium,Code Compliance,2023-08-18,2023-08-29,2023-08-20,2023-08-20,2023-08-20,Closed,General Contractor,Engineer,0,0,No,0,0,No,0,0,No,0,5
RFI-02382,PRJ-065,RFI-0013,Structural Constructability - Area A7,Structural,Medium,Constructability,2023-09-05,2023-09-15,2023-09-08,2023-09-08,,Answered,Subcontractor,Engineer,0,0,No,0,0,Yes,7,10,No,2,5
RFI-02383,PRJ-065,RFI-0014,Specialty Systems Coordination Conflict - Area E8,Specialty Systems,Medium,Coordination Conflict,2024-04-29,2024-05-09,2024-05-05,2024-05-05,2024-05-07,Closed,Subcontractor,Design Manager,0,0,No,0,0,No,0,0,No,5,5
RFI-02384,PRJ-065,RFI-0015,Plumbing Design Clarification - Area C4,Plumbing,Medium,Design Clarification,2023-11-26,2023-12-06,2023-11-30,,,Awaiting Owner,General Contractor,Engineer,0,0,No,0,0,No,0,0,No,2,5
RFI-02385,PRJ-065,RFI-0016,Plumbing Design Clarification - Area D12,Plumbing,High,Design Clarification,2023-09-02,2023-09-09,2023-09-04,,,Returned for Clarification,General Contractor,Engineer,0,0,No,0,0,No,0,0,No,3,5
RFI-02386,PRJ-065,RFI-0017,Electrical Missing Information - Area C2,Electrical,Medium,Missing Information,2023-12-07,2023-12-19,2023-12-11,2023-12-11,2023-12-13,Closed,Construction Manager,Engineer,0,0,No,0,0,Yes,1,1,Yes,5,5
RFI-02387,PRJ-065,RFI-0018,Structural Coordination Conflict - Area E6,Structural,Low,Coordination Conflict,2023-10-28,2023-11-12,2023-11-03,2023-11-03,2023-11-04,Closed,Construction Manager,Engineer,0,0,No,0,0,No,0,0,No,0,5
RFI-02388,PRJ-065,RFI-0019,Structural Coordination Conflict - Area B8,Structural,Medium,Coordination Conflict,2024-10-25,2024-11-06,,,,Awaiting Owner,General Contractor,Engineer,0,0,No,0,0,No,0,0,No,5,4
RFI-02389,PRJ-065,RFI-0020,Fire Protection Design Clarification - Area B7,Fire Protection,High,Design Clarification,2024-03-18,2024-03-24,2024-03-19,2024-03-19,,Answered,General Contractor,Engineer,0,0,No,0,0,No,0,0,No,2,4
RFI-02390,PRJ-065,RFI-0021,Specialty Systems Missing Information - Area E7,Specialty Systems,Medium,Missing Information,2024-01-03,2024-01-15,2024-01-07,2024-01-07,2024-01-09,Closed,Subcontractor,Design Manager,0,0,No,0,0,No,0,0,No,0,5
RFI-02391,PRJ-065,RFI-0022,Mechanical Missing Information - Area A10,Mechanical,Medium,Missing Information,2024-04-26,2024-05-05,2024-05-06,2024-05-10,,Answered,Subcontractor,Engineer,1,0,No,0,0,No,0,0,No,4,5
RFI-02392,PRJ-065,RFI-0023,Structural Coordination Conflict - Area A11,Structural,High,Coordination Conflict,2023-10-11,2023-10-16,2023-10-14,2023-10-14,2023-10-14,Closed,General Contractor,Engineer,0,0,Yes,23000,20000,No,0,0,Yes,1,5
RFI-02393,PRJ-065,RFI-0024,Controls Substitution Request - Area D2,Controls,High,Substitution Request,2023-08-30,2023-09-05,2023-09-02,2023-09-02,2023-09-05,Closed,Subcontractor,Engineer,0,0,No,0,0,No,0,0,No,0,4
RFI-02394,PRJ-065,RFI-0025,Structural Coordination Conflict - Area C11,Structural,High,Coordination Conflict,2023-09-25,2023-09-29,2023-09-27,2023-09-27,2023-09-28,Closed,General Contractor,Owner Representative,0,0,No,0,0,Yes,2,1,Yes,6,5
RFI-02395,PRJ-065,RFI-0026,Plumbing Design Clarification - Area D6,Plumbing,High,Design Clarification,2023-12-04,2023-12-08,,,,In Review,Construction Manager,Engineer,0,0,No,0,0,No,0,0,No,0,5
RFI-02396,PRJ-065,RFI-0027,Structural Design Clarification - Area C2,Structural,Medium,Design Clarification,2024-05-25,2024-06-04,2024-05-31,2024-06-03,2024-06-07,Closed,Construction Manager,Owner Representative,1,0,No,0,0,No,0,0,No,6,5
RFI-02397,PRJ-065,RFI-0028,Electrical Design Clarification - Area B10,Electrical,Medium,Design Clarification,2023-08-24,2023-09-05,2023-08-28,2023-08-28,2023-08-29,Closed,Subcontractor,Engineer,0,0,No,0,0,No,0,0,No,5,5
RFI-02398,PRJ-065,RFI-0029,Civil Design Clarification - Area A4,Civil,High,Design Clarification,2024-07-07,2024-07-11,2024-07-11,2024-07-11,,Answered,General Contractor,Owner Representative,0,0,No,0,0,No,0,0,No,5,4
RFI-02399,PRJ-066,RFI-0001,General Design Clarification - Area E11,General,Medium,Design Clarification,2023-04-09,2023-04-18,2023-04-13,2023-04-13,2023-04-17,Closed,General Contractor,Construction Manager,0,0,No,0,0,No,0,0,No,2,5
RFI-02400,PRJ-066,RFI-0002,Mechanical Constructability - Area D10,Mechanical,Medium,Constructability,2023-11-26,2023-12-05,2023-12-02,2023-12-04,2023-12-04,Closed,Subcontractor,Engineer,1,0,No,0,0,No,0,0,No,4,5
RFI-02401,PRJ-066,RFI-0003,Plumbing Missing Information - Area A11,Plumbing,Critical,Missing Information,2024-06-08,2024-06-12,2024-06-19,2024-06-23,2024-06-27,Closed,General Contractor,Engineer,1,0,No,0,0,No,0,0,No,3,3
RFI-02402,PRJ-066,RFI-0004,Architectural Constructability - Area B2,Architectural,High,Constructability,2022-12-25,2022-12-30,2022-12-29,2022-12-29,2022-12-31,Closed,General Contractor,Owner Representative,0,0,No,0,0,No,0,0,No,2,5
RFI-02403,PRJ-066,RFI-0005,Controls Coordination Conflict - Area B5,Controls,Medium,Coordination Conflict,2023-03-12,2023-03-22,,,,Awaiting Owner,Construction Manager,Engineer,0,0,No,0,0,No,0,0,No,5,5
RFI-02404,PRJ-066,RFI-0006,Mechanical Design Clarification - Area C10,Mechanical,Low,Design Clarification,2024-01-22,2024-02-07,2024-01-28,2024-01-28,2024-01-30,Closed,Subcontractor,Engineer,0,0,No,0,0,No,0,0,No,3,5
RFI-02405,PRJ-066,RFI-0007,Controls Design Clarification - Area A4,Controls,Low,Design Clarification,2023-04-21,2023-05-06,2023-04-28,2023-04-28,2023-04-30,Closed,Construction Manager,Engineer,0,0,No,0,0,No,0,0,No,3,4
RFI-02406,PRJ-066,RFI-0008,Mechanical Design Clarification - Area B10,Mechanical,Medium,Design Clarification,2024-03-26,2024-04-04,2024-04-07,2024-04-11,,Answered,Subcontractor,Engineer,1,0,No,0,0,No,0,0,No,5,4
RFI-02407,PRJ-066,RFI-0009,Plumbing Constructability - Area E5,Plumbing,Critical,Constructability,2024-10-05,2024-10-07,2024-10-10,2024-10-10,2024-10-12,Closed,General Contractor,Engineer,0,0,No,0,0,No,0,0,No,1,4
RFI-02408,PRJ-066,RFI-0010,Civil Constructability - Area E3,Civil,High,Constructability,2023-04-09,2023-04-15,2023-04-16,2023-04-16,,Answered,Subcontractor,Engineer,0,0,No,0,0,No,0,0,No,6,5
RFI-02409,PRJ-066,RFI-0011,Mechanical Design Clarification - Area C9,Mechanical,High,Design Clarification,2024-06-07,2024-06-14,2024-06-10,2024-06-10,,Answered,General Contractor,Engineer,0,0,No,0,0,No,0,0,No,1,5
RFI-02410,PRJ-066,RFI-0012,Electrical Design Clarification - Area E12,Electrical,High,Design Clarification,2024-08-02,2024-08-07,2024-08-08,2024-08-08,,Answered,General Contractor,Engineer,0,0,No,0,0,No,0,0,No,4,5
RFI-02411,PRJ-066,RFI-0013,Structural Design Clarification - Area D9,Structural,Medium,Design Clarification,2023-03-12,2023-03-22,2023-03-19,2023-03-19,2023-03-21,Closed,Subcontractor,Engineer,0,0,No,0,0,No,0,0,No,6,5
RFI-02412,PRJ-066,RFI-0014,Specialty Systems Missing Information - Area D7,Specialty Systems,High,Missing Information,2023-03-03,2023-03-08,2023-03-08,,,In Review,General Contractor,Design Manager,0,0,No,0,0,No,0,0,No,0,5
RFI-02413,PRJ-066,RFI-0015,Fire Protection Constructability - Area A8,Fire Protection,Medium,Constructability,2024-11-05,2024-11-14,2024-11-11,2024-11-11,2024-11-14,Closed,Subcontractor,Engineer,0,0,No,0,0,No,0,0,No,4,5
RFI-02414,PRJ-066,RFI-0016,Mechanical Field Condition - Area E7,Mechanical,High,Field Condition,2023-02-13,2023-02-17,2023-02-19,2023-02-19,2023-02-23,Closed,Subcontractor,Engineer,0,0,No,0,0,No,0,0,No,4,5
RFI-02415,PRJ-066,RFI-0017,Specialty Systems Missing Information - Area B6,Specialty Systems,Medium,Missing Information,2024-06-28,2024-07-08,2024-07-05,2024-07-05,,Answered,General Contractor,Design Manager,0,0,No,0,0,No,0,0,No,2,4
RFI-02416,PRJ-066,RFI-0018,Electrical Coordination Conflict - Area A1,Electrical,Medium,Coordination Conflict,2024-06-08,2024-06-19,2024-06-18,2024-06-18,,Answered,General Contractor,Engineer,0,0,No,0,0,No,0,0,No,3,4
RFI-02417,PRJ-066,RFI-0019,Electrical Design Clarification - Area B1,Electrical,High,Design Clarification,2024-01-16,2024-01-20,2024-01-24,2024-01-24,2024-01-27,Closed,General Contractor,Engineer,0,0,No,0,0,No,0,0,No,4,5
RFI-02418,PRJ-066,RFI-0020,Mechanical Coordination Conflict - Area D9,Mechanical,Medium,Coordination Conflict,2024-05-10,2024-05-19,2024-05-15,2024-05-15,2024-05-18,Closed,General Contractor,Engineer,0,0,No,0,0,No,0,0,No,0,5
RFI-02419,PRJ-066,RFI-0021,Mechanical Coordination Conflict - Area D9,Mechanical,Medium,Coordination Conflict,2024-06-25,2024-07-06,,,,Awaiting Designer,General Contractor,Owner Representative,0,0,Yes,118000,159000,No,0,0,Yes,5,5
RFI-02420,PRJ-066,RFI-0022,Electrical Coordination Conflict - Area A5,Electrical,High,Coordination Conflict,2023-07-01,2023-07-08,2023-07-10,2023-07-10,2023-07-11,Closed,General Contractor,Engineer,0,0,No,0,0,No,0,0,No,5,5
RFI-02421,PRJ-066,RFI-0023,Mechanical Design Clarification - Area B3,Mechanical,High,Design Clarification,2023-11-07,2023-11-13,2023-11-16,2023-11-16,,Answered,General Contractor,Owner Representative,0,0,No,0,0,No,0,0,No,4,5
RFI-02422,PRJ-066,RFI-0024,Architectural Substitution Request - Area E11,Architectural,Medium,Substitution Request,2024-01-01,2024-01-10,2024-01-05,2024-01-05,2024-01-05,Closed,Subcontractor,Architect,0,0,No,0,0,No,0,0,No,3,5
RFI-02423,PRJ-066,RFI-0025,General Design Clarification - Area A12,General,Medium,Design Clarification,2024-09-12,2024-09-23,2024-09-15,2024-09-15,2024-09-19,Closed,General Contractor,Owner Representative,0,0,No,0,0,No,0,0,No,3,5
RFI-02424,PRJ-066,RFI-0026,Structural Missing Information - Area A1,Structural,High,Missing Information,2022-12-21,2022-12-26,2022-12-28,2023-01-01,2023-01-02,Closed,General Contractor,Engineer,1,0,No,0,0,No,0,0,No,3,3
RFI-02425,PRJ-066,RFI-0027,Mechanical Constructability - Area D2,Mechanical,Medium,Constructability,2024-06-03,2024-06-12,2024-06-06,2024-06-06,2024-06-06,Closed,Subcontractor,Engineer,0,0,No,0,0,No,0,0,No,1,5
RFI-02426,PRJ-066,RFI-0028,Mechanical Substitution Request - Area E1,Mechanical,Medium,Substitution Request,2024-04-07,2024-04-18,2024-04-12,2024-04-12,2024-04-12,Closed,Construction Manager,Engineer,0,0,No,0,0,No,0,0,No,2,4
RFI-02427,PRJ-066,RFI-0029,Electrical Missing Information - Area C2,Electrical,High,Missing Information,2023-05-01,2023-05-05,2023-05-08,2023-05-08,2023-05-08,Closed,General Contractor,Engineer,0,0,No,0,0,No,0,0,No,6,5
RFI-02428,PRJ-066,RFI-0030,Architectural Coordination Conflict - Area A11,Architectural,Medium,Coordination Conflict,2023-03-29,2023-04-10,2023-04-01,2023-04-01,2023-04-04,Closed,Subcontractor,Owner Representative,0,0,No,0,0,No,0,0,No,1,5
RFI-02429,PRJ-066,RFI-0031,Mechanical Design Clarification - Area C7,Mechanical,High,Design Clarification,2023-04-05,2023-04-10,2023-04-11,2023-04-11,2023-04-11,Closed,Subcontractor,Engineer,0,0,No,0,0,No,0,0,No,5,4
RFI-02430,PRJ-066,RFI-0032,Architectural Missing Information - Area B1,Architectural,Medium,Missing Information,2023-07-05,2023-07-14,2023-07-07,2023-07-07,2023-07-08,Closed,Subcontractor,Architect,0,0,No,0,0,No,0,0,No,6,5
RFI-02431,PRJ-066,RFI-0033,Controls Field Condition - Area D9,Controls,Medium,Field Condition,2024-10-09,2024-10-21,2024-10-14,2024-10-14,2024-10-18,Closed,General Contractor,Engineer,0,0,No,0,0,No,0,0,No,2,5
RFI-02432,PRJ-066,RFI-0034,Structural Design Clarification - Area D6,Structural,Medium,Design Clarification,2024-02-15,2024-02-24,2024-02-27,2024-02-29,2024-03-01,Closed,Subcontractor,Owner Representative,1,0,No,0,0,No,0,0,No,4,4
RFI-02433,PRJ-066,RFI-0035,Controls Coordination Conflict - Area C10,Controls,High,Coordination Conflict,2024-06-14,2024-06-19,2024-06-18,2024-06-18,,Answered,General Contractor,Engineer,0,0,No,0,0,No,0,0,No,4,5
RFI-02434,PRJ-067,RFI-0001,General Missing Information - Area E6,General,Medium,Missing Information,2022-02-26,2022-03-09,2022-03-05,2022-03-05,2022-03-09,Closed,Subcontractor,Construction Manager,0,0,Yes,9000,6900,No,0,0,Yes,2,5
RFI-02435,PRJ-067,RFI-0002,Controls Constructability - Area B12,Controls,High,Constructability,2022-07-01,2022-07-07,2022-07-25,2022-07-29,,Answered,Subcontractor,Engineer,1,1,Yes,69000,56000,No,0,0,Yes,5,1
RFI-02436,PRJ-067,RFI-0003,Architectural Missing Information - Area C9,Architectural,Medium,Missing Information,2023-04-19,2023-04-30,2023-05-01,2023-05-01,2023-05-01,Closed,Subcontractor,Architect,0,0,No,0,0,No,0,0,No,5,5
RFI-02437,PRJ-067,RFI-0004,Architectural Field Condition - Area A2,Architectural,Medium,Field Condition,2022-01-24,2022-02-05,2022-02-23,2022-02-23,2022-02-25,Closed,General Contractor,Architect,0,0,Yes,117000,162000,No,0,0,Yes,3,3
RFI-02438,PRJ-067,RFI-0005,Structural Field Condition - Area B7,Structural,Medium,Field Condition,2023-01-29,2023-02-07,2023-03-05,2023-03-06,2023-03-06,Closed,General Contractor,Engineer,1,0,No,0,0,No,0,0,No,3,2
RFI-02439,PRJ-067,RFI-0006,Mechanical Missing Information - Area A5,Mechanical,Medium,Missing Information,2023-01-12,2023-01-22,2023-02-04,2023-02-08,2023-02-12,Closed,Subcontractor,Engineer,1,0,No,0,0,No,0,0,No,4,3
RFI-02440,PRJ-067,RFI-0007,General Substitution Request - Area E3,General,Low,Substitution Request,2023-03-06,2023-03-20,2023-03-27,2023-03-30,2023-03-31,Closed,Construction Manager,Construction Manager,1,0,No,0,0,Yes,2,2,Yes,3,2
RFI-02441,PRJ-067,RFI-0008,Mechanical Missing Information - Area B10,Mechanical,Medium,Missing Information,2022-05-16,2022-05-25,2022-06-19,2022-06-22,2022-06-24,Closed,Construction Manager,Owner Representative,1,0,Yes,11000,16000,No,0,0,Yes,6,3
RFI-02442,PRJ-067,RFI-0009,Structural Coordination Conflict - Area B2,Structural,Medium,Coordination Conflict,2022-04-04,2022-04-13,2022-04-20,2022-04-20,2022-04-20,Closed,Subcontractor,Engineer,0,0,Yes,20000,19000,No,0,0,Yes,2,5
RFI-02443,PRJ-067,RFI-0010,Mechanical Design Clarification - Area A10,Mechanical,Medium,Design Clarification,2023-05-01,2023-05-13,2023-05-31,,,Awaiting Designer,Subcontractor,Engineer,2,0,No,0,0,Yes,3,4,Yes,4,1
RFI-02444,PRJ-067,RFI-0011,Mechanical Coordination Conflict - Area D8,Mechanical,Critical,Coordination Conflict,2022-09-23,2022-09-27,2022-10-13,2022-10-13,2022-10-15,Closed,Construction Manager,Engineer,0,0,No,0,0,Yes,3,2,Yes,1,4
RFI-02445,PRJ-067,RFI-0012,Electrical Design Clarification - Area A1,Electrical,Medium,Design Clarification,2022-02-24,2022-03-05,,,,Open,Subcontractor,Owner Representative,0,0,No,0,0,No,0,0,No,0,5
RFI-02446,PRJ-067,RFI-0013,Architectural Field Condition - Area D3,Architectural,Medium,Field Condition,2022-06-29,2022-07-10,2022-07-14,2022-07-14,2022-07-18,Closed,Subcontractor,Architect,0,0,No,0,0,Yes,2,2,Yes,4,5
RFI-02447,PRJ-067,RFI-0014,Fire Protection Constructability - Area C3,Fire Protection,High,Constructability,2023-03-14,2023-03-20,2023-03-25,2023-03-25,,Answered,General Contractor,Engineer,0,0,No,0,0,No,0,0,No,4,3
RFI-02448,PRJ-067,RFI-0015,Electrical Design Clarification - Area A8,Electrical,Medium,Design Clarification,2023-07-16,2023-07-27,2023-07-24,2023-07-24,2023-07-28,Closed,General Contractor,Engineer,0,0,No,0,0,No,0,0,No,6,5
RFI-02449,PRJ-067,RFI-0016,Structural Field Condition - Area E5,Structural,High,Field Condition,2023-04-11,2023-04-17,2023-04-30,2023-05-02,,Answered,General Contractor,Engineer,1,0,Yes,27000,26000,Yes,5,6,Yes,5,3
RFI-02450,PRJ-067,RFI-0017,Architectural Coordination Conflict - Area E11,Architectural,Critical,Coordination Conflict,2022-07-16,2022-07-21,2022-07-22,2022-07-22,,Answered,General Contractor,Owner Representative,0,0,No,0,0,No,0,0,No,6,5
RFI-02451,PRJ-067,RFI-0018,Architectural Coordination Conflict - Area D4,Architectural,High,Coordination Conflict,2022-07-16,2022-07-23,2022-08-06,2022-08-06,,Answered,General Contractor,Architect,0,0,No,0,0,Yes,4,3,Yes,6,4
RFI-02452,PRJ-067,RFI-0019,Electrical Design Clarification - Area B11,Electrical,Low,Design Clarification,2022-06-21,2022-07-05,2022-07-09,2022-07-12,,Answered,Subcontractor,Owner Representative,1,0,No,0,0,No,0,0,No,3,3
RFI-02453,PRJ-067,RFI-0020,Mechanical Coordination Conflict - Area E4,Mechanical,Low,Coordination Conflict,2023-03-24,2023-04-06,2023-04-05,,,In Review,General Contractor,Engineer,0,0,No,0,0,No,0,0,No,5,5
RFI-02454,PRJ-067,RFI-0021,Mechanical Constructability - Area C12,Mechanical,Medium,Constructability,2022-12-28,2023-01-08,2023-01-15,2023-01-15,,Answered,Construction Manager,Engineer,0,1,Yes,26000,26000,No,0,0,No,6,3
RFI-02455,PRJ-067,RFI-0022,Structural Missing Information - Area E8,Structural,High,Missing Information,2022-12-22,2022-12-29,2023-01-09,2023-01-09,2023-01-11,Closed,Subcontractor,Engineer,0,0,Yes,20000,27000,Yes,3,4,No,5,4
RFI-02456,PRJ-067,RFI-0023,General Coordination Conflict - Area D1,General,Medium,Coordination Conflict,2022-06-24,2022-07-06,2022-07-01,2022-07-01,2022-07-01,Closed,General Contractor,Construction Manager,0,0,No,0,0,No,0,0,No,6,5
RFI-02457,PRJ-067,RFI-0024,Architectural Design Clarification - Area B3,Architectural,High,Design Clarification,2022-09-29,2022-10-06,2022-10-09,2022-10-09,,Answered,Subcontractor,Owner Representative,0,0,No,0,0,No,0,0,No,5,5
RFI-02458,PRJ-067,RFI-0025,Civil Design Clarification - Area A2,Civil,Low,Design Clarification,2022-10-31,2022-11-14,2022-11-23,2022-11-26,2022-11-30,Closed,Subcontractor,Engineer,1,0,No,0,0,No,0,0,No,2,3
RFI-02459,PRJ-067,RFI-0026,Mechanical Coordination Conflict - Area B2,Mechanical,Medium,Coordination Conflict,2022-10-12,2022-10-23,2022-10-23,2022-10-23,2022-10-24,Closed,General Contractor,Owner Representative,0,0,No,0,0,No,0,0,No,4,5
RFI-02460,PRJ-067,RFI-0027,Architectural Field Condition - Area D7,Architectural,Low,Field Condition,2022-07-16,2022-08-01,2022-07-27,2022-07-27,,Answered,General Contractor,Architect,0,0,No,0,0,Yes,1,1,Yes,1,3
RFI-02461,PRJ-067,RFI-0028,Mechanical Design Clarification - Area B11,Mechanical,Medium,Design Clarification,2022-06-14,2022-06-23,2022-07-10,2022-07-11,2022-07-14,Closed,Subcontractor,Engineer,1,0,Yes,68000,60000,No,0,0,No,6,3
RFI-02462,PRJ-067,RFI-0029,Plumbing Design Clarification - Area D2,Plumbing,Critical,Design Clarification,2022-06-11,2022-06-13,,,,In Review,Subcontractor,Engineer,0,0,No,0,0,No,0,0,No,3,5
RFI-02463,PRJ-067,RFI-0030,General Code Compliance - Area C1,General,High,Code Compliance,2023-03-16,2023-03-21,2023-04-01,2023-04-01,,Answered,General Contractor,Construction Manager,0,0,No,0,0,Yes,3,2,Yes,0,4
RFI-02464,PRJ-067,RFI-0031,Fire Protection Design Clarification - Area D7,Fire Protection,High,Design Clarification,2022-11-09,2022-11-16,2022-12-31,2022-12-31,,Answered,General Contractor,Engineer,0,0,Yes,106000,124000,Yes,5,6,Yes,4,2
RFI-02465,PRJ-067,RFI-0032,Controls Design Clarification - Area A12,Controls,Low,Design Clarification,2023-03-16,2023-03-30,2023-03-24,2023-03-24,2023-03-25,Closed,Subcontractor,Engineer,0,0,No,0,0,No,0,0,No,0,5
RFI-02466,PRJ-067,RFI-0033,Architectural Missing Information - Area A2,Architectural,Medium,Missing Information,2022-06-20,2022-06-30,2022-06-28,2022-06-28,2022-07-02,Closed,General Contractor,Architect,0,0,No,0,0,No,0,0,No,0,4
RFI-02467,PRJ-067,RFI-0034,Architectural Coordination Conflict - Area D11,Architectural,Critical,Coordination Conflict,2022-12-18,2022-12-22,2022-12-31,2022-12-31,,Answered,Subcontractor,Architect,0,0,Yes,8800,8100,No,0,0,No,6,4
RFI-02468,PRJ-067,RFI-0035,Structural Design Clarification - Area A4,Structural,High,Design Clarification,2022-04-20,2022-04-24,2022-05-22,2022-05-23,,Answered,General Contractor,Engineer,1,0,No,0,0,Yes,11,13,Yes,0,2
RFI-02469,PRJ-067,RFI-0036,Architectural Constructability - Area A7,Architectural,Medium,Constructability,2022-04-25,2022-05-07,2022-05-03,2022-05-03,2022-05-03,Closed,General Contractor,Architect,0,0,No,0,0,Yes,4,2,Yes,2,4
RFI-02470,PRJ-068,RFI-0001,Plumbing Missing Information - Area C1,Plumbing,Medium,Missing Information,2023-05-17,2023-05-29,2023-05-23,2023-05-23,2023-05-25,Closed,Construction Manager,Engineer,0,0,Yes,15000,14000,No,0,0,Yes,5,3
RFI-02471,PRJ-068,RFI-0002,Fire Protection Design Clarification - Area A9,Fire Protection,Medium,Design Clarification,2023-06-19,2023-06-28,2023-06-25,2023-06-25,,Answered,General Contractor,Owner Representative,0,0,No,0,0,No,0,0,No,1,5
RFI-02472,PRJ-068,RFI-0003,General Design Clarification - Area E4,General,Medium,Design Clarification,2023-07-25,2023-08-03,2023-07-30,2023-07-30,,Answered,Construction Manager,Construction Manager,0,0,No,0,0,Yes,14,20,Yes,1,5
RFI-02473,PRJ-068,RFI-0004,Civil Constructability - Area B3,Civil,Medium,Constructability,2024-01-21,2024-02-02,2024-01-24,,,Awaiting Designer,General Contractor,Engineer,0,0,No,0,0,No,0,0,No,3,4
RFI-02474,PRJ-068,RFI-0005,Structural Coordination Conflict - Area A2,Structural,Low,Coordination Conflict,2022-10-11,2022-10-25,,,,In Review,General Contractor,Engineer,0,0,No,0,0,Yes,1,1,Yes,3,5
RFI-02475,PRJ-068,RFI-0006,Civil Coordination Conflict - Area A9,Civil,High,Coordination Conflict,2022-10-26,2022-11-02,2022-11-09,2022-11-11,2022-11-11,Closed,Construction Manager,Engineer,1,0,Yes,11000,16000,No,0,0,Yes,5,5
RFI-02476,PRJ-068,RFI-0007,Mechanical Code Compliance - Area E10,Mechanical,High,Code Compliance,2023-10-03,2023-10-10,2023-10-18,2023-10-18,2023-10-21,Closed,General Contractor,Engineer,0,0,No,0,0,No,0,0,No,6,4
RFI-02477,PRJ-068,RFI-0008,Electrical Substitution Request - Area B2,Electrical,Medium,Substitution Request,2023-07-20,2023-08-01,2023-08-10,2023-08-10,2023-08-12,Closed,General Contractor,Engineer,0,0,No,0,0,No,0,0,No,3,4
RFI-02478,PRJ-068,RFI-0009,Specialty Systems Coordination Conflict - Area B3,Specialty Systems,Medium,Coordination Conflict,2023-02-05,2023-02-14,2023-02-15,2023-02-17,,Answered,Subcontractor,Design Manager,1,0,Yes,6000,5400,No,0,0,Yes,3,3
RFI-02479,PRJ-068,RFI-0010,General Design Clarification - Area D1,General,High,Design Clarification,2023-04-28,2023-05-02,2023-05-09,2023-05-09,2023-05-12,Closed,General Contractor,Construction Manager,0,1,No,0,0,No,0,0,No,3,5
RFI-02480,PRJ-068,RFI-0011,Structural Constructability - Area D10,Structural,Medium,Constructability,2023-10-02,2023-10-11,2023-10-09,2023-10-09,2023-10-11,Closed,Construction Manager,Owner Representative,0,0,No,0,0,No,0,0,No,5,5
RFI-02481,PRJ-068,RFI-0012,Mechanical Field Condition - Area C1,Mechanical,Medium,Field Condition,2023-09-18,2023-09-27,2023-09-27,2023-09-27,,Answered,General Contractor,Engineer,0,0,No,0,0,No,0,0,No,1,5
RFI-02482,PRJ-068,RFI-0013,Civil Missing Information - Area E4,Civil,High,Missing Information,2022-12-11,2022-12-15,2022-12-25,2022-12-25,2022-12-26,Closed,General Contractor,Engineer,0,0,No,0,0,No,0,0,No,3,4
RFI-02483,PRJ-068,RFI-0014,Fire Protection Design Clarification - Area D11,Fire Protection,Low,Design Clarification,2024-01-13,2024-01-29,2024-02-05,2024-02-08,2024-02-10,Closed,Construction Manager,Engineer,1,0,No,0,0,No,0,0,No,5,4
RFI-02484,PRJ-068,RFI-0015,Plumbing Design Clarification - Area C5,Plumbing,Medium,Design Clarification,2023-05-09,2023-05-21,2023-05-18,2023-05-18,2023-05-21,Closed,General Contractor,Engineer,0,0,No,0,0,No,0,0,No,4,5
RFI-02485,PRJ-068,RFI-0016,Civil Coordination Conflict - Area A11,Civil,Low,Coordination Conflict,2024-01-08,2024-01-23,2024-01-23,2024-01-23,,Answered,General Contractor,Engineer,0,0,No,0,0,No,0,0,No,4,5
RFI-02486,PRJ-068,RFI-0017,Specialty Systems Substitution Request - Area A12,Specialty Systems,Medium,Substitution Request,2023-03-07,2023-03-18,2023-04-05,2023-04-06,,Answered,Subcontractor,Design Manager,1,1,No,0,0,Yes,6,7,No,5,3
RFI-02487,PRJ-068,RFI-0018,Civil Coordination Conflict - Area D5,Civil,High,Coordination Conflict,2023-05-01,2023-05-08,,,,Returned for Clarification,General Contractor,Engineer,0,0,No,0,0,No,0,0,No,2,4
RFI-02488,PRJ-068,RFI-0019,Mechanical Coordination Conflict - Area B4,Mechanical,High,Coordination Conflict,2024-01-30,2024-02-06,2024-02-16,2024-02-18,,Answered,Construction Manager,Owner Representative,1,0,Yes,25000,35000,No,0,0,Yes,1,3
RFI-02489,PRJ-068,RFI-0020,Mechanical Design Clarification - Area E2,Mechanical,Low,Design Clarification,2023-02-10,2023-02-23,2023-03-13,2023-03-15,2023-03-17,Closed,General Contractor,Engineer,1,0,Yes,8500,8900,No,0,0,Yes,6,3
RFI-02490,PRJ-068,RFI-0021,Civil Field Condition - Area D5,Civil,Medium,Field Condition,2023-04-21,2023-04-30,2023-04-30,2023-04-30,2023-05-04,Closed,General Contractor,Engineer,0,0,No,0,0,No,0,0,No,4,5
RFI-02491,PRJ-068,RFI-0022,Architectural Constructability - Area A11,Architectural,Medium,Constructability,2023-02-07,2023-02-16,2023-02-17,2023-02-18,2023-02-22,Closed,General Contractor,Architect,1,0,No,0,0,No,0,0,No,3,4
RFI-02492,PRJ-068,RFI-0023,Structural Design Clarification - Area C8,Structural,Critical,Design Clarification,2023-05-27,2023-05-31,2023-05-31,2023-05-31,2023-06-03,Closed,General Contractor,Engineer,0,0,No,0,0,No,0,0,No,4,5
RFI-02493,PRJ-068,RFI-0024,Electrical Design Clarification - Area D1,Electrical,Low,Design Clarification,2023-03-25,2023-04-08,2023-04-04,2023-04-04,,Answered,Subcontractor,Engineer,0,0,No,0,0,No,0,0,No,0,5
RFI-02494,PRJ-068,RFI-0025,General Missing Information - Area B10,General,Medium,Missing Information,2023-11-12,2023-11-23,2023-11-18,2023-11-18,2023-11-21,Closed,General Contractor,Construction Manager,0,0,No,0,0,No,0,0,No,6,5
RFI-02495,PRJ-068,RFI-0026,Civil Missing Information - Area A8,Civil,Medium,Missing Information,2023-12-21,2023-12-31,2024-01-12,2024-01-12,2024-01-12,Closed,Construction Manager,Engineer,0,1,No,0,0,No,0,0,No,4,4
RFI-02496,PRJ-068,RFI-0027,Mechanical Coordination Conflict - Area D8,Mechanical,Medium,Coordination Conflict,2023-10-28,2023-11-09,2023-11-06,2023-11-06,2023-11-08,Closed,General Contractor,Engineer,0,0,No,0,0,No,0,0,No,0,5
RFI-02497,PRJ-068,RFI-0028,Architectural Design Clarification - Area C1,Architectural,Low,Design Clarification,2023-09-05,2023-09-18,2023-09-21,2023-09-21,2023-09-23,Closed,Construction Manager,Architect,0,0,No,0,0,No,0,0,No,1,5
RFI-02498,PRJ-068,RFI-0029,Controls Missing Information - Area A10,Controls,Medium,Missing Information,2023-12-17,2023-12-27,2023-12-26,2023-12-30,2024-01-02,Closed,General Contractor,Engineer,1,0,No,0,0,Yes,9,10,Yes,2,3
RFI-02499,PRJ-068,RFI-0030,Fire Protection Coordination Conflict - Area B4,Fire Protection,High,Coordination Conflict,2023-04-15,2023-04-19,2023-04-30,2023-04-30,,Answered,General Contractor,Engineer,0,0,Yes,8400,9800,No,0,0,Yes,6,4
RFI-02500,PRJ-068,RFI-0031,Plumbing Coordination Conflict - Area C7,Plumbing,High,Coordination Conflict,2023-12-17,2023-12-23,2023-12-24,2023-12-28,2023-12-29,Closed,General Contractor,Engineer,1,0,No,0,0,No,0,0,No,0,4
RFI-02501,PRJ-068,RFI-0032,Architectural Missing Information - Area E6,Architectural,High,Missing Information,2023-07-12,2023-07-19,2023-07-24,,,Returned for Clarification,General Contractor,Architect,0,0,No,0,0,No,0,0,No,1,4
RFI-02502,PRJ-068,RFI-0033,Architectural Missing Information - Area B2,Architectural,Medium,Missing Information,2023-02-10,2023-02-22,2023-02-16,2023-02-16,,Answered,General Contractor,Architect,0,0,No,0,0,No,0,0,No,2,5
RFI-02503,PRJ-068,RFI-0034,Mechanical Coordination Conflict - Area A9,Mechanical,Medium,Coordination Conflict,2022-12-01,2022-12-10,2022-12-09,2022-12-09,2022-12-12,Closed,Construction Manager,Engineer,0,0,No,0,0,No,0,0,No,0,5
RFI-02504,PRJ-069,RFI-0001,Fire Protection Missing Information - Area D9,Fire Protection,High,Missing Information,2022-08-28,2022-09-02,2022-09-04,2022-09-04,2022-09-05,Closed,General Contractor,Engineer,0,0,No,0,0,Yes,9,10,Yes,6,5
RFI-02505,PRJ-069,RFI-0002,Mechanical Coordination Conflict - Area E11,Mechanical,Low,Coordination Conflict,2022-01-08,2022-01-21,2022-01-26,2022-01-26,2022-01-28,Closed,Subcontractor,Engineer,0,0,No,0,0,Yes,1,1,Yes,3,4
RFI-02506,PRJ-069,RFI-0003,Mechanical Design Clarification - Area B5,Mechanical,Medium,Design Clarification,2022-08-22,2022-09-03,2022-08-30,2022-08-30,2022-08-31,Closed,Subcontractor,Engineer,0,0,No,0,0,No,0,0,No,0,4
RFI-02507,PRJ-069,RFI-0004,Controls Field Condition - Area C11,Controls,High,Field Condition,2022-04-07,2022-04-11,2022-04-27,2022-04-29,,Answered,Subcontractor,Engineer,1,0,Yes,40000,48000,No,0,0,No,5,3
RFI-02508,PRJ-069,RFI-0005,General Constructability - Area C1,General,Low,Constructability,2022-11-05,2022-11-18,2022-11-19,2022-11-20,2022-11-23,Closed,General Contractor,Construction Manager,1,0,No,0,0,No,0,0,No,2,4
RFI-02509,PRJ-069,RFI-0006,Architectural Missing Information - Area D7,Architectural,Medium,Missing Information,2022-03-02,2022-03-13,2022-03-13,2022-03-13,2022-03-13,Closed,General Contractor,Architect,0,0,No,0,0,No,0,0,No,3,4
RFI-02510,PRJ-069,RFI-0007,Electrical Constructability - Area B3,Electrical,Medium,Constructability,2022-06-25,2022-07-05,2022-07-11,,,In Review,General Contractor,Engineer,0,0,No,0,0,No,0,0,No,0,5
RFI-02511,PRJ-069,RFI-0008,Structural Coordination Conflict - Area C6,Structural,Low,Coordination Conflict,2022-11-03,2022-11-18,2022-12-30,2022-12-30,2023-01-02,Closed,General Contractor,Engineer,0,0,Yes,19000,19000,No,0,0,No,2,2
RFI-02512,PRJ-069,RFI-0009,Electrical Code Compliance - Area C10,Electrical,Low,Code Compliance,2022-10-13,2022-10-29,2022-10-20,2022-10-20,2022-10-20,Closed,Subcontractor,Engineer,0,0,No,0,0,No,0,0,No,1,4
RFI-02513,PRJ-069,RFI-0010,General Coordination Conflict - Area B3,General,Medium,Coordination Conflict,2022-08-24,2022-09-05,2022-09-01,2022-09-01,,Answered,General Contractor,Construction Manager,0,0,No,0,0,No,0,0,No,5,5
RFI-02514,PRJ-069,RFI-0011,Architectural Missing Information - Area B2,Architectural,High,Missing Information,2022-01-15,2022-01-20,2022-01-25,2022-01-25,2022-01-26,Closed,Subcontractor,Architect,0,0,No,0,0,No,0,0,No,1,5
RFI-02515,PRJ-069,RFI-0012,Architectural Design Clarification - Area B11,Architectural,Medium,Design Clarification,2022-09-28,2022-10-09,2022-10-08,2022-10-08,2022-10-10,Closed,Subcontractor,Owner Representative,0,0,No,0,0,No,0,0,No,4,5
RFI-02516,PRJ-069,RFI-0013,Specialty Systems Design Clarification - Area C3,Specialty Systems,Medium,Design Clarification,2022-10-20,2022-10-31,2022-11-08,2022-11-09,,Answered,General Contractor,Design Manager,1,0,No,0,0,No,0,0,No,0,3
RFI-02517,PRJ-069,RFI-0014,Plumbing Design Clarification - Area A10,Plumbing,Medium,Design Clarification,2022-08-28,2022-09-06,2022-09-14,2022-09-14,2022-09-16,Closed,Subcontractor,Engineer,0,0,No,0,0,Yes,2,1,No,6,5
RFI-02518,PRJ-069,RFI-0015,Electrical Coordination Conflict - Area A1,Electrical,Medium,Coordination Conflict,2022-05-01,2022-05-10,2022-05-11,2022-05-11,,Answered,General Contractor,Engineer,0,0,No,0,0,No,0,0,No,6,5
RFI-02519,PRJ-069,RFI-0016,General Missing Information - Area A5,General,Medium,Missing Information,2022-08-13,2022-08-22,,,,Awaiting Designer,Subcontractor,Construction Manager,1,0,No,0,0,No,0,0,No,3,5
RFI-02520,PRJ-069,RFI-0017,General Missing Information - Area A5,General,Medium,Missing Information,2022-05-02,2022-05-13,2022-05-09,2022-05-12,,Answered,General Contractor,Owner Representative,1,0,No,0,0,Yes,5,4,No,1,5
RFI-02521,PRJ-069,RFI-0018,Architectural Design Clarification - Area E6,Architectural,Medium,Design Clarification,2022-07-01,2022-07-11,2022-07-08,2022-07-11,2022-07-11,Closed,Subcontractor,Architect,1,0,No,0,0,No,0,0,No,3,4
RFI-02522,PRJ-069,RFI-0019,General Design Clarification - Area C8,General,High,Design Clarification,2022-04-10,2022-04-17,2022-04-12,2022-04-12,2022-04-12,Closed,General Contractor,Construction Manager,0,0,No,0,0,No,0,0,No,1,5
RFI-02523,PRJ-069,RFI-0020,Civil Substitution Request - Area E4,Civil,Medium,Substitution Request,2022-04-11,2022-04-23,2022-04-20,2022-04-20,2022-04-21,Closed,Subcontractor,Engineer,0,0,No,0,0,No,0,0,No,3,5
RFI-02524,PRJ-069,RFI-0021,Structural Code Compliance - Area A12,Structural,Low,Code Compliance,2022-02-28,2022-03-13,2022-03-08,2022-03-08,2022-03-11,Closed,General Contractor,Owner Representative,0,0,No,0,0,No,0,0,No,6,5
RFI-02525,PRJ-069,RFI-0022,General Constructability - Area A5,General,Medium,Constructability,2022-09-16,2022-09-27,2022-09-22,2022-09-22,2022-09-26,Closed,Subcontractor,Construction Manager,0,0,No,0,0,No,0,0,No,6,4
RFI-02526,PRJ-069,RFI-0023,Architectural Design Clarification - Area C5,Architectural,Medium,Design Clarification,2022-07-25,2022-08-06,2022-08-05,2022-08-07,2022-08-07,Closed,Subcontractor,Owner Representative,1,0,No,0,0,No,0,0,No,3,4
RFI-02527,PRJ-069,RFI-0024,Architectural Coordination Conflict - Area D2,Architectural,Medium,Coordination Conflict,2022-09-27,2022-10-07,2022-10-04,2022-10-04,2022-10-08,Closed,General Contractor,Architect,0,0,No,0,0,No,0,0,No,6,5
RFI-02528,PRJ-069,RFI-0025,Plumbing Constructability - Area B8,Plumbing,Low,Constructability,2022-02-03,2022-02-17,2022-02-13,2022-02-13,2022-02-17,Closed,General Contractor,Engineer,0,0,No,0,0,No,0,0,No,5,5
RFI-02529,PRJ-069,RFI-0026,Electrical Missing Information - Area A9,Electrical,Low,Missing Information,2022-04-14,2022-04-29,2022-05-02,2022-05-04,,Answered,Subcontractor,Engineer,1,0,Yes,14000,13000,No,0,0,Yes,6,5
RFI-02530,PRJ-069,RFI-0027,Mechanical Missing Information - Area C3,Mechanical,Critical,Missing Information,2022-06-05,2022-06-09,2022-06-11,2022-06-11,2022-06-12,Closed,General Contractor,Engineer,0,0,No,0,0,Yes,3,4,Yes,6,5
RFI-02531,PRJ-070,RFI-0001,Specialty Systems Constructability - Area D2,Specialty Systems,Critical,Constructability,2024-06-28,2024-07-01,2024-07-06,2024-07-06,,Answered,General Contractor,Design Manager,0,0,No,0,0,No,0,0,No,2,4
RFI-02532,PRJ-070,RFI-0002,Specialty Systems Substitution Request - Area B12,Specialty Systems,High,Substitution Request,2024-07-26,2024-07-30,2024-08-06,2024-08-06,2024-08-10,Closed,General Contractor,Design Manager,0,0,No,0,0,No,0,0,No,6,4
RFI-02533,PRJ-070,RFI-0003,Structural Design Clarification - Area A9,Structural,Low,Design Clarification,2024-05-23,2024-06-06,2024-06-08,2024-06-08,2024-06-10,Closed,Subcontractor,Engineer,0,0,No,0,0,No,0,0,No,4,4
RFI-02534,PRJ-070,RFI-0004,Specialty Systems Design Clarification - Area A5,Specialty Systems,High,Design Clarification,2022-11-17,2022-11-21,2022-11-19,2022-11-19,2022-11-23,Closed,Subcontractor,Design Manager,0,0,No,0,0,No,0,0,No,3,5
RFI-02535,PRJ-070,RFI-0005,Civil Design Clarification - Area E3,Civil,Critical,Design Clarification,2025-07-21,2025-07-26,2025-07-28,2025-07-28,,Answered,Subcontractor,Engineer,0,0,Yes,6800,9500,No,0,0,Yes,2,5
RFI-02536,PRJ-070,RFI-0006,Mechanical Substitution Request - Area C2,Mechanical,High,Substitution Request,2023-08-07,2023-08-12,2023-08-20,2023-08-24,,Answered,General Contractor,Engineer,1,0,Yes,21000,15000,No,0,0,Yes,6,4
RFI-02537,PRJ-070,RFI-0007,Structural Field Condition - Area E4,Structural,Medium,Field Condition,2025-01-13,2025-01-22,2025-02-07,2025-02-07,2025-02-11,Closed,Subcontractor,Owner Representative,0,0,Yes,26000,24000,Yes,2,2,Yes,4,3
RFI-02538,PRJ-070,RFI-0008,Mechanical Substitution Request - Area B5,Mechanical,Critical,Substitution Request,2025-01-31,2025-02-05,2025-02-15,2025-02-15,2025-02-15,Closed,Subcontractor,Engineer,0,0,No,0,0,Yes,4,5,Yes,5,5
RFI-02539,PRJ-070,RFI-0009,Specialty Systems Design Clarification - Area A4,Specialty Systems,High,Design Clarification,2025-03-07,2025-03-11,2025-03-21,2025-03-21,,Answered,General Contractor,Design Manager,0,1,Yes,42000,38000,Yes,3,2,Yes,6,3
RFI-02540,PRJ-070,RFI-0010,General Coordination Conflict - Area B7,General,Critical,Coordination Conflict,2023-10-16,2023-10-20,2023-10-21,2023-10-21,2023-10-24,Closed,Subcontractor,Construction Manager,0,0,No,0,0,No,0,0,No,5,5
RFI-02541,PRJ-070,RFI-0011,Specialty Systems Constructability - Area E8,Specialty Systems,Low,Constructability,2024-04-09,2024-04-24,2024-04-22,2024-04-22,,Answered,Subcontractor,Design Manager,0,0,Yes,12000,14000,No,0,0,Yes,5,5
RFI-02542,PRJ-070,RFI-0012,Architectural Coordination Conflict - Area A5,Architectural,Medium,Coordination Conflict,2023-03-25,2023-04-04,2023-04-04,2023-04-06,,Answered,Subcontractor,Architect,1,0,No,0,0,No,0,0,No,6,5
RFI-02543,PRJ-070,RFI-0013,Plumbing Code Compliance - Area E1,Plumbing,Medium,Code Compliance,2023-03-09,2023-03-18,2023-03-26,,,Returned for Clarification,General Contractor,Engineer,0,0,No,0,0,No,0,0,No,1,5
RFI-02544,PRJ-070,RFI-0014,Architectural Constructability - Area E9,Architectural,Low,Constructability,2022-10-28,2022-11-12,2022-11-16,2022-11-16,,Answered,Construction Manager,Architect,0,0,Yes,2800,2300,No,0,0,No,6,5
RFI-02545,PRJ-070,RFI-0015,Mechanical Design Clarification - Area B6,Mechanical,Critical,Design Clarification,2023-01-14,2023-01-19,2023-02-08,2023-02-08,2023-02-08,Closed,Subcontractor,Engineer,0,0,Yes,11000,11000,No,0,0,Yes,0,4
RFI-02546,PRJ-070,RFI-0016,Architectural Design Clarification - Area C9,Architectural,Medium,Design Clarification,2024-07-14,2024-07-24,2024-07-22,2024-07-22,,Answered,Construction Manager,Architect,0,0,No,0,0,No,0,0,No,4,5
RFI-02547,PRJ-070,RFI-0017,Architectural Field Condition - Area E12,Architectural,Low,Field Condition,2023-08-24,2023-09-09,2023-09-14,2023-09-16,2023-09-18,Closed,Subcontractor,Architect,1,1,Yes,5000,5600,No,0,0,Yes,6,4
RFI-02548,PRJ-070,RFI-0018,Mechanical Coordination Conflict - Area C4,Mechanical,Medium,Coordination Conflict,2022-10-18,2022-10-27,2022-10-31,2022-11-04,2022-11-07,Closed,Subcontractor,Engineer,1,1,No,0,0,Yes,7,9,No,5,3
RFI-02549,PRJ-070,RFI-0019,Plumbing Substitution Request - Area B9,Plumbing,Medium,Substitution Request,2023-08-21,2023-08-30,2023-09-03,2023-09-03,2023-09-04,Closed,General Contractor,Engineer,0,1,No,0,0,No,0,0,No,5,5
RFI-02550,PRJ-070,RFI-0020,Electrical Substitution Request - Area D11,Electrical,Medium,Substitution Request,2022-12-15,2022-12-26,2022-12-25,2022-12-25,2022-12-26,Closed,Subcontractor,Engineer,0,0,No,0,0,No,0,0,No,0,5
RFI-02551,PRJ-070,RFI-0021,Mechanical Constructability - Area A10,Mechanical,Low,Constructability,2024-03-05,2024-03-20,2024-04-01,2024-04-03,2024-04-06,Closed,General Contractor,Owner Representative,1,0,Yes,24000,33000,Yes,2,1,No,1,3
RFI-02552,PRJ-070,RFI-0022,Mechanical Field Condition - Area B7,Mechanical,High,Field Condition,2024-09-22,2024-09-28,2024-10-05,2024-10-05,2024-10-08,Closed,General Contractor,Engineer,0,0,No,0,0,No,0,0,No,4,4
RFI-02553,PRJ-070,RFI-0023,Civil Coordination Conflict - Area E4,Civil,Medium,Coordination Conflict,2023-09-23,2023-10-05,2023-10-03,2023-10-04,2023-10-04,Closed,General Contractor,Engineer,1,0,No,0,0,Yes,7,4,No,4,5
RFI-02554,PRJ-070,RFI-0024,Plumbing Coordination Conflict - Area D6,Plumbing,Medium,Coordination Conflict,2023-02-03,2023-02-15,2023-02-28,2023-02-28,,Answered,General Contractor,Engineer,0,1,No,0,0,Yes,2,2,No,4,5
RFI-02555,PRJ-070,RFI-0025,Electrical Missing Information - Area D2,Electrical,Low,Missing Information,2024-08-27,2024-09-09,2024-09-22,2024-09-22,,Answered,Subcontractor,Engineer,0,0,No,0,0,Yes,1,1,Yes,4,4
RFI-02556,PRJ-070,RFI-0026,Architectural Missing Information - Area E9,Architectural,Low,Missing Information,2023-09-13,2023-09-29,2023-09-20,2023-09-20,,Answered,Subcontractor,Architect,0,0,No,0,0,No,0,0,No,3,4
RFI-02557,PRJ-070,RFI-0027,Electrical Field Condition - Area E8,Electrical,Medium,Field Condition,2023-06-26,2023-07-05,2023-07-10,2023-07-10,2023-07-11,Closed,Subcontractor,Engineer,0,0,No,0,0,No,0,0,No,1,4
RFI-02558,PRJ-070,RFI-0028,Electrical Coordination Conflict - Area E10,Electrical,Medium,Coordination Conflict,2023-07-16,2023-07-28,2023-07-25,2023-07-25,2023-07-28,Closed,Subcontractor,Owner Representative,0,0,Yes,39000,44000,No,0,0,No,2,4
RFI-02559,PRJ-070,RFI-0029,Plumbing Constructability - Area A4,Plumbing,Medium,Constructability,2022-09-13,2022-09-22,,,,In Review,General Contractor,Engineer,0,0,No,0,0,No,0,0,No,6,5
RFI-02560,PRJ-070,RFI-0030,General Design Clarification - Area A12,General,Medium,Design Clarification,2024-12-06,2024-12-18,2024-12-16,2024-12-19,,Answered,Subcontractor,Owner Representative,1,0,No,0,0,No,0,0,No,3,5
RFI-02561,PRJ-070,RFI-0031,Structural Field Condition - Area B8,Structural,High,Field Condition,2025-02-22,2025-02-26,2025-03-04,2025-03-04,2025-03-04,Closed,General Contractor,Engineer,0,0,No,0,0,No,0,0,No,1,5
RFI-02562,PRJ-070,RFI-0032,Architectural Code Compliance - Area B7,Architectural,High,Code Compliance,2025-01-12,2025-01-18,2025-02-01,2025-02-01,2025-02-02,Closed,Subcontractor,Architect,0,0,Yes,51000,45000,No,0,0,Yes,1,4
RFI-02563,PRJ-070,RFI-0033,General Constructability - Area B7,General,High,Constructability,2023-11-25,2023-12-01,2023-12-04,2023-12-08,2023-12-10,Closed,Subcontractor,Construction Manager,1,0,No,0,0,No,0,0,No,2,5
RFI-02564,PRJ-070,RFI-0034,Electrical Coordination Conflict - Area E11,Electrical,Medium,Coordination Conflict,2023-03-04,2023-03-14,2023-03-30,2023-03-31,2023-04-03,Closed,Subcontractor,Engineer,1,0,Yes,46000,33000,No,0,0,Yes,0,3
RFI-02565,PRJ-070,RFI-0035,Architectural Field Condition - Area E1,Architectural,High,Field Condition,2025-04-26,2025-04-30,2025-05-03,2025-05-03,2025-05-05,Closed,General Contractor,Architect,0,0,No,0,0,Yes,14,10,Yes,6,4
RFI-02566,PRJ-071,RFI-0001,Structural Coordination Conflict - Area A5,Structural,Medium,Coordination Conflict,2022-06-11,2022-06-21,2022-06-21,2022-06-21,2022-06-25,Closed,General Contractor,Engineer,0,0,Yes,2100,3000,No,0,0,No,1,5
RFI-02567,PRJ-071,RFI-0002,Fire Protection Substitution Request - Area A3,Fire Protection,Medium,Substitution Request,2022-03-11,2022-03-23,2022-03-17,2022-03-20,2022-03-24,Closed,Subcontractor,Engineer,1,0,Yes,9200,7600,No,0,0,No,0,5
RFI-02568,PRJ-071,RFI-0003,Architectural Design Clarification - Area E5,Architectural,Medium,Design Clarification,2023-04-11,2023-04-20,2023-04-21,2023-04-21,2023-04-23,Closed,Subcontractor,Architect,0,0,No,0,0,No,0,0,No,2,5
RFI-02569,PRJ-071,RFI-0004,Architectural Constructability - Area E8,Architectural,Medium,Constructability,2022-09-20,2022-10-01,2022-09-29,2022-09-29,2022-10-02,Closed,Subcontractor,Architect,0,0,No,0,0,No,0,0,No,0,5
RFI-02570,PRJ-071,RFI-0005,Plumbing Constructability - Area E5,Plumbing,Medium,Constructability,2024-04-03,2024-04-15,2024-04-17,2024-04-17,2024-04-20,Closed,Construction Manager,Engineer,0,1,No,0,0,No,0,0,No,2,5
RFI-02571,PRJ-071,RFI-0006,Specialty Systems Coordination Conflict - Area D1,Specialty Systems,High,Coordination Conflict,2023-11-05,2023-11-10,2023-11-12,2023-11-12,2023-11-12,Closed,General Contractor,Design Manager,0,0,No,0,0,Yes,9,8,Yes,4,5
RFI-02572,PRJ-071,RFI-0007,Civil Field Condition - Area B4,Civil,Low,Field Condition,2022-11-13,2022-11-26,,,,Awaiting Designer,Subcontractor,Engineer,0,0,No,0,0,No,0,0,No,4,5
RFI-02573,PRJ-071,RFI-0008,Structural Field Condition - Area E6,Structural,Low,Field Condition,2023-08-30,2023-09-15,2023-09-08,2023-09-08,2023-09-08,Closed,General Contractor,Engineer,0,0,No,0,0,No,0,0,No,0,5
RFI-02574,PRJ-071,RFI-0009,Fire Protection Design Clarification - Area E3,Fire Protection,Low,Design Clarification,2022-07-30,2022-08-14,,,,In Review,Construction Manager,Engineer,0,0,No,0,0,No,0,0,No,5,5
RFI-02575,PRJ-071,RFI-0010,Civil Design Clarification - Area E8,Civil,Medium,Design Clarification,2022-06-01,2022-06-11,2022-06-10,2022-06-10,,Answered,General Contractor,Engineer,0,0,No,0,0,No,0,0,No,6,5
RFI-02576,PRJ-071,RFI-0011,Architectural Field Condition - Area E9,Architectural,Medium,Field Condition,2023-01-07,2023-01-18,2023-01-21,2023-01-22,2023-01-22,Closed,Subcontractor,Architect,1,0,Yes,26000,34000,No,0,0,No,0,4
RFI-02577,PRJ-071,RFI-0012,Architectural Substitution Request - Area E7,Architectural,Medium,Substitution Request,2023-03-05,2023-03-17,2023-03-09,2023-03-09,2023-03-13,Closed,General Contractor,Architect,0,0,No,0,0,No,0,0,No,6,4
RFI-02578,PRJ-071,RFI-0013,Electrical Design Clarification - Area D5,Electrical,Low,Design Clarification,2023-01-05,2023-01-18,2023-01-16,2023-01-16,2023-01-16,Closed,General Contractor,Engineer,0,0,No,0,0,No,0,0,No,5,5
RFI-02579,PRJ-071,RFI-0014,Civil Substitution Request - Area D11,Civil,Low,Substitution Request,2022-10-14,2022-10-30,2022-10-28,2022-10-30,2022-11-03,Closed,Subcontractor,Engineer,1,0,Yes,25000,35000,Yes,2,2,Yes,0,5
RFI-02580,PRJ-071,RFI-0015,Plumbing Missing Information - Area B12,Plumbing,Medium,Missing Information,2022-10-24,2022-11-03,2022-11-05,2022-11-07,2022-11-09,Closed,General Contractor,Engineer,1,0,No,0,0,No,0,0,No,4,4
RFI-02581,PRJ-071,RFI-0016,Plumbing Design Clarification - Area A12,Plumbing,Low,Design Clarification,2022-06-14,2022-06-28,2022-06-21,2022-06-21,,Answered,General Contractor,Owner Representative,0,0,No,0,0,No,0,0,No,6,5
RFI-02582,PRJ-071,RFI-0017,Civil Coordination Conflict - Area E12,Civil,Medium,Coordination Conflict,2022-11-07,2022-11-19,2022-11-11,2022-11-11,2022-11-11,Closed,Subcontractor,Engineer,0,0,No,0,0,No,0,0,No,5,5
RFI-02583,PRJ-071,RFI-0018,Civil Design Clarification - Area D5,Civil,High,Design Clarification,2022-12-23,2022-12-30,2022-12-30,2023-01-01,,Answered,Subcontractor,Engineer,1,0,No,0,0,No,0,0,No,1,4
RFI-02584,PRJ-071,RFI-0019,General Missing Information - Area A3,General,Low,Missing Information,2023-09-04,2023-09-17,2023-09-10,2023-09-10,2023-09-10,Closed,Construction Manager,Construction Manager,0,0,No,0,0,No,0,0,No,3,5
RFI-02585,PRJ-071,RFI-0020,Plumbing Field Condition - Area C9,Plumbing,Medium,Field Condition,2022-07-20,2022-07-29,2022-08-03,2022-08-03,2022-08-05,Closed,Subcontractor,Owner Representative,0,0,No,0,0,No,0,0,No,3,5
RFI-02586,PRJ-071,RFI-0021,Electrical Constructability - Area B5,Electrical,Medium,Constructability,2022-05-07,2022-05-18,2022-05-20,2022-05-20,,Answered,Construction Manager,Owner Representative,0,0,No,0,0,No,0,0,No,1,5
RFI-02587,PRJ-071,RFI-0022,Civil Substitution Request - Area B7,Civil,Medium,Substitution Request,2022-04-13,2022-04-22,2022-04-23,2022-04-23,2022-04-26,Closed,Subcontractor,Engineer,0,0,No,0,0,No,0,0,No,0,4
RFI-02588,PRJ-071,RFI-0023,Structural Design Clarification - Area B4,Structural,Medium,Design Clarification,2022-03-07,2022-03-18,2022-03-11,2022-03-11,2022-03-13,Closed,General Contractor,Engineer,0,0,No,0,0,No,0,0,No,0,5
RFI-02589,PRJ-071,RFI-0024,Electrical Code Compliance - Area C8,Electrical,Medium,Code Compliance,2024-02-10,2024-02-20,2024-02-21,2024-02-21,,Answered,Subcontractor,Engineer,0,1,No,0,0,No,0,0,No,4,5
RFI-02590,PRJ-071,RFI-0025,Electrical Design Clarification - Area B12,Electrical,Low,Design Clarification,2022-01-29,2022-02-13,,,,Returned for Clarification,General Contractor,Engineer,0,0,No,0,0,No,0,0,No,6,5
RFI-02591,PRJ-071,RFI-0026,Architectural Coordination Conflict - Area C11,Architectural,Low,Coordination Conflict,2022-11-16,2022-11-29,2022-11-23,2022-11-23,2022-11-24,Closed,General Contractor,Architect,0,0,No,0,0,No,0,0,No,3,4
RFI-02592,PRJ-071,RFI-0027,Electrical Substitution Request - Area A7,Electrical,Medium,Substitution Request,2023-08-02,2023-08-14,2023-08-14,2023-08-14,2023-08-14,Closed,General Contractor,Owner Representative,0,1,No,0,0,No,0,0,No,0,5
RFI-02593,PRJ-071,RFI-0028,Fire Protection Field Condition - Area E3,Fire Protection,Medium,Field Condition,2023-03-22,2023-04-01,2023-04-03,2023-04-06,,Answered,Subcontractor,Engineer,1,0,No,0,0,Yes,3,4,No,1,5
RFI-02594,PRJ-071,RFI-0029,Plumbing Design Clarification - Area A11,Plumbing,Medium,Design Clarification,2024-04-22,2024-05-04,2024-05-05,2024-05-05,2024-05-07,Closed,General Contractor,Engineer,0,0,No,0,0,No,0,0,No,2,4
RFI-02595,PRJ-071,RFI-0030,Specialty Systems Missing Information - Area E11,Specialty Systems,High,Missing Information,2022-06-15,2022-06-20,2022-07-01,,,Awaiting Owner,Subcontractor,Design Manager,0,0,No,0,0,No,0,0,No,0,5
RFI-02596,PRJ-071,RFI-0031,Plumbing Coordination Conflict - Area A11,Plumbing,Medium,Coordination Conflict,2023-06-17,2023-06-27,2023-06-26,2023-06-26,2023-06-27,Closed,General Contractor,Engineer,0,0,No,0,0,No,0,0,No,3,5
RFI-02597,PRJ-071,RFI-0032,Electrical Design Clarification - Area B10,Electrical,Medium,Design Clarification,2023-03-31,2023-04-12,2023-04-09,2023-04-09,,Answered,General Contractor,Engineer,0,0,Yes,56000,56000,No,0,0,Yes,0,5
RFI-02598,PRJ-072,RFI-0001,Architectural Field Condition - Area A6,Architectural,Medium,Field Condition,2024-05-16,2024-05-26,2024-06-06,2024-06-06,,Answered,Subcontractor,Architect,0,1,No,0,0,No,0,0,No,5,3
RFI-02599,PRJ-072,RFI-0002,Mechanical Coordination Conflict - Area C5,Mechanical,High,Coordination Conflict,2024-01-17,2024-01-22,2024-02-01,2024-02-04,,Answered,Subcontractor,Engineer,1,0,No,0,0,Yes,8,8,Yes,4,5
RFI-02600,PRJ-072,RFI-0003,Architectural Coordination Conflict - Area C2,Architectural,Medium,Coordination Conflict,2024-09-14,2024-09-25,2024-09-25,2024-09-25,,Answered,Subcontractor,Architect,0,0,No,0,0,Yes,3,2,No,2,5
RFI-02601,PRJ-072,RFI-0004,Mechanical Substitution Request - Area E10,Mechanical,Medium,Substitution Request,2024-04-08,2024-04-19,2024-05-21,2024-05-25,2024-05-26,Closed,General Contractor,Engineer,1,0,No,0,0,Yes,2,2,Yes,4,1
RFI-02602,PRJ-072,RFI-0005,Specialty Systems Coordination Conflict - Area B7,Specialty Systems,Low,Coordination Conflict,2023-12-31,2024-01-15,2024-01-21,2024-01-25,2024-01-28,Closed,General Contractor,Owner Representative,1,0,No,0,0,No,0,0,No,0,5
RFI-02603,PRJ-072,RFI-0006,Civil Coordination Conflict - Area E1,Civil,Low,Coordination Conflict,2023-09-16,2023-10-02,2023-10-29,2023-11-02,2023-11-03,Closed,General Contractor,Engineer,2,0,Yes,15000,16000,Yes,1,1,No,2,1
RFI-02604,PRJ-072,RFI-0007,Specialty Systems Constructability - Area D4,Specialty Systems,Medium,Constructability,2024-02-23,2024-03-06,2024-03-05,2024-03-05,2024-03-08,Closed,General Contractor,Design Manager,0,0,No,0,0,No,0,0,No,5,5
RFI-02605,PRJ-072,RFI-0008,Structural Substitution Request - Area C12,Structural,Medium,Substitution Request,2023-09-02,2023-09-12,2023-10-10,2023-10-13,2023-10-14,Closed,Subcontractor,Engineer,1,0,No,0,0,No,0,0,No,4,2
RFI-02606,PRJ-072,RFI-0009,Specialty Systems Code Compliance - Area C10,Specialty Systems,High,Code Compliance,2024-11-01,2024-11-08,2024-11-15,2024-11-15,2024-11-15,Closed,General Contractor,Design Manager,0,0,Yes,9600,12000,No,0,0,No,5,4
RFI-02607,PRJ-072,RFI-0010,Specialty Systems Constructability - Area A3,Specialty Systems,Medium,Constructability,2023-11-06,2023-11-15,2023-11-26,2023-11-29,,Answered,Subcontractor,Design Manager,1,1,No,0,0,No,0,0,No,6,4
RFI-02608,PRJ-072,RFI-0011,Electrical Missing Information - Area A7,Electrical,Medium,Missing Information,2025-03-18,2025-03-29,2025-04-01,2025-04-01,2025-04-03,Closed,Subcontractor,Engineer,0,0,No,0,0,No,0,0,No,1,4
RFI-02609,PRJ-072,RFI-0012,Plumbing Missing Information - Area E9,Plumbing,Medium,Missing Information,2024-12-22,2024-12-31,2025-01-16,2025-01-18,2025-01-22,Closed,Subcontractor,Engineer,1,0,No,0,0,No,0,0,No,6,3
RFI-02610,PRJ-072,RFI-0013,Architectural Constructability - Area E4,Architectural,Low,Constructability,2023-02-24,2023-03-11,2023-03-16,2023-03-20,2023-03-21,Closed,Subcontractor,Owner Representative,1,0,Yes,9300,9900,Yes,1,1,Yes,0,4
RFI-02611,PRJ-072,RFI-0014,Mechanical Substitution Request - Area C3,Mechanical,Low,Substitution Request,2024-09-21,2024-10-05,2024-10-01,2024-10-01,2024-10-01,Closed,General Contractor,Engineer,0,0,No,0,0,No,0,0,No,1,5
RFI-02612,PRJ-072,RFI-0015,General Design Clarification - Area E2,General,High,Design Clarification,2023-12-25,2023-12-31,2024-01-09,2024-01-09,2024-01-13,Closed,Subcontractor,Construction Manager,0,0,No,0,0,No,0,0,No,4,4
RFI-02613,PRJ-072,RFI-0016,Architectural Substitution Request - Area C2,Architectural,Medium,Substitution Request,2025-01-04,2025-01-16,2025-01-30,2025-01-31,2025-02-01,Closed,Subcontractor,Architect,1,1,Yes,20000,27000,Yes,7,6,Yes,2,4
RFI-02614,PRJ-072,RFI-0017,Fire Protection Design Clarification - Area D3,Fire Protection,Low,Design Clarification,2025-01-18,2025-02-03,2025-02-02,2025-02-02,2025-02-06,Closed,General Contractor,Engineer,0,0,No,0,0,No,0,0,No,6,4
RFI-02615,PRJ-072,RFI-0018,Electrical Field Condition - Area C9,Electrical,High,Field Condition,2023-09-16,2023-09-21,2023-10-19,2023-10-20,2023-10-20,Closed,General Contractor,Engineer,1,1,Yes,83000,119000,Yes,2,1,Yes,4,2
RFI-02616,PRJ-072,RFI-0019,Plumbing Constructability - Area C10,Plumbing,High,Constructability,2024-06-19,2024-06-26,2024-06-29,2024-06-29,2024-07-01,Closed,Subcontractor,Engineer,0,0,No,0,0,Yes,13,13,Yes,2,5
RFI-02617,PRJ-072,RFI-0020,Plumbing Design Clarification - Area B8,Plumbing,Low,Design Clarification,2023-06-11,2023-06-25,2023-07-08,2023-07-08,,Answered,Subcontractor,Engineer,0,0,Yes,8400,6700,No,0,0,No,1,4
RFI-02618,PRJ-072,RFI-0021,Mechanical Constructability - Area C12,Mechanical,Medium,Constructability,2024-10-25,2024-11-05,,,,Open,Subcontractor,Engineer,1,0,No,0,0,No,0,0,No,4,4
RFI-02619,PRJ-072,RFI-0022,Mechanical Design Clarification - Area E9,Mechanical,Critical,Design Clarification,2023-03-28,2023-04-01,2023-04-17,2023-04-21,2023-04-22,Closed,Subcontractor,Engineer,1,0,Yes,19000,16000,Yes,10,7,No,2,3
RFI-02620,PRJ-072,RFI-0023,Mechanical Design Clarification - Area E12,Mechanical,Low,Design Clarification,2024-04-24,2024-05-10,2024-05-25,2024-05-28,2024-05-29,Closed,Subcontractor,Engineer,1,0,No,0,0,No,0,0,No,6,4
RFI-02621,PRJ-072,RFI-0024,Electrical Design Clarification - Area C2,Electrical,Medium,Design Clarification,2024-03-22,2024-04-02,2024-04-09,2024-04-09,,Answered,Subcontractor,Owner Representative,0,0,No,0,0,No,0,0,No,1,4
RFI-02622,PRJ-072,RFI-0025,Structural Coordination Conflict - Area B12,Structural,High,Coordination Conflict,2023-06-03,2023-06-10,2023-06-18,2023-06-18,2023-06-18,Closed,Subcontractor,Engineer,0,0,No,0,0,No,0,0,No,3,5
RFI-02623,PRJ-072,RFI-0026,Structural Coordination Conflict - Area D9,Structural,Low,Coordination Conflict,2023-08-17,2023-08-31,2023-09-06,2023-09-06,,Answered,Subcontractor,Engineer,0,0,Yes,5500,6800,No,0,0,Yes,4,5
RFI-02624,PRJ-072,RFI-0027,Civil Design Clarification - Area D7,Civil,High,Design Clarification,2023-03-15,2023-03-21,2023-04-02,2023-04-02,2023-04-05,Closed,Subcontractor,Engineer,0,0,Yes,32000,35000,Yes,7,8,Yes,1,4
RFI-02625,PRJ-072,RFI-0028,Mechanical Substitution Request - Area B3,Mechanical,High,Substitution Request,2023-12-31,2024-01-07,2024-01-11,2024-01-12,2024-01-15,Closed,Subcontractor,Engineer,1,0,No,0,0,No,0,0,No,2,4
RFI-02626,PRJ-072,RFI-0029,Mechanical Field Condition - Area A9,Mechanical,High,Field Condition,2023-12-23,2023-12-29,2024-01-10,2024-01-10,2024-01-13,Closed,Subcontractor,Engineer,0,0,Yes,39000,43000,No,0,0,Yes,5,3
RFI-02627,PRJ-072,RFI-0030,Electrical Coordination Conflict - Area C10,Electrical,Medium,Coordination Conflict,2025-01-29,2025-02-10,2025-02-24,2025-02-27,2025-03-02,Closed,General Contractor,Engineer,1,0,No,0,0,No,0,0,No,1,3
RFI-02628,PRJ-072,RFI-0031,Architectural Field Condition - Area A11,Architectural,Low,Field Condition,2023-06-17,2023-07-03,2023-07-06,,,In Review,Construction Manager,Owner Representative,0,0,Yes,1900,2300,No,0,0,Yes,2,5
RFI-02629,PRJ-072,RFI-0032,Architectural Coordination Conflict - Area A10,Architectural,Medium,Coordination Conflict,2023-10-19,2023-10-31,2023-11-07,2023-11-07,2023-11-08,Closed,Subcontractor,Architect,0,0,No,0,0,No,0,0,No,5,5
RFI-02630,PRJ-072,RFI-0033,Electrical Design Clarification - Area D10,Electrical,Medium,Design Clarification,2024-12-29,2025-01-10,2025-01-17,2025-01-21,2025-01-23,Closed,General Contractor,Engineer,1,0,Yes,14000,15000,No,0,0,Yes,5,4
RFI-02631,PRJ-072,RFI-0034,Electrical Coordination Conflict - Area E7,Electrical,Medium,Coordination Conflict,2023-11-11,2023-11-20,2023-11-22,2023-11-22,,Answered,General Contractor,Engineer,0,0,No,0,0,Yes,3,2,Yes,3,5
RFI-02632,PRJ-072,RFI-0035,Plumbing Coordination Conflict - Area C7,Plumbing,High,Coordination Conflict,2023-04-25,2023-05-01,2023-05-11,2023-05-11,2023-05-15,Closed,Subcontractor,Engineer,0,0,Yes,52000,47000,Yes,1,1,No,6,5
RFI-02633,PRJ-072,RFI-0036,Specialty Systems Design Clarification - Area D11,Specialty Systems,Medium,Design Clarification,2024-10-29,2024-11-10,2024-11-09,2024-11-09,2024-11-11,Closed,Construction Manager,Design Manager,0,0,No,0,0,No,0,0,No,2,5
RFI-02634,PRJ-072,RFI-0037,Electrical Missing Information - Area A12,Electrical,Medium,Missing Information,2025-03-04,2025-03-15,2025-04-11,2025-04-14,,Answered,Subcontractor,Engineer,1,0,Yes,60000,64000,No,0,0,Yes,0,3
RFI-02635,PRJ-072,RFI-0038,Plumbing Coordination Conflict - Area D4,Plumbing,Low,Coordination Conflict,2024-07-26,2024-08-10,2024-08-11,2024-08-11,2024-08-15,Closed,General Contractor,Engineer,0,0,No,0,0,No,0,0,No,5,5
RFI-02636,PRJ-072,RFI-0039,Electrical Design Clarification - Area B1,Electrical,Medium,Design Clarification,2024-09-02,2024-09-14,2024-09-25,2024-09-29,2024-09-30,Closed,Construction Manager,Engineer,1,0,No,0,0,Yes,5,5,Yes,1,3
RFI-02637,PRJ-072,RFI-0040,Architectural Coordination Conflict - Area B7,Architectural,Low,Coordination Conflict,2024-05-16,2024-05-31,2024-05-29,2024-05-30,,Answered,General Contractor,Architect,1,0,Yes,6200,8900,No,0,0,Yes,2,5
RFI-02638,PRJ-072,RFI-0041,Specialty Systems Design Clarification - Area B8,Specialty Systems,High,Design Clarification,2023-07-09,2023-07-15,2023-07-31,2023-07-31,,Answered,General Contractor,Design Manager,0,0,No,0,0,No,0,0,No,3,4
RFI-02639,PRJ-072,RFI-0042,Electrical Missing Information - Area A8,Electrical,High,Missing Information,2023-10-28,2023-11-03,2023-11-13,2023-11-13,2023-11-14,Closed,Construction Manager,Owner Representative,0,0,Yes,31000,33000,Yes,2,2,Yes,4,4
RFI-02640,PRJ-072,RFI-0043,Electrical Coordination Conflict - Area B10,Electrical,Medium,Coordination Conflict,2023-06-10,2023-06-20,2023-06-29,2023-06-29,2023-06-30,Closed,General Contractor,Owner Representative,0,1,No,0,0,No,0,0,No,1,5
RFI-02641,PRJ-072,RFI-0044,Electrical Missing Information - Area D11,Electrical,Medium,Missing Information,2023-05-25,2023-06-06,,,,Returned for Clarification,General Contractor,Engineer,0,0,No,0,0,No,0,0,No,6,5
RFI-02642,PRJ-072,RFI-0045,Fire Protection Constructability - Area C10,Fire Protection,Medium,Constructability,2023-05-15,2023-05-25,2023-05-31,2023-05-31,2023-06-03,Closed,Subcontractor,Engineer,0,0,Yes,110000,86000,No,0,0,No,1,5
RFI-02643,PRJ-072,RFI-0046,Specialty Systems Coordination Conflict - Area C1,Specialty Systems,Medium,Coordination Conflict,2023-11-01,2023-11-13,2023-11-25,2023-12-01,2023-12-04,Closed,Construction Manager,Owner Representative,2,0,No,0,0,Yes,9,9,Yes,0,1
RFI-02644,PRJ-072,RFI-0047,Electrical Substitution Request - Area E5,Electrical,Low,Substitution Request,2024-06-04,2024-06-19,2024-06-24,2024-06-26,2024-06-30,Closed,General Contractor,Engineer,1,0,No,0,0,No,0,0,No,6,4
RFI-02645,PRJ-072,RFI-0048,Civil Substitution Request - Area D5,Civil,Medium,Substitution Request,2024-12-27,2025-01-07,2025-01-10,2025-01-10,,Answered,General Contractor,Engineer,0,0,No,0,0,No,0,0,No,4,4
RFI-02646,PRJ-072,RFI-0049,Architectural Substitution Request - Area D6,Architectural,Medium,Substitution Request,2024-01-08,2024-01-17,,,,Awaiting Owner,Subcontractor,Architect,1,1,Yes,16000,19000,Yes,1,1,Yes,5,4
RFI-02647,PRJ-072,RFI-0050,Electrical Field Condition - Area A2,Electrical,Medium,Field Condition,2023-06-20,2023-06-29,2023-07-15,2023-07-19,2023-07-20,Closed,Subcontractor,Engineer,1,0,Yes,24000,31000,Yes,4,5,Yes,3,3
RFI-02648,PRJ-072,RFI-0051,Plumbing Constructability - Area D5,Plumbing,Medium,Constructability,2023-03-28,2023-04-06,,,,In Review,General Contractor,Engineer,0,0,No,0,0,No,0,0,No,3,4
RFI-02649,PRJ-072,RFI-0052,Specialty Systems Design Clarification - Area D6,Specialty Systems,High,Design Clarification,2023-10-02,2023-10-06,2023-10-12,2023-10-12,,Answered,Subcontractor,Design Manager,0,0,No,0,0,No,0,0,No,6,5
RFI-02650,PRJ-072,RFI-0053,Fire Protection Constructability - Area E4,Fire Protection,Medium,Constructability,2024-11-09,2024-11-18,2024-12-02,2024-12-06,2024-12-07,Closed,General Contractor,Engineer,1,0,No,0,0,No,0,0,No,5,3
RFI-02651,PRJ-072,RFI-0054,Electrical Coordination Conflict - Area C12,Electrical,Medium,Coordination Conflict,2024-11-29,2024-12-11,2024-12-27,2024-12-29,2025-01-01,Closed,Subcontractor,Engineer,1,0,No,0,0,No,0,0,No,0,3
RFI-02652,PRJ-072,RFI-0055,Fire Protection Field Condition - Area D2,Fire Protection,High,Field Condition,2024-09-10,2024-09-15,2024-10-01,2024-10-04,2024-10-04,Closed,Subcontractor,Engineer,1,0,No,0,0,Yes,4,4,Yes,0,3
RFI-02653,PRJ-072,RFI-0056,Civil Design Clarification - Area D4,Civil,Low,Design Clarification,2024-11-14,2024-11-29,2024-12-06,2024-12-10,2024-12-13,Closed,Subcontractor,Engineer,2,0,No,0,0,No,0,0,No,6,2
RFI-02654,PRJ-072,RFI-0057,Electrical Constructability - Area A3,Electrical,Low,Constructability,2023-10-15,2023-10-31,2023-11-11,2023-11-11,2023-11-15,Closed,Subcontractor,Engineer,0,0,No,0,0,No,0,0,No,2,4
RFI-02655,PRJ-072,RFI-0058,Specialty Systems Field Condition - Area B12,Specialty Systems,Medium,Field Condition,2024-08-31,2024-09-11,2024-09-19,2024-09-21,,Answered,General Contractor,Design Manager,1,0,No,0,0,Yes,37,32,No,2,4
RFI-02656,PRJ-072,RFI-0059,Mechanical Design Clarification - Area B11,Mechanical,Medium,Design Clarification,2024-04-25,2024-05-06,2024-05-22,2024-05-23,2024-05-25,Closed,Subcontractor,Engineer,1,0,Yes,17000,19000,No,0,0,No,1,2
RFI-02657,PRJ-072,RFI-0060,General Design Clarification - Area C4,General,Low,Design Clarification,2025-04-05,2025-04-18,2025-04-22,2025-04-23,2025-04-26,Closed,General Contractor,Construction Manager,1,0,Yes,65000,90000,No,0,0,No,1,5
RFI-02658,PRJ-073,RFI-0001,Civil Missing Information - Area A4,Civil,Medium,Missing Information,2022-03-30,2022-04-08,2022-04-12,2022-04-12,,Answered,General Contractor,Engineer,0,0,No,0,0,No,0,0,No,1,5
RFI-02659,PRJ-073,RFI-0002,Architectural Design Clarification - Area D6,Architectural,Low,Design Clarification,2023-08-27,2023-09-09,,,,Awaiting Designer,General Contractor,Architect,1,0,Yes,22000,21000,No,0,0,No,3,3
RFI-02660,PRJ-073,RFI-0003,Civil Coordination Conflict - Area C11,Civil,High,Coordination Conflict,2023-02-24,2023-03-01,2023-03-08,2023-03-08,2023-03-12,Closed,Subcontractor,Engineer,0,0,No,0,0,No,0,0,No,0,5
RFI-02661,PRJ-073,RFI-0004,Plumbing Design Clarification - Area E4,Plumbing,Medium,Design Clarification,2023-05-17,2023-05-28,2023-06-02,2023-06-02,2023-06-03,Closed,General Contractor,Engineer,0,0,No,0,0,No,0,0,No,2,5
RFI-02662,PRJ-073,RFI-0005,Mechanical Substitution Request - Area D5,Mechanical,High,Substitution Request,2022-04-10,2022-04-16,2022-04-27,2022-04-27,,Answered,General Contractor,Engineer,0,0,No,0,0,Yes,2,2,Yes,1,4
RFI-02663,PRJ-073,RFI-0006,General Design Clarification - Area C12,General,Medium,Design Clarification,2023-07-02,2023-07-12,2023-07-10,2023-07-10,,Answered,Construction Manager,Construction Manager,0,1,No,0,0,Yes,1,1,Yes,5,5
RFI-02664,PRJ-073,RFI-0007,Structural Coordination Conflict - Area D3,Structural,High,Coordination Conflict,2022-03-22,2022-03-27,2022-04-02,2022-04-03,2022-04-04,Closed,Subcontractor,Engineer,1,0,Yes,80000,71000,No,0,0,No,4,3
RFI-02665,PRJ-073,RFI-0008,Structural Substitution Request - Area C2,Structural,Low,Substitution Request,2023-08-25,2023-09-07,2023-09-11,2023-09-11,2023-09-15,Closed,General Contractor,Engineer,0,0,No,0,0,No,0,0,No,5,5
RFI-02666,PRJ-073,RFI-0009,Civil Field Condition - Area C4,Civil,High,Field Condition,2023-01-23,2023-01-27,2023-02-01,2023-02-01,2023-02-03,Closed,General Contractor,Engineer,0,0,Yes,112000,117000,Yes,7,6,Yes,6,4
RFI-02667,PRJ-073,RFI-0010,Architectural Coordination Conflict - Area A5,Architectural,Medium,Coordination Conflict,2023-02-26,2023-03-07,2023-03-03,2023-03-03,2023-03-06,Closed,Construction Manager,Architect,0,0,No,0,0,No,0,0,No,6,5
RFI-02668,PRJ-073,RFI-0011,Mechanical Substitution Request - Area D9,Mechanical,Medium,Substitution Request,2023-04-28,2023-05-07,2023-05-23,2023-05-24,2023-05-27,Closed,General Contractor,Engineer,1,0,No,0,0,Yes,1,1,Yes,1,3
RFI-02669,PRJ-073,RFI-0012,Civil Design Clarification - Area A5,Civil,High,Design Clarification,2022-04-03,2022-04-07,2022-04-16,2022-04-16,2022-04-16,Closed,General Contractor,Engineer,0,0,Yes,32000,23000,No,0,0,Yes,0,4
RFI-02670,PRJ-073,RFI-0013,Mechanical Design Clarification - Area A9,Mechanical,Medium,Design Clarification,2023-03-13,2023-03-22,2023-03-26,2023-03-26,2023-03-28,Closed,Subcontractor,Engineer,0,0,No,0,0,No,0,0,No,0,5
RFI-02671,PRJ-073,RFI-0014,Controls Code Compliance - Area E8,Controls,Medium,Code Compliance,2023-06-23,2023-07-03,2023-07-10,2023-07-10,2023-07-12,Closed,Construction Manager,Engineer,0,0,No,0,0,No,0,0,No,0,4
RFI-02672,PRJ-073,RFI-0015,Plumbing Field Condition - Area C9,Plumbing,Medium,Field Condition,2022-08-16,2022-08-25,2022-08-21,2022-08-21,2022-08-22,Closed,Subcontractor,Engineer,0,0,No,0,0,No,0,0,No,6,5
RFI-02673,PRJ-073,RFI-0016,Mechanical Coordination Conflict - Area E2,Mechanical,Medium,Coordination Conflict,2023-04-17,2023-04-26,2023-04-23,2023-04-23,2023-04-27,Closed,General Contractor,Engineer,0,0,Yes,127000,125000,No,0,0,Yes,1,5
RFI-02674,PRJ-073,RFI-0017,Plumbing Design Clarification - Area B11,Plumbing,Low,Design Clarification,2022-09-28,2022-10-11,2022-10-12,2022-10-12,2022-10-13,Closed,General Contractor,Engineer,0,0,No,0,0,No,0,0,No,6,5
RFI-02675,PRJ-073,RFI-0018,Mechanical Missing Information - Area D11,Mechanical,Medium,Missing Information,2023-03-22,2023-04-03,2023-04-02,2023-04-02,,Answered,General Contractor,Engineer,0,0,No,0,0,No,0,0,No,2,5
RFI-02676,PRJ-073,RFI-0019,Structural Code Compliance - Area A3,Structural,Medium,Code Compliance,2023-08-26,2023-09-07,2023-09-04,2023-09-04,,Answered,Subcontractor,Engineer,0,0,No,0,0,Yes,1,1,No,0,5
RFI-02677,PRJ-073,RFI-0020,Civil Field Condition - Area C2,Civil,High,Field Condition,2023-04-11,2023-04-15,2023-04-23,2023-04-23,,Answered,Subcontractor,Engineer,0,0,Yes,38000,42000,Yes,3,2,No,6,4
RFI-02678,PRJ-073,RFI-0021,Electrical Missing Information - Area E8,Electrical,Low,Missing Information,2023-04-09,2023-04-24,2023-04-26,2023-04-26,,Answered,Construction Manager,Engineer,0,0,No,0,0,No,0,0,No,1,5
RFI-02679,PRJ-073,RFI-0022,Mechanical Design Clarification - Area C8,Mechanical,Medium,Design Clarification,2023-02-14,2023-02-26,2023-02-20,2023-02-20,,Answered,Subcontractor,Engineer,0,0,No,0,0,No,0,0,No,0,5
RFI-02680,PRJ-073,RFI-0023,Controls Design Clarification - Area B1,Controls,Low,Design Clarification,2022-12-24,2023-01-07,2023-01-04,2023-01-04,2023-01-04,Closed,Subcontractor,Engineer,0,0,No,0,0,No,0,0,No,4,5
RFI-02681,PRJ-073,RFI-0024,Architectural Missing Information - Area E7,Architectural,Medium,Missing Information,2022-05-24,2022-06-05,,,,In Review,Subcontractor,Architect,0,0,Yes,36000,34000,No,0,0,No,6,5
RFI-02682,PRJ-073,RFI-0025,Electrical Field Condition - Area E9,Electrical,Medium,Field Condition,2022-03-24,2022-04-05,2022-04-16,2022-04-16,2022-04-17,Closed,General Contractor,Owner Representative,0,0,No,0,0,No,0,0,No,2,5
RFI-02683,PRJ-073,RFI-0026,Architectural Coordination Conflict - Area D11,Architectural,Medium,Coordination Conflict,2023-07-29,2023-08-10,2023-08-09,2023-08-15,,Answered,Subcontractor,Architect,2,0,Yes,131000,108000,No,0,0,Yes,1,3
RFI-02684,PRJ-073,RFI-0027,Electrical Coordination Conflict - Area E10,Electrical,High,Coordination Conflict,2022-12-18,2022-12-23,2023-01-06,2023-01-06,,Answered,Subcontractor,Owner Representative,0,0,Yes,33000,47000,No,0,0,No,4,4
RFI-02685,PRJ-073,RFI-0028,Mechanical Substitution Request - Area A8,Mechanical,Critical,Substitution Request,2022-09-21,2022-09-24,2022-10-02,2022-10-02,,Answered,Subcontractor,Engineer,0,0,No,0,0,No,0,0,No,6,4
RFI-02686,PRJ-073,RFI-0029,Architectural Design Clarification - Area D3,Architectural,Low,Design Clarification,2023-01-26,2023-02-09,2023-02-01,2023-02-01,2023-02-03,Closed,General Contractor,Architect,0,0,No,0,0,No,0,0,No,0,5
RFI-02687,PRJ-073,RFI-0030,Specialty Systems Substitution Request - Area E1,Specialty Systems,Medium,Substitution Request,2023-05-09,2023-05-20,2023-06-07,2023-06-08,,Answered,Construction Manager,Design Manager,1,1,Yes,64000,52000,No,0,0,Yes,3,4
RFI-02688,PRJ-073,RFI-0031,Electrical Substitution Request - Area C4,Electrical,Medium,Substitution Request,2023-03-17,2023-03-27,2023-04-05,2023-04-05,2023-04-08,Closed,General Contractor,Engineer,0,0,No,0,0,No,0,0,No,5,5
RFI-02689,PRJ-073,RFI-0032,Mechanical Missing Information - Area C9,Mechanical,Low,Missing Information,2022-09-18,2022-10-01,2022-09-30,2022-09-30,,Answered,General Contractor,Engineer,0,0,No,0,0,No,0,0,No,5,4
RFI-02690,PRJ-073,RFI-0033,Mechanical Coordination Conflict - Area B12,Mechanical,Medium,Coordination Conflict,2022-08-19,2022-08-28,2022-09-04,2022-09-04,2022-09-06,Closed,Subcontractor,Engineer,0,0,No,0,0,No,0,0,No,2,5
RFI-02691,PRJ-073,RFI-0034,General Design Clarification - Area A12,General,Low,Design Clarification,2023-05-27,2023-06-12,2023-06-04,2023-06-04,2023-06-07,Closed,Subcontractor,Construction Manager,0,0,No,0,0,No,0,0,No,6,5
RFI-02692,PRJ-073,RFI-0035,Architectural Design Clarification - Area A10,Architectural,Medium,Design Clarification,2022-08-10,2022-08-20,2022-08-22,2022-08-22,2022-08-22,Closed,Construction Manager,Architect,0,0,No,0,0,Yes,2,2,No,1,5
RFI-02693,PRJ-073,RFI-0036,Architectural Design Clarification - Area C7,Architectural,Medium,Design Clarification,2023-03-02,2023-03-14,,,,Returned for Clarification,General Contractor,Architect,0,0,No,0,0,No,0,0,No,2,5
RFI-02694,PRJ-073,RFI-0037,Fire Protection Field Condition - Area C7,Fire Protection,High,Field Condition,2022-07-25,2022-07-29,2022-08-04,2022-08-04,2022-08-05,Closed,General Contractor,Engineer,0,0,No,0,0,No,0,0,No,2,5
RFI-02695,PRJ-073,RFI-0038,Architectural Coordination Conflict - Area E2,Architectural,Medium,Coordination Conflict,2023-06-19,2023-06-29,2023-06-29,2023-07-01,,Answered,General Contractor,Architect,1,0,No,0,0,No,0,0,No,6,5
RFI-02696,PRJ-073,RFI-0039,Controls Coordination Conflict - Area E2,Controls,Medium,Coordination Conflict,2023-08-09,2023-08-18,2023-08-26,2023-08-26,2023-08-26,Closed,Construction Manager,Engineer,0,0,No,0,0,No,0,0,No,2,5
RFI-02697,PRJ-073,RFI-0040,Controls Coordination Conflict - Area E5,Controls,High,Coordination Conflict,2022-07-21,2022-07-27,2022-07-29,2022-07-29,2022-07-29,Closed,Construction Manager,Engineer,0,0,Yes,20000,17000,No,0,0,Yes,1,5
RFI-02698,PRJ-073,RFI-0041,Plumbing Missing Information - Area D8,Plumbing,Critical,Missing Information,2023-07-20,2023-07-24,2023-08-10,2023-08-11,2023-08-15,Closed,Construction Manager,Engineer,1,0,Yes,28000,36000,Yes,8,10,Yes,4,2
RFI-02699,PRJ-074,RFI-0001,Civil Constructability - Area D11,Civil,Low,Constructability,2022-06-13,2022-06-28,2022-06-21,2022-06-22,2022-06-22,Closed,General Contractor,Engineer,1,0,No,0,0,No,0,0,No,4,5
RFI-02700,PRJ-074,RFI-0002,Structural Coordination Conflict - Area D1,Structural,Low,Coordination Conflict,2022-02-16,2022-03-04,2022-03-09,2022-03-09,2022-03-10,Closed,Subcontractor,Engineer,0,0,No,0,0,No,0,0,No,5,4
RFI-02701,PRJ-074,RFI-0003,Architectural Design Clarification - Area B6,Architectural,Medium,Design Clarification,2022-09-12,2022-09-23,2022-09-17,2022-09-17,2022-09-21,Closed,Subcontractor,Architect,0,0,No,0,0,No,0,0,No,4,5
RFI-02702,PRJ-074,RFI-0004,Controls Design Clarification - Area D5,Controls,Low,Design Clarification,2022-01-18,2022-02-02,2022-01-31,2022-01-31,,Answered,General Contractor,Engineer,0,0,No,0,0,No,0,0,No,3,5
RFI-02703,PRJ-074,RFI-0005,Electrical Field Condition - Area E10,Electrical,Low,Field Condition,2022-03-14,2022-03-28,2022-03-17,2022-03-17,2022-03-17,Closed,General Contractor,Engineer,0,0,Yes,25000,26000,No,0,0,No,1,5
RFI-02704,PRJ-074,RFI-0006,Structural Coordination Conflict - Area B3,Structural,Low,Coordination Conflict,2022-05-29,2022-06-13,2022-06-08,2022-06-08,,Answered,General Contractor,Engineer,0,0,No,0,0,No,0,0,No,4,5
RFI-02705,PRJ-074,RFI-0007,Architectural Missing Information - Area A4,Architectural,Medium,Missing Information,2023-06-29,2023-07-09,2023-07-03,2023-07-03,2023-07-03,Closed,Subcontractor,Owner Representative,0,0,No,0,0,No,0,0,No,1,5
RFI-02706,PRJ-074,RFI-0008,Specialty Systems Design Clarification - Area E4,Specialty Systems,Low,Design Clarification,2023-02-02,2023-02-18,2023-02-12,2023-02-12,2023-02-12,Closed,General Contractor,Design Manager,0,0,No,0,0,No,0,0,No,6,4
RFI-02707,PRJ-074,RFI-0009,Electrical Code Compliance - Area C5,Electrical,Medium,Code Compliance,2023-05-29,2023-06-10,2023-06-01,2023-06-01,,Answered,General Contractor,Engineer,0,0,No,0,0,No,0,0,No,4,5
RFI-02708,PRJ-074,RFI-0010,Fire Protection Coordination Conflict - Area E9,Fire Protection,Critical,Coordination Conflict,2022-10-11,2022-10-15,2022-10-22,2022-10-22,,Answered,Subcontractor,Engineer,0,1,No,0,0,No,0,0,No,3,5
RFI-02709,PRJ-074,RFI-0011,Civil Code Compliance - Area E9,Civil,Medium,Code Compliance,2023-02-08,2023-02-19,2023-02-16,2023-02-16,2023-02-17,Closed,General Contractor,Engineer,0,0,No,0,0,No,0,0,No,6,5
RFI-02710,PRJ-074,RFI-0012,General Constructability - Area C12,General,Medium,Constructability,2023-07-29,2023-08-09,2023-08-05,2023-08-05,2023-08-07,Closed,General Contractor,Owner Representative,0,0,No,0,0,No,0,0,No,1,5
RFI-02711,PRJ-074,RFI-0013,General Coordination Conflict - Area B11,General,High,Coordination Conflict,2023-05-26,2023-05-30,2023-06-05,2023-06-05,2023-06-05,Closed,Subcontractor,Construction Manager,0,0,No,0,0,No,0,0,No,3,5
RFI-02712,PRJ-074,RFI-0014,Mechanical Design Clarification - Area E5,Mechanical,Low,Design Clarification,2023-01-24,2023-02-09,2023-02-01,2023-02-01,,Answered,General Contractor,Engineer,0,0,No,0,0,No,0,0,No,2,5
RFI-02713,PRJ-074,RFI-0015,Architectural Missing Information - Area E4,Architectural,High,Missing Information,2022-12-19,2022-12-25,2022-12-23,2022-12-23,2022-12-23,Closed,Subcontractor,Architect,0,0,No,0,0,No,0,0,No,3,5
RFI-02714,PRJ-074,RFI-0016,Specialty Systems Design Clarification - Area D11,Specialty Systems,Low,Design Clarification,2023-02-26,2023-03-14,2023-03-11,2023-03-11,2023-03-12,Closed,General Contractor,Design Manager,0,0,No,0,0,No,0,0,No,2,5
RFI-02715,PRJ-074,RFI-0017,Structural Coordination Conflict - Area E5,Structural,High,Coordination Conflict,2022-11-23,2022-11-30,2022-11-29,2022-11-29,2022-11-30,Closed,Construction Manager,Engineer,0,0,No,0,0,No,0,0,No,2,5
RFI-02716,PRJ-074,RFI-0018,Electrical Missing Information - Area A7,Electrical,High,Missing Information,2023-08-20,2023-08-27,2023-09-05,2023-09-05,2023-09-09,Closed,General Contractor,Engineer,0,0,No,0,0,Yes,3,3,No,4,5
RFI-02717,PRJ-074,RFI-0019,Specialty Systems Coordination Conflict - Area A1,Specialty Systems,Medium,Coordination Conflict,2022-07-02,2022-07-13,2022-07-09,2022-07-09,2022-07-12,Closed,General Contractor,Design Manager,0,0,No,0,0,Yes,11,14,Yes,2,5
RFI-02718,PRJ-074,RFI-0020,Architectural Field Condition - Area C6,Architectural,Medium,Field Condition,2022-06-08,2022-06-17,2022-06-13,2022-06-13,2022-06-13,Closed,Subcontractor,Architect,0,0,No,0,0,No,0,0,No,5,5
RFI-02719,PRJ-074,RFI-0021,Mechanical Design Clarification - Area D10,Mechanical,Medium,Design Clarification,2022-04-28,2022-05-08,2022-05-06,2022-05-06,,Answered,General Contractor,Engineer,0,0,No,0,0,No,0,0,No,2,5
RFI-02720,PRJ-074,RFI-0022,Mechanical Substitution Request - Area A2,Mechanical,Medium,Substitution Request,2023-02-18,2023-02-28,2023-02-24,2023-02-24,,Answered,Subcontractor,Engineer,0,0,No,0,0,No,0,0,No,6,4
RFI-02721,PRJ-074,RFI-0023,Electrical Missing Information - Area D8,Electrical,High,Missing Information,2023-03-31,2023-04-06,2023-04-09,2023-04-09,,Answered,General Contractor,Engineer,0,0,No,0,0,Yes,3,4,No,0,5
RFI-02722,PRJ-074,RFI-0024,Electrical Substitution Request - Area A12,Electrical,Critical,Substitution Request,2022-09-21,2022-09-26,2022-09-25,2022-09-25,2022-09-28,Closed,Construction Manager,Engineer,0,0,No,0,0,No,0,0,No,0,5
RFI-02723,PRJ-074,RFI-0025,Civil Coordination Conflict - Area E7,Civil,High,Coordination Conflict,2023-01-31,2023-02-06,2023-02-12,2023-02-13,,Answered,General Contractor,Owner Representative,1,0,Yes,26000,33000,No,0,0,Yes,3,3
RFI-02724,PRJ-074,RFI-0026,Structural Coordination Conflict - Area B11,Structural,High,Coordination Conflict,2023-03-01,2023-03-06,2023-03-26,2023-03-26,2023-03-26,Closed,Construction Manager,Engineer,0,1,No,0,0,Yes,3,3,No,0,2
RFI-02725,PRJ-074,RFI-0027,General Missing Information - Area E11,General,High,Missing Information,2022-03-25,2022-03-30,2022-03-30,2022-03-30,2022-04-01,Closed,Construction Manager,Construction Manager,0,0,No,0,0,No,0,0,No,5,5
RFI-02726,PRJ-074,RFI-0028,Architectural Coordination Conflict - Area A6,Architectural,High,Coordination Conflict,2023-02-06,2023-02-13,,,,Awaiting Owner,Subcontractor,Architect,0,0,No,0,0,No,0,0,No,5,5
RFI-02727,PRJ-075,RFI-0001,Architectural Substitution Request - Area C12,Architectural,Medium,Substitution Request,2025-07-04,2025-07-15,2025-07-12,2025-07-12,2025-07-15,Closed,Construction Manager,Architect,0,0,No,0,0,No,0,0,No,0,4
RFI-02728,PRJ-075,RFI-0002,Mechanical Coordination Conflict - Area D10,Mechanical,High,Coordination Conflict,2025-09-19,2025-09-25,2025-09-30,2025-09-30,2025-10-02,Closed,General Contractor,Engineer,0,0,Yes,71000,93000,Yes,3,3,Yes,2,5
RFI-02729,PRJ-075,RFI-0003,General Missing Information - Area D4,General,Medium,Missing Information,2025-08-16,2025-08-28,2025-08-26,2025-08-30,2025-09-01,Closed,General Contractor,Owner Representative,1,0,No,0,0,No,0,0,No,0,4
RFI-02730,PRJ-075,RFI-0004,Electrical Missing Information - Area D9,Electrical,Medium,Missing Information,2024-03-29,2024-04-08,2024-04-12,2024-04-12,,Answered,General Contractor,Engineer,0,0,Yes,26000,22000,No,0,0,No,1,5
RFI-02731,PRJ-075,RFI-0005,Structural Design Clarification - Area A5,Structural,Low,Design Clarification,2025-11-29,2025-12-15,,,,Awaiting Designer,Subcontractor,Engineer,0,1,Yes,24000,25000,Yes,3,3,Yes,3,4
RFI-02732,PRJ-075,RFI-0006,General Field Condition - Area A3,General,High,Field Condition,2024-08-03,2024-08-09,,,,In Review,General Contractor,Construction Manager,0,0,No,0,0,No,0,0,No,4,5
RFI-02733,PRJ-075,RFI-0007,Specialty Systems Missing Information - Area A9,Specialty Systems,Medium,Missing Information,2025-11-20,2025-11-30,2025-11-29,2025-11-29,,Answered,General Contractor,Design Manager,0,0,No,0,0,No,0,0,No,2,5
RFI-02734,PRJ-075,RFI-0008,Plumbing Design Clarification - Area B10,Plumbing,Medium,Design Clarification,2024-06-26,2024-07-07,2024-07-06,2024-07-06,2024-07-06,Closed,General Contractor,Engineer,0,0,No,0,0,No,0,0,No,3,5
RFI-02735,PRJ-075,RFI-0009,Civil Missing Information - Area D11,Civil,High,Missing Information,2023-12-30,2024-01-04,2024-01-11,2024-01-11,2024-01-12,Closed,Construction Manager,Owner Representative,0,0,No,0,0,No,0,0,No,1,5
RFI-02736,PRJ-075,RFI-0010,Plumbing Constructability - Area E2,Plumbing,Medium,Constructability,2025-10-22,2025-10-31,2025-11-04,2025-11-04,2025-11-06,Closed,General Contractor,Engineer,0,0,No,0,0,No,0,0,No,4,5
RFI-02737,PRJ-075,RFI-0011,Mechanical Design Clarification - Area E7,Mechanical,Medium,Design Clarification,2025-07-24,2025-08-04,2025-08-10,2025-08-12,2025-08-16,Closed,General Contractor,Engineer,1,0,Yes,5000,6400,Yes,1,1,No,2,3
RFI-02738,PRJ-075,RFI-0012,Controls Design Clarification - Area A12,Controls,High,Design Clarification,2024-04-14,2024-04-20,2024-05-14,2024-05-15,2024-05-17,Closed,Subcontractor,Engineer,1,0,Yes,8400,7900,Yes,2,2,Yes,0,2
RFI-02739,PRJ-075,RFI-0013,General Substitution Request - Area C5,General,High,Substitution Request,2025-12-30,2026-01-04,,,,Awaiting Owner,General Contractor,Construction Manager,0,0,Yes,7700,8400,Yes,3,3,Yes,1,4
RFI-02740,PRJ-075,RFI-0014,Mechanical Design Clarification - Area C12,Mechanical,Low,Design Clarification,2025-05-06,2025-05-22,2025-05-17,2025-05-17,2025-05-20,Closed,General Contractor,Engineer,0,0,No,0,0,No,0,0,No,6,5
RFI-02741,PRJ-075,RFI-0015,Mechanical Constructability - Area B3,Mechanical,Medium,Constructability,2024-11-19,2024-12-01,2024-12-02,2024-12-02,,Answered,General Contractor,Engineer,0,0,No,0,0,No,0,0,No,0,5
RFI-02742,PRJ-075,RFI-0016,Fire Protection Design Clarification - Area C2,Fire Protection,Medium,Design Clarification,2024-07-21,2024-08-02,2024-08-28,2024-09-01,2024-09-01,Closed,Construction Manager,Engineer,1,0,Yes,23000,21000,No,0,0,No,0,3
RFI-02743,PRJ-075,RFI-0017,Architectural Design Clarification - Area E12,Architectural,Medium,Design Clarification,2023-11-18,2023-11-28,2023-11-29,2023-12-01,2023-12-03,Closed,General Contractor,Architect,1,0,No,0,0,No,0,0,No,6,3
RFI-02744,PRJ-075,RFI-0018,Specialty Systems Coordination Conflict - Area C7,Specialty Systems,Medium,Coordination Conflict,2025-07-31,2025-08-11,2025-08-23,2025-08-23,2025-08-24,Closed,Construction Manager,Design Manager,0,0,Yes,4400,5800,No,0,0,Yes,3,4
RFI-02745,PRJ-075,RFI-0019,Architectural Field Condition - Area A1,Architectural,Critical,Field Condition,2025-04-29,2025-05-04,2025-05-07,2025-05-07,,Answered,Subcontractor,Architect,0,0,No,0,0,No,0,0,No,6,5
RFI-02746,PRJ-075,RFI-0020,Civil Field Condition - Area E4,Civil,Medium,Field Condition,2025-06-23,2025-07-04,2025-07-05,2025-07-05,2025-07-09,Closed,General Contractor,Engineer,0,0,No,0,0,No,0,0,No,4,5
RFI-02747,PRJ-075,RFI-0021,Plumbing Coordination Conflict - Area D1,Plumbing,Medium,Coordination Conflict,2025-11-18,2025-11-29,,,,In Review,Subcontractor,Engineer,0,1,Yes,33000,36000,Yes,8,5,Yes,4,3
RFI-02748,PRJ-075,RFI-0022,Controls Missing Information - Area B11,Controls,Medium,Missing Information,2024-04-29,2024-05-08,2024-05-28,2024-05-31,2024-06-03,Closed,Construction Manager,Owner Representative,1,0,Yes,29000,22000,Yes,2,1,No,4,3
RFI-02749,PRJ-075,RFI-0023,Structural Design Clarification - Area E9,Structural,Low,Design Clarification,2024-11-09,2024-11-22,2024-11-27,2024-11-27,2024-12-01,Closed,General Contractor,Engineer,0,0,No,0,0,No,0,0,No,4,5
RFI-02750,PRJ-075,RFI-0024,Structural Field Condition - Area A3,Structural,Medium,Field Condition,2024-04-26,2024-05-08,2024-05-05,2024-05-09,,Answered,General Contractor,Engineer,1,0,No,0,0,Yes,5,5,No,1,5
RFI-02751,PRJ-075,RFI-0025,Electrical Design Clarification - Area D5,Electrical,Low,Design Clarification,2024-12-19,2025-01-04,,,,In Review,General Contractor,Engineer,1,0,Yes,4200,3800,No,0,0,No,0,4
RFI-02752,PRJ-075,RFI-0026,Electrical Field Condition - Area D2,Electrical,High,Field Condition,2025-12-21,2025-12-28,,,,In Review,Construction Manager,Engineer,0,0,No,0,0,No,0,0,No,5,4
RFI-02753,PRJ-075,RFI-0027,General Substitution Request - Area C8,General,Medium,Substitution Request,2024-06-13,2024-06-24,2024-06-28,2024-06-28,2024-06-28,Closed,Subcontractor,Construction Manager,0,0,No,0,0,No,0,0,No,5,5
RFI-02754,PRJ-075,RFI-0028,Controls Coordination Conflict - Area B11,Controls,Medium,Coordination Conflict,2024-04-10,2024-04-20,2024-05-04,2024-05-05,2024-05-09,Closed,General Contractor,Engineer,1,0,Yes,26000,30000,Yes,2,2,Yes,6,3
RFI-02755,PRJ-075,RFI-0029,Mechanical Field Condition - Area D11,Mechanical,Medium,Field Condition,2024-03-19,2024-03-28,2024-04-09,2024-04-11,2024-04-13,Closed,General Contractor,Engineer,1,0,No,0,0,No,0,0,No,2,3
RFI-02756,PRJ-075,RFI-0030,General Constructability - Area A5,General,Medium,Constructability,2025-08-07,2025-08-17,2025-08-13,2025-08-13,2025-08-16,Closed,Subcontractor,Construction Manager,0,0,No,0,0,No,0,0,No,4,5
RFI-02757,PRJ-075,RFI-0031,Architectural Code Compliance - Area D12,Architectural,Medium,Code Compliance,2024-06-27,2024-07-08,2024-07-13,2024-07-13,,Answered,Subcontractor,Architect,0,0,No,0,0,No,0,0,No,5,4
RFI-02758,PRJ-075,RFI-0032,Electrical Design Clarification - Area D3,Electrical,Medium,Design Clarification,2023-12-20,2023-12-31,2023-12-28,2023-12-28,2023-12-31,Closed,Subcontractor,Engineer,0,0,No,0,0,No,0,0,No,6,4
RFI-02759,PRJ-075,RFI-0033,Plumbing Design Clarification - Area B6,Plumbing,Medium,Design Clarification,2025-07-28,2025-08-07,2025-08-05,2025-08-05,2025-08-08,Closed,General Contractor,Engineer,0,0,No,0,0,No,0,0,No,5,5
RFI-02760,PRJ-075,RFI-0034,Architectural Code Compliance - Area B8,Architectural,Medium,Code Compliance,2024-05-15,2024-05-27,2024-06-06,2024-06-06,2024-06-09,Closed,General Contractor,Architect,0,0,No,0,0,Yes,2,1,No,2,4
RFI-02761,PRJ-075,RFI-0035,Mechanical Coordination Conflict - Area A11,Mechanical,Medium,Coordination Conflict,2024-04-03,2024-04-15,2024-05-02,2024-05-02,,Answered,Subcontractor,Engineer,0,0,Yes,7500,9800,No,0,0,No,4,4
RFI-02762,PRJ-075,RFI-0036,Controls Substitution Request - Area D8,Controls,Critical,Substitution Request,2025-07-23,2025-07-26,2025-08-06,2025-08-06,2025-08-09,Closed,General Contractor,Engineer,0,0,No,0,0,No,0,0,No,0,3
RFI-02763,PRJ-075,RFI-0037,Fire Protection Design Clarification - Area C6,Fire Protection,Medium,Design Clarification,2025-10-20,2025-10-30,2025-11-24,2025-11-28,2025-11-29,Closed,Subcontractor,Engineer,1,0,No,0,0,No,0,0,No,3,2
RFI-02764,PRJ-075,RFI-0038,Civil Missing Information - Area C2,Civil,High,Missing Information,2024-07-13,2024-07-19,2024-07-23,2024-07-26,,Answered,Subcontractor,Engineer,1,0,Yes,29000,23000,Yes,1,1,Yes,1,3
RFI-02765,PRJ-075,RFI-0039,Mechanical Constructability - Area B9,Mechanical,High,Constructability,2025-08-21,2025-08-28,2025-09-05,2025-09-05,,Answered,Subcontractor,Engineer,0,0,Yes,14000,18000,No,0,0,No,5,4
RFI-02766,PRJ-075,RFI-0040,Mechanical Constructability - Area D4,Mechanical,Medium,Constructability,2024-03-14,2024-03-24,2024-04-21,2024-04-21,2024-04-21,Closed,Subcontractor,Owner Representative,0,1,Yes,7700,5800,Yes,5,6,Yes,6,2
RFI-02767,PRJ-075,RFI-0041,Plumbing Constructability - Area D2,Plumbing,Medium,Constructability,2024-06-11,2024-06-21,2024-06-29,2024-06-29,,Answered,General Contractor,Engineer,0,0,No,0,0,No,0,0,No,6,5
RFI-02768,PRJ-075,RFI-0042,Mechanical Design Clarification - Area E9,Mechanical,Medium,Design Clarification,2025-03-13,2025-03-23,2025-03-25,2025-03-26,2025-03-26,Closed,Construction Manager,Owner Representative,1,0,No,0,0,No,0,0,No,2,5
RFI-02769,PRJ-075,RFI-0043,Plumbing Constructability - Area A3,Plumbing,Medium,Constructability,2024-07-01,2024-07-10,2024-07-20,2024-07-20,2024-07-20,Closed,Subcontractor,Engineer,0,0,Yes,74000,98000,No,0,0,Yes,2,4
RFI-02770,PRJ-075,RFI-0044,Architectural Constructability - Area C9,Architectural,Low,Constructability,2024-01-11,2024-01-24,2024-01-27,2024-01-27,2024-01-31,Closed,Construction Manager,Owner Representative,0,0,No,0,0,No,0,0,No,4,5
RFI-02771,PRJ-075,RFI-0045,Specialty Systems Field Condition - Area C6,Specialty Systems,Low,Field Condition,2024-06-16,2024-07-02,2024-07-01,2024-07-01,2024-07-05,Closed,Construction Manager,Design Manager,0,0,No,0,0,No,0,0,No,1,5
RFI-02772,PRJ-075,RFI-0046,Electrical Constructability - Area D12,Electrical,Medium,Constructability,2024-03-18,2024-03-29,2024-03-30,2024-03-30,2024-04-02,Closed,Subcontractor,Engineer,0,0,No,0,0,No,0,0,No,3,3
RFI-02773,PRJ-075,RFI-0047,Specialty Systems Field Condition - Area E1,Specialty Systems,High,Field Condition,2025-04-09,2025-04-16,2025-04-28,2025-05-01,2025-05-04,Closed,General Contractor,Design Manager,1,0,Yes,368000,410000,Yes,10,13,Yes,0,3
RFI-02774,PRJ-075,RFI-0048,Plumbing Design Clarification - Area C6,Plumbing,Medium,Design Clarification,2024-12-14,2024-12-26,2024-12-28,2024-12-28,2024-12-29,Closed,Construction Manager,Engineer,0,0,No,0,0,No,0,0,No,2,4
RFI-02775,PRJ-075,RFI-0049,Mechanical Missing Information - Area C12,Mechanical,Medium,Missing Information,2024-05-24,2024-06-03,2024-06-17,2024-06-17,2024-06-17,Closed,Subcontractor,Engineer,0,0,No,0,0,No,0,0,No,0,3
RFI-02776,PRJ-075,RFI-0050,Structural Coordination Conflict - Area A8,Structural,Medium,Coordination Conflict,2025-10-12,2025-10-21,2025-11-03,2025-11-03,2025-11-06,Closed,General Contractor,Owner Representative,0,0,No,0,0,Yes,1,1,Yes,4,4
RFI-02777,PRJ-075,RFI-0051,Electrical Design Clarification - Area C6,Electrical,Medium,Design Clarification,2024-05-05,2024-05-17,2024-06-08,2024-06-12,2024-06-12,Closed,General Contractor,Engineer,2,0,Yes,7800,6500,No,0,0,Yes,6,2
RFI-02778,PRJ-075,RFI-0052,Fire Protection Constructability - Area A10,Fire Protection,Low,Constructability,2024-12-16,2024-12-30,2025-01-13,2025-01-13,2025-01-15,Closed,General Contractor,Engineer,0,0,Yes,2100,2100,No,0,0,Yes,1,4
RFI-02779,PRJ-075,RFI-0053,Mechanical Field Condition - Area B1,Mechanical,Critical,Field Condition,2025-09-03,2025-09-07,2025-09-26,,,In Review,Subcontractor,Owner Representative,0,0,No,0,0,Yes,15,16,Yes,0,4
RFI-02780,PRJ-075,RFI-0054,Specialty Systems Design Clarification - Area D5,Specialty Systems,Low,Design Clarification,2025-01-03,2025-01-18,2025-02-03,2025-02-04,2025-02-05,Closed,General Contractor,Owner Representative,1,1,No,0,0,No,0,0,No,6,4
RFI-02781,PRJ-075,RFI-0055,Plumbing Coordination Conflict - Area D6,Plumbing,Medium,Coordination Conflict,2024-06-12,2024-06-21,2024-07-02,2024-07-04,2024-07-04,Closed,General Contractor,Engineer,1,1,No,0,0,Yes,4,5,Yes,6,4
RFI-02782,PRJ-076,RFI-0001,Architectural Design Clarification - Area C5,Architectural,Medium,Design Clarification,2022-08-25,2022-09-04,2022-09-07,2022-09-11,,Answered,Subcontractor,Owner Representative,1,0,No,0,0,Yes,1,1,Yes,4,4
RFI-02783,PRJ-076,RFI-0002,Controls Design Clarification - Area D1,Controls,Medium,Design Clarification,2023-04-30,2023-05-09,2023-05-06,2023-05-06,2023-05-10,Closed,Subcontractor,Engineer,0,0,No,0,0,No,0,0,No,4,4
RFI-02784,PRJ-076,RFI-0003,Architectural Field Condition - Area D5,Architectural,Medium,Field Condition,2022-03-23,2022-04-03,,,,Open,Construction Manager,Architect,1,0,No,0,0,Yes,5,5,Yes,6,4
RFI-02785,PRJ-076,RFI-0004,Civil Constructability - Area C1,Civil,Medium,Constructability,2022-04-09,2022-04-19,2022-04-15,2022-04-15,2022-04-15,Closed,Construction Manager,Engineer,0,0,No,0,0,No,0,0,No,0,5
RFI-02786,PRJ-076,RFI-0005,Plumbing Coordination Conflict - Area E12,Plumbing,High,Coordination Conflict,2023-04-01,2023-04-08,2023-04-06,2023-04-06,,Answered,General Contractor,Engineer,0,0,No,0,0,No,0,0,No,6,5
RFI-02787,PRJ-076,RFI-0006,Fire Protection Code Compliance - Area C4,Fire Protection,Medium,Code Compliance,2022-08-20,2022-08-29,2022-08-29,2022-08-29,2022-08-29,Closed,Construction Manager,Engineer,0,0,No,0,0,No,0,0,No,6,4
RFI-02788,PRJ-076,RFI-0007,Specialty Systems Design Clarification - Area D11,Specialty Systems,Medium,Design Clarification,2022-12-19,2022-12-28,2022-12-30,2023-01-02,2023-01-06,Closed,Subcontractor,Design Manager,1,0,Yes,14000,20000,No,0,0,Yes,6,2
RFI-02789,PRJ-076,RFI-0008,Electrical Coordination Conflict - Area B8,Electrical,Medium,Coordination Conflict,2022-05-22,2022-06-02,2022-06-06,2022-06-09,2022-06-09,Closed,General Contractor,Engineer,1,1,No,0,0,No,0,0,No,2,3
RFI-02790,PRJ-076,RFI-0009,Mechanical Missing Information - Area D8,Mechanical,Medium,Missing Information,2022-06-01,2022-06-12,2022-06-08,,,Awaiting Designer,Subcontractor,Engineer,0,0,No,0,0,No,0,0,No,2,5
RFI-02791,PRJ-076,RFI-0010,Controls Constructability - Area E5,Controls,High,Constructability,2023-04-04,2023-04-10,2023-04-16,2023-04-18,2023-04-18,Closed,Subcontractor,Owner Representative,1,0,Yes,11000,8400,No,0,0,Yes,2,2
RFI-02792,PRJ-076,RFI-0011,Electrical Coordination Conflict - Area C10,Electrical,High,Coordination Conflict,2023-01-31,2023-02-05,2023-02-06,2023-02-06,,Answered,Subcontractor,Engineer,0,0,No,0,0,No,0,0,No,2,4
RFI-02793,PRJ-076,RFI-0012,Fire Protection Coordination Conflict - Area E2,Fire Protection,Critical,Coordination Conflict,2022-02-21,2022-02-26,2022-03-03,2022-03-03,,Answered,General Contractor,Engineer,0,0,Yes,36000,32000,No,0,0,No,3,5
RFI-02794,PRJ-076,RFI-0013,Controls Design Clarification - Area B1,Controls,Medium,Design Clarification,2022-12-08,2022-12-18,2022-12-18,2022-12-18,,Answered,General Contractor,Engineer,0,0,No,0,0,No,0,0,No,2,5
RFI-02795,PRJ-076,RFI-0014,Structural Field Condition - Area A2,Structural,Medium,Field Condition,2022-05-04,2022-05-13,2022-05-20,2022-05-23,2022-05-27,Closed,Construction Manager,Owner Representative,1,1,No,0,0,No,0,0,No,5,3
RFI-02796,PRJ-076,RFI-0015,Civil Coordination Conflict - Area E10,Civil,Medium,Coordination Conflict,2022-07-07,2022-07-16,2022-07-15,2022-07-15,2022-07-17,Closed,Construction Manager,Engineer,0,0,No,0,0,No,0,0,No,6,4
RFI-02797,PRJ-076,RFI-0016,General Code Compliance - Area E7,General,Medium,Code Compliance,2022-09-04,2022-09-15,2022-09-09,2022-09-09,2022-09-13,Closed,General Contractor,Construction Manager,0,0,No,0,0,Yes,1,1,Yes,6,5
RFI-02798,PRJ-076,RFI-0017,Mechanical Code Compliance - Area E8,Mechanical,Medium,Code Compliance,2022-11-29,2022-12-11,2022-12-04,2022-12-04,,Answered,Subcontractor,Engineer,0,0,No,0,0,No,0,0,No,3,3
RFI-02799,PRJ-076,RFI-0018,Civil Coordination Conflict - Area B2,Civil,Medium,Coordination Conflict,2023-03-03,2023-03-12,2023-03-14,2023-03-14,2023-03-17,Closed,Construction Manager,Engineer,0,0,No,0,0,No,0,0,No,4,5
RFI-02800,PRJ-076,RFI-0019,Electrical Design Clarification - Area E4,Electrical,Medium,Design Clarification,2022-04-28,2022-05-08,2022-05-13,2022-05-15,2022-05-15,Closed,General Contractor,Engineer,1,0,No,0,0,Yes,3,2,Yes,5,2
RFI-02801,PRJ-076,RFI-0020,Fire Protection Field Condition - Area C4,Fire Protection,Medium,Field Condition,2022-04-15,2022-04-24,2022-04-24,2022-04-24,2022-04-28,Closed,Subcontractor,Engineer,0,0,No,0,0,No,0,0,No,0,5
RFI-02802,PRJ-076,RFI-0021,Architectural Coordination Conflict - Area A7,Architectural,Medium,Coordination Conflict,2023-05-02,2023-05-13,2023-05-09,2023-05-09,2023-05-09,Closed,Subcontractor,Architect,0,0,Yes,13000,13000,No,0,0,Yes,0,5
RFI-02803,PRJ-076,RFI-0022,Structural Design Clarification - Area E7,Structural,High,Design Clarification,2023-05-15,2023-05-22,2023-05-19,2023-05-19,2023-05-23,Closed,Subcontractor,Engineer,0,0,No,0,0,No,0,0,No,1,5
RFI-02804,PRJ-076,RFI-0023,Plumbing Coordination Conflict - Area C1,Plumbing,Medium,Coordination Conflict,2023-03-22,2023-04-02,2023-04-04,2023-04-05,2023-04-05,Closed,General Contractor,Engineer,1,0,No,0,0,No,0,0,No,3,4
RFI-02805,PRJ-076,RFI-0024,Controls Design Clarification - Area C12,Controls,Low,Design Clarification,2022-04-18,2022-05-01,2022-05-05,2022-05-07,2022-05-10,Closed,Subcontractor,Engineer,1,0,No,0,0,No,0,0,No,6,5
RFI-02806,PRJ-076,RFI-0025,Electrical Field Condition - Area D5,Electrical,Medium,Field Condition,2023-01-21,2023-01-31,2023-01-29,2023-01-29,,Answered,Construction Manager,Engineer,0,0,No,0,0,No,0,0,No,5,5
RFI-02807,PRJ-076,RFI-0026,Specialty Systems Code Compliance - Area A9,Specialty Systems,High,Code Compliance,2022-01-28,2022-02-01,2022-02-04,2022-02-08,2022-02-09,Closed,Subcontractor,Design Manager,1,0,No,0,0,No,0,0,No,5,3
RFI-02808,PRJ-076,RFI-0027,Electrical Constructability - Area E5,Electrical,High,Constructability,2022-08-14,2022-08-20,2022-08-21,2022-08-21,2022-08-23,Closed,General Contractor,Owner Representative,0,0,Yes,425000,301000,No,0,0,No,0,5
RFI-02809,PRJ-076,RFI-0028,Civil Constructability - Area D11,Civil,Medium,Constructability,2023-04-04,2023-04-16,2023-04-12,2023-04-14,2023-04-17,Closed,General Contractor,Engineer,1,0,No,0,0,No,0,0,No,6,4
RFI-02810,PRJ-076,RFI-0029,Electrical Coordination Conflict - Area B12,Electrical,Medium,Coordination Conflict,2022-05-23,2022-06-03,2022-05-29,2022-05-29,2022-05-31,Closed,General Contractor,Engineer,0,0,No,0,0,No,0,0,No,1,5
RFI-02811,PRJ-076,RFI-0030,Architectural Missing Information - Area D10,Architectural,Medium,Missing Information,2023-03-23,2023-04-03,2023-03-26,2023-03-26,2023-03-28,Closed,General Contractor,Architect,0,0,No,0,0,No,0,0,No,0,5
RFI-02812,PRJ-076,RFI-0031,Civil Field Condition - Area D1,Civil,High,Field Condition,2022-07-02,2022-07-08,2022-07-12,2022-07-12,2022-07-14,Closed,General Contractor,Engineer,0,0,No,0,0,Yes,1,1,Yes,6,5
RFI-02813,PRJ-076,RFI-0032,Mechanical Design Clarification - Area D4,Mechanical,Medium,Design Clarification,2022-09-01,2022-09-10,2022-09-06,2022-09-06,2022-09-10,Closed,Subcontractor,Engineer,0,0,No,0,0,No,0,0,No,6,5
RFI-02814,PRJ-076,RFI-0033,Civil Coordination Conflict - Area E5,Civil,Low,Coordination Conflict,2022-03-13,2022-03-27,2022-03-23,2022-03-23,,Answered,General Contractor,Engineer,0,0,No,0,0,No,0,0,No,6,5
RFI-02815,PRJ-076,RFI-0034,Mechanical Field Condition - Area B5,Mechanical,Low,Field Condition,2022-12-19,2023-01-03,2022-12-26,2022-12-26,,Answered,General Contractor,Engineer,0,0,No,0,0,No,0,0,No,3,4
RFI-02816,PRJ-076,RFI-0035,Mechanical Coordination Conflict - Area C11,Mechanical,Low,Coordination Conflict,2023-01-22,2023-02-07,,,,Awaiting Designer,General Contractor,Engineer,0,0,No,0,0,No,0,0,No,1,5
RFI-02817,PRJ-076,RFI-0036,Plumbing Missing Information - Area C5,Plumbing,Critical,Missing Information,2022-04-02,2022-04-04,,,,Awaiting Owner,Subcontractor,Engineer,0,1,Yes,222000,162000,Yes,18,24,No,5,5
RFI-02818,PRJ-076,RFI-0037,Plumbing Missing Information - Area B9,Plumbing,Medium,Missing Information,2023-01-07,2023-01-19,2023-01-14,2023-01-14,2023-01-18,Closed,Construction Manager,Owner Representative,0,0,No,0,0,No,0,0,No,0,5
RFI-02819,PRJ-076,RFI-0038,Controls Coordination Conflict - Area A7,Controls,High,Coordination Conflict,2022-07-05,2022-07-12,2022-07-08,2022-07-12,,Answered,General Contractor,Engineer,1,0,No,0,0,No,0,0,No,5,5
RFI-02820,PRJ-076,RFI-0039,Plumbing Design Clarification - Area E10,Plumbing,Critical,Design Clarification,2022-04-17,2022-04-20,2022-04-21,2022-04-21,2022-04-21,Closed,General Contractor,Engineer,0,0,No,0,0,No,0,0,No,3,5
RFI-02821,PRJ-076,RFI-0040,General Coordination Conflict - Area E6,General,High,Coordination Conflict,2022-03-29,2022-04-02,2022-04-02,2022-04-02,2022-04-04,Closed,Subcontractor,Construction Manager,0,0,No,0,0,No,0,0,No,6,5
RFI-02822,PRJ-076,RFI-0041,Architectural Substitution Request - Area E6,Architectural,Low,Substitution Request,2022-09-14,2022-09-30,2022-09-19,,,Open,General Contractor,Architect,0,0,No,0,0,No,0,0,No,4,5
RFI-02823,PRJ-076,RFI-0042,General Coordination Conflict - Area D12,General,Low,Coordination Conflict,2023-03-11,2023-03-27,2023-03-16,2023-03-16,,Answered,General Contractor,Owner Representative,0,0,No,0,0,No,0,0,No,6,5
RFI-02824,PRJ-076,RFI-0043,Electrical Code Compliance - Area A6,Electrical,High,Code Compliance,2022-12-24,2022-12-30,2022-12-30,2022-12-30,2022-12-30,Closed,Construction Manager,Engineer,0,0,No,0,0,Yes,11,13,Yes,5,5
RFI-02825,PRJ-077,RFI-0001,Electrical Constructability - Area A3,Electrical,High,Constructability,2022-11-22,2022-11-26,2022-12-01,2022-12-01,2022-12-05,Closed,General Contractor,Engineer,0,0,No,0,0,No,0,0,No,5,5
RFI-02826,PRJ-077,RFI-0002,General Constructability - Area A9,General,Medium,Constructability,2023-08-13,2023-08-23,2023-08-28,2023-08-29,,Answered,General Contractor,Construction Manager,1,0,No,0,0,Yes,1,1,No,2,4
RFI-02827,PRJ-077,RFI-0003,Civil Substitution Request - Area C8,Civil,Medium,Substitution Request,2022-07-02,2022-07-13,2022-07-18,2022-07-18,2022-07-18,Closed,Construction Manager,Owner Representative,0,0,Yes,12000,14000,No,0,0,Yes,2,4
RFI-02828,PRJ-077,RFI-0004,Controls Constructability - Area C6,Controls,Medium,Constructability,2023-05-19,2023-05-29,2023-06-07,2023-06-10,2023-06-14,Closed,Subcontractor,Engineer,1,0,No,0,0,No,0,0,No,6,4
RFI-02829,PRJ-077,RFI-0005,Plumbing Design Clarification - Area B6,Plumbing,Medium,Design Clarification,2023-05-30,2023-06-10,2023-06-12,2023-06-12,2023-06-13,Closed,Subcontractor,Engineer,0,0,No,0,0,No,0,0,No,3,4
RFI-02830,PRJ-077,RFI-0006,Electrical Coordination Conflict - Area B8,Electrical,Low,Coordination Conflict,2023-07-07,2023-07-22,2023-07-18,2023-07-18,,Answered,Construction Manager,Engineer,0,0,No,0,0,Yes,1,1,No,3,5
RFI-02831,PRJ-077,RFI-0007,Structural Missing Information - Area E1,Structural,High,Missing Information,2022-12-13,2022-12-17,2022-12-25,2022-12-25,2022-12-29,Closed,Subcontractor,Engineer,0,0,No,0,0,Yes,2,2,Yes,6,4
RFI-02832,PRJ-077,RFI-0008,Plumbing Design Clarification - Area D8,Plumbing,Low,Design Clarification,2022-06-22,2022-07-08,2022-07-07,2022-07-07,2022-07-08,Closed,Subcontractor,Engineer,0,0,No,0,0,No,0,0,No,1,5
RFI-02833,PRJ-077,RFI-0009,Specialty Systems Code Compliance - Area A3,Specialty Systems,High,Code Compliance,2022-11-14,2022-11-21,2022-12-01,2022-12-02,2022-12-03,Closed,General Contractor,Owner Representative,1,0,No,0,0,No,0,0,No,2,3
RFI-02834,PRJ-077,RFI-0010,Fire Protection Field Condition - Area A12,Fire Protection,Medium,Field Condition,2022-05-20,2022-05-31,2022-05-29,2022-05-29,2022-05-30,Closed,Subcontractor,Engineer,0,0,No,0,0,No,0,0,No,2,5
RFI-02835,PRJ-077,RFI-0011,Specialty Systems Missing Information - Area E12,Specialty Systems,Medium,Missing Information,2023-07-24,2023-08-05,2023-08-07,2023-08-11,,Answered,Construction Manager,Design Manager,1,0,No,0,0,No,0,0,No,1,4
RFI-02836,PRJ-077,RFI-0012,Mechanical Design Clarification - Area D1,Mechanical,Low,Design Clarification,2023-04-30,2023-05-16,2023-05-14,,,Awaiting Designer,General Contractor,Engineer,0,0,No,0,0,No,0,0,No,2,5
RFI-02837,PRJ-077,RFI-0013,Plumbing Constructability - Area B4,Plumbing,Medium,Constructability,2022-12-25,2023-01-06,2023-01-10,2023-01-13,2023-01-16,Closed,General Contractor,Engineer,1,0,No,0,0,Yes,3,3,Yes,2,4
RFI-02838,PRJ-077,RFI-0014,Structural Substitution Request - Area D8,Structural,High,Substitution Request,2023-07-06,2023-07-11,2023-07-19,2023-07-19,2023-07-23,Closed,General Contractor,Engineer,0,0,Yes,7700,11000,Yes,2,1,Yes,2,5
RFI-02839,PRJ-077,RFI-0015,Mechanical Coordination Conflict - Area A4,Mechanical,Medium,Coordination Conflict,2023-04-23,2023-05-02,2023-05-11,2023-05-12,2023-05-15,Closed,General Contractor,Engineer,1,0,Yes,18000,19000,No,0,0,No,6,3
RFI-02840,PRJ-077,RFI-0016,Specialty Systems Coordination Conflict - Area D6,Specialty Systems,Medium,Coordination Conflict,2023-08-22,2023-09-03,2023-09-05,2023-09-07,2023-09-10,Closed,Construction Manager,Design Manager,1,0,Yes,187000,243000,No,0,0,No,3,4
RFI-02841,PRJ-077,RFI-0017,Civil Coordination Conflict - Area D12,Civil,Medium,Coordination Conflict,2023-02-27,2023-03-09,2023-03-09,2023-03-09,2023-03-11,Closed,General Contractor,Engineer,0,0,No,0,0,No,0,0,No,1,5
RFI-02842,PRJ-077,RFI-0018,Architectural Coordination Conflict - Area D2,Architectural,Low,Coordination Conflict,2023-03-25,2023-04-09,2023-04-12,2023-04-12,2023-04-13,Closed,Subcontractor,Architect,0,0,Yes,26000,35000,No,0,0,Yes,4,5
RFI-02843,PRJ-077,RFI-0019,Electrical Coordination Conflict - Area C4,Electrical,Medium,Coordination Conflict,2022-08-04,2022-08-16,2022-08-14,2022-08-14,2022-08-15,Closed,Subcontractor,Engineer,0,0,No,0,0,Yes,2,1,Yes,6,5
RFI-02844,PRJ-077,RFI-0020,Mechanical Coordination Conflict - Area B1,Mechanical,High,Coordination Conflict,2022-06-08,2022-06-15,2022-06-22,2022-06-22,2022-06-23,Closed,Construction Manager,Engineer,0,0,No,0,0,No,0,0,No,6,4
RFI-02845,PRJ-077,RFI-0021,Architectural Coordination Conflict - Area A12,Architectural,High,Coordination Conflict,2023-05-31,2023-06-07,2023-06-13,2023-06-13,2023-06-16,Closed,General Contractor,Owner Representative,0,0,Yes,29000,23000,No,0,0,No,3,5
RFI-02846,PRJ-077,RFI-0022,General Coordination Conflict - Area C9,General,Medium,Coordination Conflict,2022-07-14,2022-07-23,2022-07-26,2022-07-28,2022-07-31,Closed,General Contractor,Construction Manager,1,0,No,0,0,Yes,3,2,Yes,6,3
RFI-02847,PRJ-077,RFI-0023,Electrical Coordination Conflict - Area D4,Electrical,High,Coordination Conflict,2022-02-05,2022-02-12,2022-02-22,,,Open,General Contractor,Engineer,0,0,No,0,0,No,0,0,No,1,3
RFI-02848,PRJ-077,RFI-0024,Civil Code Compliance - Area C2,Civil,High,Code Compliance,2022-02-21,2022-02-26,2022-03-04,2022-03-07,2022-03-09,Closed,Subcontractor,Engineer,1,0,Yes,3700,5100,Yes,5,7,No,6,4
RFI-02849,PRJ-077,RFI-0025,Mechanical Coordination Conflict - Area D6,Mechanical,Medium,Coordination Conflict,2022-04-17,2022-04-27,2022-05-02,2022-05-05,,Answered,General Contractor,Engineer,1,0,No,0,0,No,0,0,No,1,4
RFI-02850,PRJ-077,RFI-0026,Electrical Design Clarification - Area C2,Electrical,Medium,Design Clarification,2022-02-02,2022-02-13,2022-02-13,2022-02-13,2022-02-15,Closed,General Contractor,Engineer,0,0,No,0,0,No,0,0,No,5,5
RFI-02851,PRJ-077,RFI-0027,Civil Constructability - Area B7,Civil,Medium,Constructability,2023-10-09,2023-10-18,2023-11-01,2023-11-01,2023-11-05,Closed,Subcontractor,Engineer,0,0,No,0,0,No,0,0,No,6,5
RFI-02852,PRJ-077,RFI-0028,Electrical Constructability - Area A5,Electrical,Medium,Constructability,2022-09-15,2022-09-27,2022-09-28,2022-09-28,2022-10-01,Closed,Construction Manager,Engineer,0,0,Yes,8100,6300,No,0,0,Yes,6,4
RFI-02853,PRJ-077,RFI-0029,Architectural Missing Information - Area B10,Architectural,High,Missing Information,2022-11-10,2022-11-15,2022-11-18,2022-11-18,,Answered,General Contractor,Architect,0,0,No,0,0,No,0,0,No,6,4
RFI-02854,PRJ-077,RFI-0030,Fire Protection Field Condition - Area B6,Fire Protection,Medium,Field Condition,2023-08-28,2023-09-06,2023-09-01,2023-09-01,2023-09-04,Closed,General Contractor,Engineer,0,0,No,0,0,No,0,0,No,1,5
RFI-02855,PRJ-077,RFI-0031,Mechanical Field Condition - Area D9,Mechanical,Medium,Field Condition,2022-03-03,2022-03-14,2022-03-15,2022-03-15,2022-03-18,Closed,Subcontractor,Engineer,0,0,No,0,0,No,0,0,No,4,5
RFI-02856,PRJ-077,RFI-0032,Structural Substitution Request - Area D9,Structural,High,Substitution Request,2023-08-27,2023-08-31,2023-09-02,2023-09-02,2023-09-03,Closed,General Contractor,Engineer,0,0,No,0,0,No,0,0,No,4,5
RFI-02857,PRJ-077,RFI-0033,Mechanical Coordination Conflict - Area B7,Mechanical,Medium,Coordination Conflict,2022-08-15,2022-08-24,2022-09-02,2022-09-02,2022-09-02,Closed,General Contractor,Engineer,0,0,No,0,0,No,0,0,No,2,4
RFI-02858,PRJ-077,RFI-0034,Electrical Coordination Conflict - Area B5,Electrical,High,Coordination Conflict,2023-06-22,2023-06-27,,,,Open,Subcontractor,Engineer,0,0,No,0,0,No,0,0,No,1,5
RFI-02859,PRJ-077,RFI-0035,Mechanical Design Clarification - Area B1,Mechanical,High,Design Clarification,2023-09-04,2023-09-09,2023-09-21,2023-09-21,,Answered,Subcontractor,Owner Representative,0,0,No,0,0,No,0,0,No,0,5
RFI-02860,PRJ-077,RFI-0036,Structural Code Compliance - Area B1,Structural,High,Code Compliance,2022-05-03,2022-05-07,2022-05-29,2022-06-01,2022-06-03,Closed,Subcontractor,Engineer,1,0,No,0,0,No,0,0,No,0,2
RFI-02861,PRJ-077,RFI-0037,Controls Coordination Conflict - Area C9,Controls,Low,Coordination Conflict,2022-08-12,2022-08-28,2022-09-06,,,In Review,Subcontractor,Engineer,0,0,No,0,0,No,0,0,No,6,5
RFI-02862,PRJ-077,RFI-0038,Structural Design Clarification - Area D10,Structural,High,Design Clarification,2023-03-30,2023-04-04,2023-04-17,2023-04-17,2023-04-17,Closed,Subcontractor,Engineer,0,1,No,0,0,No,0,0,No,1,5
RFI-02863,PRJ-077,RFI-0039,Mechanical Constructability - Area A2,Mechanical,Medium,Constructability,2022-07-26,2022-08-06,2022-08-03,2022-08-03,2022-08-03,Closed,Subcontractor,Engineer,0,0,Yes,11000,12000,Yes,3,2,Yes,4,5
RFI-02864,PRJ-077,RFI-0040,General Code Compliance - Area D10,General,Critical,Code Compliance,2023-11-01,2023-11-06,2023-11-19,2023-11-20,,Answered,General Contractor,Construction Manager,1,0,Yes,33000,40000,No,0,0,Yes,4,4
RFI-02865,PRJ-077,RFI-0041,Mechanical Design Clarification - Area E3,Mechanical,Medium,Design Clarification,2022-08-05,2022-08-16,2022-08-17,2022-08-17,2022-08-17,Closed,Construction Manager,Owner Representative,0,0,No,0,0,No,0,0,No,6,5
RFI-02866,PRJ-077,RFI-0042,Electrical Design Clarification - Area C5,Electrical,Low,Design Clarification,2023-04-30,2023-05-13,2023-05-22,2023-05-22,2023-05-25,Closed,Subcontractor,Engineer,0,0,No,0,0,No,0,0,No,0,4
RFI-02867,PRJ-077,RFI-0043,Civil Field Condition - Area C12,Civil,High,Field Condition,2023-03-13,2023-03-19,2023-04-05,2023-04-07,2023-04-10,Closed,Subcontractor,Engineer,1,1,No,0,0,Yes,4,3,No,4,3
RFI-02868,PRJ-077,RFI-0044,General Missing Information - Area D1,General,Medium,Missing Information,2023-11-02,2023-11-11,2023-11-17,2023-11-17,2023-11-19,Closed,Subcontractor,Construction Manager,0,1,Yes,105000,119000,No,0,0,Yes,0,5
RFI-02869,PRJ-077,RFI-0045,Structural Coordination Conflict - Area B7,Structural,Medium,Coordination Conflict,2022-08-17,2022-08-26,2022-09-06,2022-09-06,2022-09-10,Closed,General Contractor,Owner Representative,0,0,Yes,11000,14000,No,0,0,No,0,5
RFI-02870,PRJ-077,RFI-0046,Controls Missing Information - Area D1,Controls,High,Missing Information,2022-06-09,2022-06-16,2022-06-21,2022-06-21,2022-06-24,Closed,Subcontractor,Engineer,0,0,No,0,0,No,0,0,No,3,5
RFI-02871,PRJ-077,RFI-0047,Mechanical Coordination Conflict - Area C2,Mechanical,High,Coordination Conflict,2022-09-19,2022-09-26,2022-10-10,2022-10-13,2022-10-14,Closed,Subcontractor,Engineer,1,0,No,0,0,Yes,2,2,No,1,3
RFI-02872,PRJ-077,RFI-0048,Mechanical Field Condition - Area B2,Mechanical,High,Field Condition,2022-08-29,2022-09-03,2022-09-04,2022-09-04,2022-09-04,Closed,Subcontractor,Engineer,0,0,No,0,0,Yes,3,2,No,1,4
RFI-02873,PRJ-077,RFI-0049,Mechanical Missing Information - Area B9,Mechanical,High,Missing Information,2023-02-21,2023-02-28,2023-03-01,2023-03-01,2023-03-01,Closed,General Contractor,Engineer,0,0,No,0,0,No,0,0,No,3,5
RFI-02874,PRJ-077,RFI-0050,Fire Protection Missing Information - Area E8,Fire Protection,Medium,Missing Information,2023-04-14,2023-04-24,2023-05-03,2023-05-03,,Answered,General Contractor,Engineer,0,0,Yes,18000,23000,No,0,0,No,0,4
RFI-02875,PRJ-077,RFI-0051,Fire Protection Design Clarification - Area E1,Fire Protection,Medium,Design Clarification,2022-09-28,2022-10-08,2022-10-16,2022-10-16,2022-10-17,Closed,General Contractor,Engineer,0,1,Yes,8300,6500,No,0,0,Yes,0,5
RFI-02876,PRJ-077,RFI-0052,Plumbing Field Condition - Area E9,Plumbing,High,Field Condition,2022-11-20,2022-11-24,2022-11-27,2022-11-27,,Answered,Subcontractor,Engineer,0,0,Yes,19000,23000,No,0,0,No,6,5
RFI-02877,PRJ-077,RFI-0053,Structural Design Clarification - Area A6,Structural,Medium,Design Clarification,2023-09-20,2023-10-02,2023-10-20,2023-10-22,2023-10-22,Closed,General Contractor,Engineer,1,1,No,0,0,Yes,5,4,Yes,0,2
RFI-02878,PRJ-077,RFI-0054,Plumbing Coordination Conflict - Area E12,Plumbing,High,Coordination Conflict,2022-10-25,2022-11-01,2022-10-30,2022-10-30,2022-10-31,Closed,Subcontractor,Engineer,0,0,No,0,0,No,0,0,No,6,5
RFI-02879,PRJ-077,RFI-0055,Controls Coordination Conflict - Area E8,Controls,Medium,Coordination Conflict,2022-02-23,2022-03-07,2022-03-07,2022-03-07,,Answered,General Contractor,Engineer,0,0,Yes,12000,8800,No,0,0,Yes,2,5
RFI-02880,PRJ-077,RFI-0056,Structural Missing Information - Area E5,Structural,Critical,Missing Information,2023-04-08,2023-04-12,2023-04-26,2023-04-30,2023-05-03,Closed,Subcontractor,Engineer,1,0,Yes,36000,46000,Yes,16,23,Yes,4,4
RFI-02881,PRJ-077,RFI-0057,Plumbing Coordination Conflict - Area E10,Plumbing,Medium,Coordination Conflict,2023-10-29,2023-11-08,2023-11-06,2023-11-06,2023-11-09,Closed,Construction Manager,Engineer,0,0,No,0,0,No,0,0,No,5,5
RFI-02882,PRJ-077,RFI-0058,Structural Substitution Request - Area D10,Structural,Medium,Substitution Request,2023-04-28,2023-05-10,2023-05-21,2023-05-21,2023-05-25,Closed,General Contractor,Engineer,0,0,Yes,3900,4100,No,0,0,Yes,3,4
RFI-02883,PRJ-077,RFI-0059,Structural Field Condition - Area C7,Structural,High,Field Condition,2023-02-04,2023-02-08,2023-02-26,2023-02-26,,Answered,General Contractor,Engineer,0,0,Yes,15000,14000,Yes,3,3,No,6,3
RFI-02884,PRJ-077,RFI-0060,Structural Constructability - Area E4,Structural,Medium,Constructability,2022-04-29,2022-05-09,2022-05-19,2022-05-19,2022-05-23,Closed,Construction Manager,Owner Representative,0,0,No,0,0,No,0,0,No,4,4
RFI-02885,PRJ-077,RFI-0061,Specialty Systems Coordination Conflict - Area C4,Specialty Systems,Low,Coordination Conflict,2023-04-12,2023-04-28,2023-05-04,2023-05-08,2023-05-09,Closed,General Contractor,Design Manager,1,0,No,0,0,Yes,1,1,No,1,3
RFI-02886,PRJ-077,RFI-0062,Structural Constructability - Area A5,Structural,Medium,Constructability,2022-12-05,2022-12-16,2022-12-27,2022-12-28,,Answered,Subcontractor,Engineer,1,0,Yes,61000,65000,No,0,0,Yes,3,4
RFI-02887,PRJ-077,RFI-0063,Architectural Design Clarification - Area A3,Architectural,High,Design Clarification,2022-06-20,2022-06-26,2022-07-08,2022-07-11,,Answered,General Contractor,Architect,1,0,No,0,0,No,0,0,No,2,3
RFI-02888,PRJ-077,RFI-0064,Electrical Missing Information - Area B11,Electrical,Medium,Missing Information,2023-02-27,2023-03-10,2023-03-05,2023-03-05,2023-03-08,Closed,Subcontractor,Engineer,0,0,No,0,0,No,0,0,No,3,5
RFI-02889,PRJ-077,RFI-0065,Mechanical Design Clarification - Area A3,Mechanical,Medium,Design Clarification,2023-04-26,2023-05-07,2023-05-12,2023-05-13,2023-05-13,Closed,Construction Manager,Owner Representative,1,0,No,0,0,No,0,0,No,5,5
RFI-02890,PRJ-077,RFI-0066,Specialty Systems Coordination Conflict - Area C1,Specialty Systems,Medium,Coordination Conflict,2023-11-10,2023-11-19,2023-11-30,2023-11-30,2023-12-03,Closed,General Contractor,Owner Representative,0,0,No,0,0,Yes,2,2,No,4,4
RFI-02891,PRJ-077,RFI-0067,Mechanical Design Clarification - Area D3,Mechanical,High,Design Clarification,2022-12-22,2022-12-28,2023-01-08,2023-01-10,2023-01-13,Closed,Construction Manager,Engineer,1,0,No,0,0,No,0,0,No,4,3
RFI-02892,PRJ-078,RFI-0001,Structural Design Clarification - Area A5,Structural,Low,Design Clarification,2022-05-16,2022-05-30,2022-05-19,2022-05-19,2022-05-21,Closed,Subcontractor,Engineer,0,0,No,0,0,No,0,0,No,2,5
RFI-02893,PRJ-078,RFI-0002,General Design Clarification - Area E9,General,Medium,Design Clarification,2023-12-03,2023-12-15,2023-12-09,2023-12-13,2023-12-14,Closed,Subcontractor,Construction Manager,1,0,No,0,0,No,0,0,No,4,4
RFI-02894,PRJ-078,RFI-0003,Mechanical Missing Information - Area A1,Mechanical,High,Missing Information,2023-06-09,2023-06-14,,,,Awaiting Designer,General Contractor,Owner Representative,0,0,No,0,0,No,0,0,No,4,5
RFI-02895,PRJ-078,RFI-0004,Civil Coordination Conflict - Area E12,Civil,Medium,Coordination Conflict,2023-01-01,2023-01-13,2023-01-07,2023-01-07,,Answered,Construction Manager,Engineer,0,0,No,0,0,No,0,0,No,1,5
RFI-02896,PRJ-078,RFI-0005,General Missing Information - Area B11,General,Medium,Missing Information,2023-01-17,2023-01-28,2023-01-20,2023-01-20,,Answered,General Contractor,Construction Manager,0,0,No,0,0,No,0,0,No,3,5
RFI-02897,PRJ-078,RFI-0006,Electrical Constructability - Area A9,Electrical,Medium,Constructability,2023-12-14,2023-12-25,2023-12-20,2023-12-20,,Answered,General Contractor,Engineer,0,0,No,0,0,No,0,0,No,5,4
RFI-02898,PRJ-078,RFI-0007,Mechanical Coordination Conflict - Area A2,Mechanical,Medium,Coordination Conflict,2023-09-16,2023-09-26,2023-09-18,2023-09-18,2023-09-21,Closed,Subcontractor,Engineer,0,0,No,0,0,No,0,0,No,5,5
RFI-02899,PRJ-078,RFI-0008,Structural Coordination Conflict - Area C6,Structural,High,Coordination Conflict,2022-08-14,2022-08-20,2022-08-17,2022-08-17,,Answered,Subcontractor,Engineer,0,0,No,0,0,No,0,0,No,0,5
RFI-02900,PRJ-078,RFI-0009,General Missing Information - Area A1,General,Medium,Missing Information,2023-10-01,2023-10-10,2023-10-04,2023-10-04,,Answered,Subcontractor,Construction Manager,0,0,No,0,0,No,0,0,No,0,4
RFI-02901,PRJ-078,RFI-0010,Architectural Substitution Request - Area C9,Architectural,High,Substitution Request,2022-06-29,2022-07-05,2022-07-03,2022-07-03,2022-07-05,Closed,Subcontractor,Architect,0,0,No,0,0,No,0,0,No,2,5
RFI-02902,PRJ-078,RFI-0011,Plumbing Missing Information - Area C9,Plumbing,Critical,Missing Information,2023-08-08,2023-08-11,2023-08-10,,,Awaiting Designer,General Contractor,Engineer,0,0,No,0,0,No,0,0,No,1,5
RFI-02903,PRJ-078,RFI-0012,Electrical Missing Information - Area C7,Electrical,High,Missing Information,2022-03-02,2022-03-06,2022-03-11,2022-03-11,2022-03-15,Closed,General Contractor,Engineer,0,0,No,0,0,No,0,0,No,5,4
RFI-02904,PRJ-078,RFI-0013,Specialty Systems Design Clarification - Area C6,Specialty Systems,Medium,Design Clarification,2024-02-24,2024-03-05,2024-02-28,2024-02-28,2024-03-03,Closed,General Contractor,Design Manager,0,0,No,0,0,No,0,0,No,4,5
RFI-02905,PRJ-078,RFI-0014,Mechanical Constructability - Area A6,Mechanical,Medium,Constructability,2022-11-16,2022-11-28,2022-11-22,2022-11-22,2022-11-26,Closed,General Contractor,Engineer,0,0,No,0,0,No,0,0,No,0,5
RFI-02906,PRJ-078,RFI-0015,Structural Substitution Request - Area E12,Structural,High,Substitution Request,2022-09-06,2022-09-11,2022-09-14,2022-09-14,2022-09-14,Closed,Subcontractor,Engineer,0,0,Yes,120000,116000,No,0,0,No,4,5
RFI-02907,PRJ-078,RFI-0016,Electrical Constructability - Area B10,Electrical,High,Constructability,2023-04-26,2023-05-03,2023-05-01,2023-05-01,2023-05-03,Closed,Subcontractor,Engineer,0,0,No,0,0,No,0,0,No,4,4
RFI-02908,PRJ-078,RFI-0017,Specialty Systems Coordination Conflict - Area E6,Specialty Systems,High,Coordination Conflict,2022-04-14,2022-04-19,2022-04-16,2022-04-16,2022-04-19,Closed,General Contractor,Design Manager,0,0,No,0,0,No,0,0,No,1,5
RFI-02909,PRJ-078,RFI-0018,Electrical Missing Information - Area D11,Electrical,Medium,Missing Information,2023-09-10,2023-09-19,2023-09-16,2023-09-16,2023-09-18,Closed,Subcontractor,Engineer,0,0,No,0,0,No,0,0,No,1,5
RFI-02910,PRJ-078,RFI-0019,Controls Design Clarification - Area B12,Controls,Medium,Design Clarification,2022-05-20,2022-06-01,,,,In Review,Subcontractor,Engineer,1,0,No,0,0,No,0,0,No,3,5
RFI-02911,PRJ-078,RFI-0020,Structural Constructability - Area A12,Structural,Medium,Constructability,2022-12-10,2022-12-21,,,,Awaiting Owner,Subcontractor,Engineer,1,0,No,0,0,Yes,1,1,No,0,4
RFI-02912,PRJ-078,RFI-0021,Electrical Field Condition - Area B7,Electrical,High,Field Condition,2024-03-14,2024-03-21,2024-03-24,2024-03-24,2024-03-27,Closed,General Contractor,Engineer,0,1,Yes,37000,30000,No,0,0,No,6,5
RFI-02913,PRJ-078,RFI-0022,Architectural Coordination Conflict - Area B8,Architectural,Low,Coordination Conflict,2023-08-22,2023-09-05,2023-08-27,2023-08-27,2023-08-31,Closed,Subcontractor,Architect,0,0,No,0,0,No,0,0,No,6,5
RFI-02914,PRJ-078,RFI-0023,Architectural Design Clarification - Area A2,Architectural,Medium,Design Clarification,2022-09-09,2022-09-19,2022-09-23,2022-09-23,2022-09-26,Closed,Subcontractor,Architect,0,1,No,0,0,No,0,0,No,2,5
RFI-02915,PRJ-078,RFI-0024,Mechanical Coordination Conflict - Area B9,Mechanical,High,Coordination Conflict,2022-10-04,2022-10-10,2022-10-06,2022-10-06,2022-10-10,Closed,General Contractor,Engineer,0,0,Yes,13000,16000,No,0,0,No,5,5
RFI-02916,PRJ-078,RFI-0025,Structural Constructability - Area B2,Structural,High,Constructability,2023-06-12,2023-06-19,2023-06-16,2023-06-16,2023-06-17,Closed,General Contractor,Engineer,0,0,No,0,0,No,0,0,No,2,5
RFI-02917,PRJ-078,RFI-0026,Architectural Design Clarification - Area C11,Architectural,High,Design Clarification,2023-05-10,2023-05-16,2023-05-17,2023-05-20,,Answered,General Contractor,Owner Representative,1,0,No,0,0,No,0,0,No,3,3
RFI-02918,PRJ-078,RFI-0027,Civil Coordination Conflict - Area A3,Civil,Medium,Coordination Conflict,2023-05-25,2023-06-04,2023-05-27,2023-05-27,2023-05-28,Closed,Subcontractor,Engineer,0,0,No,0,0,No,0,0,No,5,5
RFI-02919,PRJ-078,RFI-0028,Electrical Design Clarification - Area C6,Electrical,Low,Design Clarification,2023-11-15,2023-11-30,2023-11-21,2023-11-21,2023-11-21,Closed,General Contractor,Engineer,0,0,No,0,0,No,0,0,No,0,5
RFI-02920,PRJ-078,RFI-0029,Controls Coordination Conflict - Area D6,Controls,Critical,Coordination Conflict,2022-06-24,2022-06-27,2022-07-04,2022-07-04,2022-07-04,Closed,General Contractor,Engineer,0,0,No,0,0,No,0,0,No,5,5
RFI-02921,PRJ-078,RFI-0030,Electrical Design Clarification - Area D3,Electrical,High,Design Clarification,2023-06-24,2023-06-30,2023-06-28,2023-06-28,2023-06-30,Closed,General Contractor,Engineer,0,0,No,0,0,No,0,0,No,0,5
RFI-02922,PRJ-078,RFI-0031,Specialty Systems Coordination Conflict - Area C6,Specialty Systems,Medium,Coordination Conflict,2023-09-15,2023-09-25,2023-10-01,2023-10-01,,Answered,Subcontractor,Design Manager,0,1,No,0,0,No,0,0,No,3,4
RFI-02923,PRJ-078,RFI-0032,Mechanical Code Compliance - Area E8,Mechanical,Medium,Code Compliance,2022-08-26,2022-09-04,2022-09-07,2022-09-09,2022-09-11,Closed,General Contractor,Engineer,1,0,No,0,0,No,0,0,No,6,4
RFI-02924,PRJ-078,RFI-0033,General Substitution Request - Area B7,General,Medium,Substitution Request,2022-11-23,2022-12-03,2022-11-26,,,Awaiting Designer,Subcontractor,Construction Manager,0,0,No,0,0,No,0,0,No,4,5
RFI-02925,PRJ-078,RFI-0034,Mechanical Design Clarification - Area B8,Mechanical,Medium,Design Clarification,2023-12-17,2023-12-26,,,,Awaiting Owner,General Contractor,Engineer,0,0,No,0,0,No,0,0,No,5,5
RFI-02926,PRJ-078,RFI-0035,General Coordination Conflict - Area E6,General,Low,Coordination Conflict,2022-06-20,2022-07-05,2022-06-22,2022-06-22,,Answered,General Contractor,Construction Manager,0,0,No,0,0,No,0,0,No,5,5
RFI-02927,PRJ-079,RFI-0001,Structural Missing Information - Area A1,Structural,Medium,Missing Information,2023-12-07,2023-12-19,2023-12-15,2023-12-15,2023-12-16,Closed,Subcontractor,Owner Representative,0,0,Yes,14000,13000,No,0,0,No,3,5
RFI-02928,PRJ-079,RFI-0002,Civil Missing Information - Area A2,Civil,Low,Missing Information,2023-03-21,2023-04-06,2023-04-06,2023-04-08,,Answered,Subcontractor,Engineer,1,0,Yes,2500,2300,No,0,0,No,5,5
RFI-02929,PRJ-079,RFI-0003,Fire Protection Field Condition - Area C3,Fire Protection,High,Field Condition,2022-11-10,2022-11-14,2022-11-13,2022-11-13,2022-11-15,Closed,Subcontractor,Engineer,0,0,No,0,0,No,0,0,No,0,5
RFI-02930,PRJ-079,RFI-0004,Mechanical Constructability - Area B5,Mechanical,High,Constructability,2023-11-21,2023-11-27,2023-12-08,2023-12-08,,Answered,Construction Manager,Owner Representative,0,1,No,0,0,No,0,0,No,1,4
RFI-02931,PRJ-079,RFI-0005,Fire Protection Constructability - Area D10,Fire Protection,High,Constructability,2022-10-28,2022-11-03,2022-11-13,2022-11-16,,Answered,Subcontractor,Engineer,1,0,No,0,0,Yes,10,10,Yes,6,3
RFI-02932,PRJ-079,RFI-0006,Mechanical Coordination Conflict - Area B7,Mechanical,Medium,Coordination Conflict,2023-04-07,2023-04-18,2023-04-29,2023-04-29,,Answered,Subcontractor,Owner Representative,0,0,No,0,0,No,0,0,No,4,4
RFI-02933,PRJ-079,RFI-0007,Structural Coordination Conflict - Area B9,Structural,High,Coordination Conflict,2023-11-18,2023-11-25,2023-11-24,2023-11-24,2023-11-24,Closed,Construction Manager,Engineer,0,0,No,0,0,No,0,0,No,4,5
RFI-02934,PRJ-079,RFI-0008,Structural Constructability - Area E1,Structural,Medium,Constructability,2022-06-06,2022-06-16,2022-06-17,2022-06-20,2022-06-24,Closed,General Contractor,Engineer,1,0,No,0,0,No,0,0,No,1,4
RFI-02935,PRJ-079,RFI-0009,Specialty Systems Coordination Conflict - Area D9,Specialty Systems,Low,Coordination Conflict,2022-09-29,2022-10-13,2022-10-07,2022-10-07,2022-10-11,Closed,General Contractor,Design Manager,0,0,No,0,0,No,0,0,No,1,5
RFI-02936,PRJ-079,RFI-0010,General Constructability - Area B8,General,Critical,Constructability,2022-01-29,2022-02-03,,,,Awaiting Owner,Subcontractor,Construction Manager,0,0,No,0,0,No,0,0,No,5,5
RFI-02937,PRJ-079,RFI-0011,Architectural Code Compliance - Area C5,Architectural,Medium,Code Compliance,2023-04-26,2023-05-07,2023-05-01,2023-05-01,2023-05-05,Closed,Subcontractor,Architect,0,0,No,0,0,No,0,0,No,3,5
RFI-02938,PRJ-079,RFI-0012,Architectural Missing Information - Area D10,Architectural,Medium,Missing Information,2022-05-17,2022-05-27,2022-05-22,2022-05-22,2022-05-25,Closed,Subcontractor,Architect,0,0,No,0,0,No,0,0,No,2,4
RFI-02939,PRJ-079,RFI-0013,Civil Design Clarification - Area E2,Civil,Medium,Design Clarification,2022-07-31,2022-08-11,2022-08-13,2022-08-13,2022-08-13,Closed,Subcontractor,Engineer,0,0,No,0,0,No,0,0,No,0,5
RFI-02940,PRJ-079,RFI-0014,Fire Protection Field Condition - Area E7,Fire Protection,Medium,Field Condition,2022-06-17,2022-06-27,2022-06-29,2022-06-29,2022-06-29,Closed,General Contractor,Owner Representative,0,1,No,0,0,No,0,0,No,1,5
RFI-02941,PRJ-079,RFI-0015,Electrical Missing Information - Area D6,Electrical,Medium,Missing Information,2022-05-06,2022-05-18,2022-05-19,2022-05-19,,Answered,Construction Manager,Engineer,0,0,No,0,0,No,0,0,No,0,4
RFI-02942,PRJ-079,RFI-0016,Structural Design Clarification - Area B6,Structural,Low,Design Clarification,2022-05-21,2022-06-03,2022-06-07,2022-06-07,2022-06-08,Closed,General Contractor,Engineer,0,0,No,0,0,No,0,0,No,3,5
RFI-02943,PRJ-079,RFI-0017,Electrical Constructability - Area D12,Electrical,Medium,Constructability,2022-12-27,2023-01-06,2023-01-14,2023-01-14,,Answered,Subcontractor,Owner Representative,0,0,Yes,8300,9900,No,0,0,No,3,3
RFI-02944,PRJ-079,RFI-0018,General Constructability - Area D6,General,Medium,Constructability,2023-11-22,2023-12-01,2023-12-02,2023-12-02,2023-12-02,Closed,Construction Manager,Owner Representative,0,0,No,0,0,No,0,0,No,2,4
RFI-02945,PRJ-079,RFI-0019,Civil Coordination Conflict - Area A11,Civil,High,Coordination Conflict,2022-07-18,2022-07-23,2022-07-23,2022-07-23,,Answered,Subcontractor,Engineer,0,0,No,0,0,No,0,0,No,2,5
RFI-02946,PRJ-079,RFI-0020,Civil Code Compliance - Area D6,Civil,Medium,Code Compliance,2022-02-25,2022-03-08,2022-03-20,2022-03-22,2022-03-24,Closed,General Contractor,Engineer,1,1,No,0,0,No,0,0,No,5,2
RFI-02947,PRJ-079,RFI-0021,Mechanical Coordination Conflict - Area C8,Mechanical,Medium,Coordination Conflict,2023-02-06,2023-02-15,,,,Awaiting Designer,Subcontractor,Engineer,1,0,No,0,0,No,0,0,No,5,4
RFI-02948,PRJ-079,RFI-0022,Civil Coordination Conflict - Area A10,Civil,Medium,Coordination Conflict,2024-03-18,2024-03-29,2024-03-26,2024-03-26,,Answered,Construction Manager,Owner Representative,0,0,No,0,0,No,0,0,No,0,5
RFI-02949,PRJ-079,RFI-0023,Mechanical Design Clarification - Area C10,Mechanical,Medium,Design Clarification,2023-05-03,2023-05-12,2023-05-13,2023-05-14,2023-05-18,Closed,General Contractor,Engineer,1,0,No,0,0,No,0,0,No,3,3
RFI-02950,PRJ-079,RFI-0024,Structural Field Condition - Area C1,Structural,Low,Field Condition,2022-01-22,2022-02-06,2022-02-02,2022-02-02,2022-02-06,Closed,General Contractor,Engineer,0,0,No,0,0,No,0,0,No,2,4
RFI-02951,PRJ-079,RFI-0025,Structural Code Compliance - Area C2,Structural,Medium,Code Compliance,2023-04-19,2023-04-28,2023-04-26,2023-04-30,2023-05-03,Closed,General Contractor,Owner Representative,1,0,No,0,0,No,0,0,No,5,4
RFI-02952,PRJ-079,RFI-0026,Mechanical Code Compliance - Area E6,Mechanical,Medium,Code Compliance,2023-10-12,2023-10-24,2023-10-15,2023-10-15,2023-10-16,Closed,Subcontractor,Owner Representative,0,0,No,0,0,No,0,0,No,4,5
RFI-02953,PRJ-079,RFI-0027,Architectural Design Clarification - Area A11,Architectural,Low,Design Clarification,2024-01-15,2024-01-30,2024-01-29,2024-01-29,2024-01-30,Closed,Subcontractor,Architect,0,0,No,0,0,No,0,0,No,1,5
RFI-02954,PRJ-079,RFI-0028,Structural Coordination Conflict - Area E11,Structural,High,Coordination Conflict,2022-09-11,2022-09-16,2022-09-20,2022-09-20,2022-09-24,Closed,General Contractor,Engineer,0,0,No,0,0,No,0,0,No,6,4
RFI-02955,PRJ-079,RFI-0029,Architectural Coordination Conflict - Area A11,Architectural,Medium,Coordination Conflict,2023-06-16,2023-06-26,2023-06-25,2023-06-25,2023-06-26,Closed,Subcontractor,Architect,0,0,No,0,0,No,0,0,No,6,5
RFI-02956,PRJ-079,RFI-0030,Controls Design Clarification - Area E2,Controls,Medium,Design Clarification,2024-02-03,2024-02-12,2024-02-16,2024-02-16,2024-02-20,Closed,Subcontractor,Engineer,0,0,No,0,0,No,0,0,No,1,5
RFI-02957,PRJ-079,RFI-0031,Architectural Coordination Conflict - Area D1,Architectural,Medium,Coordination Conflict,2024-01-29,2024-02-08,2024-02-07,2024-02-07,2024-02-09,Closed,Subcontractor,Architect,0,0,Yes,5500,7800,Yes,2,1,No,2,5
RFI-02958,PRJ-079,RFI-0032,Controls Coordination Conflict - Area E12,Controls,Medium,Coordination Conflict,2022-11-09,2022-11-21,2022-11-18,2022-11-18,2022-11-19,Closed,Subcontractor,Engineer,0,0,No,0,0,No,0,0,No,5,5
RFI-02959,PRJ-079,RFI-0033,Specialty Systems Code Compliance - Area E12,Specialty Systems,Low,Code Compliance,2023-01-09,2023-01-24,2023-01-24,2023-01-26,,Answered,General Contractor,Design Manager,1,0,No,0,0,No,0,0,No,5,5
RFI-02960,PRJ-079,RFI-0034,Specialty Systems Design Clarification - Area A5,Specialty Systems,Medium,Design Clarification,2023-08-26,2023-09-07,2023-09-07,2023-09-10,,Answered,General Contractor,Design Manager,1,0,No,0,0,No,0,0,No,6,4
RFI-02961,PRJ-079,RFI-0035,Mechanical Missing Information - Area B2,Mechanical,High,Missing Information,2022-10-04,2022-10-09,2022-10-10,2022-10-10,,Answered,General Contractor,Owner Representative,0,0,No,0,0,No,0,0,No,1,5
RFI-02962,PRJ-079,RFI-0036,Architectural Field Condition - Area C1,Architectural,Medium,Field Condition,2022-07-20,2022-07-30,2022-07-23,2022-07-23,2022-07-25,Closed,Subcontractor,Owner Representative,0,0,No,0,0,No,0,0,No,6,5
RFI-02963,PRJ-079,RFI-0037,General Field Condition - Area D4,General,Medium,Field Condition,2022-10-19,2022-10-30,2022-10-27,2022-10-27,2022-10-30,Closed,General Contractor,Construction Manager,0,0,No,0,0,No,0,0,No,1,4
RFI-02964,PRJ-079,RFI-0038,Civil Coordination Conflict - Area D4,Civil,Critical,Coordination Conflict,2023-02-13,2023-02-15,2023-02-17,2023-02-17,2023-02-20,Closed,Construction Manager,Engineer,0,0,No,0,0,No,0,0,No,0,5
RFI-02965,PRJ-079,RFI-0039,Mechanical Coordination Conflict - Area E2,Mechanical,Medium,Coordination Conflict,2022-04-16,2022-04-28,2022-04-20,2022-04-20,2022-04-21,Closed,Subcontractor,Engineer,0,0,No,0,0,No,0,0,No,3,5
RFI-02966,PRJ-079,RFI-0040,Plumbing Design Clarification - Area B1,Plumbing,High,Design Clarification,2023-04-25,2023-05-02,,,,Open,Construction Manager,Engineer,0,0,No,0,0,No,0,0,No,3,5
RFI-02967,PRJ-079,RFI-0041,General Missing Information - Area E7,General,Medium,Missing Information,2023-12-31,2024-01-09,2024-01-12,2024-01-14,2024-01-18,Closed,General Contractor,Construction Manager,1,0,No,0,0,No,0,0,No,1,3
RFI-02968,PRJ-079,RFI-0042,Electrical Design Clarification - Area C8,Electrical,High,Design Clarification,2023-06-13,2023-06-20,2023-06-23,2023-06-23,2023-06-24,Closed,Subcontractor,Engineer,0,0,Yes,26000,35000,No,0,0,Yes,1,5
RFI-02969,PRJ-079,RFI-0043,Architectural Coordination Conflict - Area E8,Architectural,Medium,Coordination Conflict,2023-12-24,2024-01-03,2023-12-31,2023-12-31,2024-01-04,Closed,Subcontractor,Architect,0,0,No,0,0,No,0,0,No,2,5
RFI-02970,PRJ-080,RFI-0001,General Code Compliance - Area C9,General,Medium,Code Compliance,2022-07-03,2022-07-14,2022-07-09,2022-07-09,2022-07-09,Closed,General Contractor,Construction Manager,0,0,Yes,41000,34000,No,0,0,Yes,0,5
RFI-02971,PRJ-080,RFI-0002,Civil Substitution Request - Area A10,Civil,Medium,Substitution Request,2022-11-02,2022-11-12,2022-11-10,2022-11-10,2022-11-13,Closed,Construction Manager,Engineer,0,0,No,0,0,No,0,0,No,2,5
RFI-02972,PRJ-080,RFI-0003,Fire Protection Design Clarification - Area A5,Fire Protection,Medium,Design Clarification,2022-05-29,2022-06-10,2022-06-04,2022-06-04,,Answered,General Contractor,Engineer,0,0,No,0,0,No,0,0,No,6,5
RFI-02973,PRJ-080,RFI-0004,Electrical Missing Information - Area A7,Electrical,Low,Missing Information,2022-08-16,2022-08-30,2022-08-26,2022-08-26,2022-08-26,Closed,Subcontractor,Engineer,0,0,No,0,0,No,0,0,No,4,5
RFI-02974,PRJ-080,RFI-0005,Specialty Systems Constructability - Area A6,Specialty Systems,Medium,Constructability,2022-02-23,2022-03-07,2022-03-04,2022-03-04,2022-03-05,Closed,General Contractor,Design Manager,0,0,No,0,0,No,0,0,No,2,4
RFI-02975,PRJ-080,RFI-0006,Civil Coordination Conflict - Area B8,Civil,Medium,Coordination Conflict,2022-02-07,2022-02-16,2022-02-16,2022-02-16,2022-02-19,Closed,Subcontractor,Engineer,0,0,No,0,0,No,0,0,No,4,5
RFI-02976,PRJ-080,RFI-0007,Electrical Design Clarification - Area D3,Electrical,Medium,Design Clarification,2022-08-10,2022-08-20,2022-08-28,2022-08-28,,Answered,General Contractor,Engineer,0,1,No,0,0,No,0,0,No,4,5
RFI-02977,PRJ-080,RFI-0008,Structural Code Compliance - Area A10,Structural,High,Code Compliance,2022-07-18,2022-07-25,2022-07-27,2022-07-30,2022-08-02,Closed,Subcontractor,Engineer,1,0,No,0,0,No,0,0,No,3,3
RFI-02978,PRJ-080,RFI-0009,Structural Design Clarification - Area C5,Structural,High,Design Clarification,2022-06-13,2022-06-17,2022-06-22,2022-06-23,2022-06-26,Closed,Construction Manager,Engineer,1,0,No,0,0,No,0,0,No,1,5
RFI-02979,PRJ-080,RFI-0010,Specialty Systems Constructability - Area E10,Specialty Systems,Medium,Constructability,2022-06-16,2022-06-26,2022-06-23,2022-06-23,2022-06-25,Closed,General Contractor,Design Manager,0,0,No,0,0,No,0,0,No,2,5
RFI-02980,PRJ-080,RFI-0011,Structural Constructability - Area E9,Structural,High,Constructability,2022-02-16,2022-02-22,2022-02-20,,,Awaiting Owner,Subcontractor,Engineer,0,0,No,0,0,No,0,0,No,6,5
RFI-02981,PRJ-080,RFI-0012,Mechanical Coordination Conflict - Area D11,Mechanical,Critical,Coordination Conflict,2022-08-07,2022-08-10,2022-08-14,2022-08-14,2022-08-16,Closed,General Contractor,Engineer,0,0,Yes,39000,40000,No,0,0,Yes,2,4
RFI-02982,PRJ-080,RFI-0013,Specialty Systems Field Condition - Area A5,Specialty Systems,High,Field Condition,2022-02-08,2022-02-15,2022-02-11,2022-02-11,2022-02-15,Closed,Subcontractor,Design Manager,0,0,No,0,0,No,0,0,No,0,5
RFI-02983,PRJ-080,RFI-0014,Structural Missing Information - Area E9,Structural,Medium,Missing Information,2022-05-12,2022-05-22,2022-05-18,2022-05-18,2022-05-22,Closed,General Contractor,Owner Representative,0,0,No,0,0,No,0,0,No,0,5
RFI-02984,PRJ-080,RFI-0015,Mechanical Design Clarification - Area D12,Mechanical,Medium,Design Clarification,2022-01-03,2022-01-12,2022-01-10,2022-01-13,2022-01-14,Closed,Subcontractor,Engineer,1,0,No,0,0,No,0,0,No,3,4
RFI-02985,PRJ-080,RFI-0016,Fire Protection Code Compliance - Area D8,Fire Protection,Medium,Code Compliance,2022-04-01,2022-04-13,2022-04-07,2022-04-07,2022-04-07,Closed,Subcontractor,Engineer,0,0,No,0,0,No,0,0,No,2,5
RFI-02986,PRJ-080,RFI-0017,Structural Coordination Conflict - Area C2,Structural,High,Coordination Conflict,2022-08-12,2022-08-17,2022-08-21,2022-08-21,2022-08-25,Closed,Construction Manager,Engineer,0,0,Yes,21000,22000,Yes,4,3,Yes,2,5
RFI-02987,PRJ-080,RFI-0018,Plumbing Coordination Conflict - Area C5,Plumbing,Medium,Coordination Conflict,2022-08-10,2022-08-19,2022-08-16,2022-08-16,,Answered,Construction Manager,Engineer,0,0,Yes,55000,45000,Yes,2,3,Yes,0,5
RFI-02988,PRJ-080,RFI-0019,Architectural Code Compliance - Area B11,Architectural,Medium,Code Compliance,2022-05-13,2022-05-25,2022-05-21,2022-05-21,,Answered,Subcontractor,Owner Representative,0,0,No,0,0,No,0,0,No,5,4
RFI-02989,PRJ-080,RFI-0020,Electrical Design Clarification - Area D12,Electrical,Low,Design Clarification,2022-11-20,2022-12-04,2022-12-15,2022-12-16,2022-12-20,Closed,General Contractor,Owner Representative,1,0,No,0,0,Yes,1,1,Yes,4,3
RFI-02990,PRJ-080,RFI-0021,Electrical Coordination Conflict - Area D3,Electrical,Medium,Coordination Conflict,2022-02-21,2022-03-03,2022-02-27,2022-02-27,,Answered,Subcontractor,Engineer,0,0,No,0,0,No,0,0,No,5,5
RFI-02991,PRJ-080,RFI-0022,Electrical Design Clarification - Area A12,Electrical,Medium,Design Clarification,2022-05-02,2022-05-13,2022-05-13,2022-05-13,2022-05-13,Closed,Subcontractor,Engineer,0,0,No,0,0,No,0,0,No,3,5
RFI-02992,PRJ-080,RFI-0023,Specialty Systems Constructability - Area B1,Specialty Systems,High,Constructability,2022-07-25,2022-07-29,2022-07-27,2022-07-27,2022-07-29,Closed,Construction Manager,Design Manager,0,0,Yes,3000,2500,No,0,0,Yes,6,5
RFI-02993,PRJ-080,RFI-0024,Civil Missing Information - Area B12,Civil,Medium,Missing Information,2022-03-30,2022-04-08,2022-04-07,2022-04-07,,Answered,Subcontractor,Engineer,0,0,No,0,0,No,0,0,No,1,5
RFI-02994,PRJ-080,RFI-0025,Civil Substitution Request - Area B12,Civil,Medium,Substitution Request,2022-01-19,2022-01-31,2022-01-31,2022-01-31,2022-02-01,Closed,Subcontractor,Engineer,0,0,No,0,0,No,0,0,No,6,5
RFI-02995,PRJ-080,RFI-0026,Plumbing Substitution Request - Area C7,Plumbing,Medium,Substitution Request,2022-08-21,2022-09-01,2022-08-28,2022-08-28,,Answered,Subcontractor,Engineer,0,0,No,0,0,No,0,0,No,6,5
RFI-02996,PRJ-080,RFI-0027,Electrical Design Clarification - Area C8,Electrical,Low,Design Clarification,2022-11-20,2022-12-03,2022-11-30,2022-11-30,2022-12-01,Closed,Subcontractor,Engineer,0,0,No,0,0,No,0,0,No,1,5
RFI-02997,PRJ-080,RFI-0028,Architectural Substitution Request - Area D12,Architectural,Medium,Substitution Request,2022-08-27,2022-09-07,2022-09-12,2022-09-12,2022-09-12,Closed,General Contractor,Architect,0,0,Yes,112000,150000,No,0,0,Yes,5,5
RFI-02998,PRJ-080,RFI-0029,Electrical Missing Information - Area B10,Electrical,Low,Missing Information,2022-02-01,2022-02-14,2022-02-08,2022-02-08,2022-02-11,Closed,General Contractor,Owner Representative,0,0,No,0,0,No,0,0,No,1,5
RFI-02999,PRJ-080,RFI-0030,Mechanical Design Clarification - Area D12,Mechanical,High,Design Clarification,2022-09-19,2022-09-23,2022-09-26,2022-09-26,2022-09-27,Closed,General Contractor,Engineer,0,0,No,0,0,No,0,0,No,2,5
RFI-03000,PRJ-081,RFI-0001,Structural Design Clarification - Area A10,Structural,Medium,Design Clarification,2024-01-21,2024-02-01,2024-01-25,2024-01-25,2024-01-28,Closed,Construction Manager,Engineer,0,0,No,0,0,No,0,0,No,1,5
RFI-03001,PRJ-081,RFI-0002,Electrical Coordination Conflict - Area C11,Electrical,Medium,Coordination Conflict,2024-11-02,2024-11-11,2024-11-22,2024-11-22,2024-11-23,Closed,Subcontractor,Engineer,0,0,Yes,13000,16000,Yes,3,3,Yes,5,4
RFI-03002,PRJ-081,RFI-0003,Specialty Systems Constructability - Area A2,Specialty Systems,High,Constructability,2024-01-29,2024-02-04,2024-02-13,2024-02-15,2024-02-18,Closed,Subcontractor,Design Manager,1,0,Yes,10000,12000,No,0,0,Yes,0,4
RFI-03003,PRJ-081,RFI-0004,Structural Missing Information - Area B5,Structural,High,Missing Information,2025-12-14,2025-12-19,2025-12-24,2025-12-24,2025-12-26,Closed,Construction Manager,Engineer,0,0,No,0,0,No,0,0,No,6,5
RFI-03004,PRJ-081,RFI-0005,Structural Constructability - Area B5,Structural,Critical,Constructability,2025-07-01,2025-07-03,2025-07-08,2025-07-08,2025-07-09,Closed,Construction Manager,Engineer,0,0,No,0,0,No,0,0,No,1,4
RFI-03005,PRJ-081,RFI-0006,Civil Missing Information - Area B7,Civil,Medium,Missing Information,2024-10-26,2024-11-04,2024-11-01,2024-11-01,2024-11-03,Closed,Construction Manager,Engineer,0,0,No,0,0,No,0,0,No,1,5
RFI-03006,PRJ-081,RFI-0007,Plumbing Design Clarification - Area B5,Plumbing,Medium,Design Clarification,2024-06-09,2024-06-21,2024-06-14,2024-06-14,,Answered,Subcontractor,Engineer,0,0,No,0,0,No,0,0,No,2,5
RFI-03007,PRJ-081,RFI-0008,Architectural Field Condition - Area B9,Architectural,Low,Field Condition,2024-08-18,2024-09-01,2024-09-03,2024-09-03,2024-09-06,Closed,Construction Manager,Architect,0,0,No,0,0,Yes,1,1,Yes,0,5
RFI-03008,PRJ-081,RFI-0009,Electrical Constructability - Area A11,Electrical,Medium,Constructability,2025-11-24,2025-12-06,2025-12-08,2025-12-08,2025-12-11,Closed,General Contractor,Engineer,0,0,No,0,0,No,0,0,No,2,5
RFI-03009,PRJ-081,RFI-0010,Mechanical Coordination Conflict - Area D12,Mechanical,Medium,Coordination Conflict,2024-07-03,2024-07-15,2024-07-08,2024-07-08,2024-07-10,Closed,Subcontractor,Engineer,0,0,No,0,0,No,0,0,No,2,5
RFI-03010,PRJ-081,RFI-0011,Electrical Design Clarification - Area C4,Electrical,Medium,Design Clarification,2025-12-14,2025-12-24,2025-12-24,2025-12-28,2025-12-31,Closed,General Contractor,Engineer,1,0,No,0,0,No,0,0,No,4,5
RFI-03011,PRJ-081,RFI-0012,Controls Missing Information - Area C10,Controls,Medium,Missing Information,2023-11-15,2023-11-26,2023-11-27,2023-11-27,2023-11-27,Closed,General Contractor,Engineer,0,0,No,0,0,No,0,0,No,1,4
RFI-03012,PRJ-081,RFI-0013,Electrical Design Clarification - Area B4,Electrical,Medium,Design Clarification,2024-09-18,2024-09-29,2024-10-10,2024-10-10,2024-10-14,Closed,Subcontractor,Engineer,0,0,No,0,0,No,0,0,No,3,4
RFI-03013,PRJ-081,RFI-0014,Specialty Systems Missing Information - Area D10,Specialty Systems,Critical,Missing Information,2024-07-18,2024-07-22,2024-08-12,2024-08-13,2024-08-16,Closed,General Contractor,Design Manager,1,1,Yes,77000,93000,Yes,5,4,No,6,2
RFI-03014,PRJ-081,RFI-0015,Mechanical Design Clarification - Area A6,Mechanical,Medium,Design Clarification,2025-12-05,2025-12-15,,,,Open,Construction Manager,Engineer,1,0,Yes,95000,127000,No,0,0,Yes,5,5
RFI-03015,PRJ-081,RFI-0016,Architectural Coordination Conflict - Area B1,Architectural,High,Coordination Conflict,2023-11-16,2023-11-23,,,,Awaiting Owner,Construction Manager,Architect,1,0,No,0,0,No,0,0,No,0,4
RFI-03016,PRJ-081,RFI-0017,Fire Protection Missing Information - Area E9,Fire Protection,Low,Missing Information,2024-06-16,2024-07-02,2024-06-23,2024-06-23,,Answered,General Contractor,Engineer,0,0,No,0,0,No,0,0,No,6,5
RFI-03017,PRJ-081,RFI-0018,Plumbing Design Clarification - Area A1,Plumbing,High,Design Clarification,2024-07-06,2024-07-12,2024-07-30,2024-07-31,,Answered,Construction Manager,Engineer,1,0,No,0,0,No,0,0,No,2,4
RFI-03018,PRJ-081,RFI-0019,Electrical Constructability - Area B12,Electrical,Medium,Constructability,2024-09-13,2024-09-23,2024-10-17,,,In Review,General Contractor,Engineer,1,0,Yes,14000,19000,No,0,0,No,3,1
RFI-03019,PRJ-081,RFI-0020,Structural Substitution Request - Area A10,Structural,Medium,Substitution Request,2024-06-06,2024-06-16,2024-06-11,2024-06-15,2024-06-17,Closed,Subcontractor,Engineer,1,0,No,0,0,No,0,0,No,2,5
RFI-03020,PRJ-081,RFI-0021,Mechanical Design Clarification - Area C2,Mechanical,Medium,Design Clarification,2025-05-11,2025-05-22,2025-05-19,2025-05-23,2025-05-25,Closed,General Contractor,Engineer,1,0,No,0,0,No,0,0,No,4,4
RFI-03021,PRJ-081,RFI-0022,Electrical Coordination Conflict - Area A1,Electrical,Low,Coordination Conflict,2024-04-02,2024-04-15,2024-04-12,2024-04-12,2024-04-14,Closed,Subcontractor,Engineer,0,0,No,0,0,No,0,0,No,1,4
RFI-03022,PRJ-081,RFI-0023,Mechanical Design Clarification - Area A4,Mechanical,High,Design Clarification,2024-09-28,2024-10-03,2024-10-11,2024-10-11,,Answered,Subcontractor,Engineer,0,0,No,0,0,No,0,0,No,2,4
RFI-03023,PRJ-081,RFI-0024,Architectural Field Condition - Area A9,Architectural,Medium,Field Condition,2024-05-02,2024-05-13,2024-05-10,2024-05-12,2024-05-12,Closed,General Contractor,Architect,1,0,Yes,37000,34000,No,0,0,Yes,4,3
RFI-03024,PRJ-081,RFI-0025,Structural Field Condition - Area A3,Structural,Low,Field Condition,2023-12-12,2023-12-28,2023-12-21,2023-12-21,,Answered,General Contractor,Engineer,0,0,Yes,2100,2900,No,0,0,No,2,5
RFI-03025,PRJ-081,RFI-0026,Specialty Systems Coordination Conflict - Area A2,Specialty Systems,Medium,Coordination Conflict,2025-06-05,2025-06-17,2025-06-10,2025-06-10,2025-06-10,Closed,General Contractor,Design Manager,0,0,No,0,0,No,0,0,No,3,4
RFI-03026,PRJ-081,RFI-0027,Architectural Coordination Conflict - Area A1,Architectural,High,Coordination Conflict,2024-01-28,2024-02-02,2024-01-31,2024-01-31,,Answered,Subcontractor,Architect,0,0,Yes,23000,30000,No,0,0,Yes,2,5
RFI-03027,PRJ-081,RFI-0028,Architectural Design Clarification - Area D2,Architectural,Medium,Design Clarification,2025-09-27,2025-10-09,2025-10-14,,,Awaiting Designer,Subcontractor,Owner Representative,0,1,No,0,0,No,0,0,No,1,5
RFI-03028,PRJ-081,RFI-0029,General Constructability - Area D12,General,Medium,Constructability,2024-02-24,2024-03-05,2024-02-28,2024-02-28,,Answered,Subcontractor,Construction Manager,0,0,No,0,0,No,0,0,No,6,5
RFI-03029,PRJ-081,RFI-0030,Specialty Systems Design Clarification - Area B12,Specialty Systems,High,Design Clarification,2025-10-26,2025-11-01,2025-11-06,2025-11-06,2025-11-09,Closed,Construction Manager,Design Manager,0,0,No,0,0,No,0,0,No,0,3
RFI-03030,PRJ-081,RFI-0031,Civil Coordination Conflict - Area A3,Civil,Medium,Coordination Conflict,2024-10-15,2024-10-26,2024-10-18,2024-10-18,2024-10-21,Closed,Subcontractor,Engineer,0,0,No,0,0,No,0,0,No,5,5
RFI-03031,PRJ-081,RFI-0032,Structural Coordination Conflict - Area D11,Structural,Medium,Coordination Conflict,2024-06-05,2024-06-16,2024-06-26,2024-06-26,2024-06-28,Closed,General Contractor,Engineer,0,0,Yes,1400,1600,Yes,5,5,Yes,4,5
RFI-03032,PRJ-081,RFI-0033,Electrical Coordination Conflict - Area B3,Electrical,Medium,Coordination Conflict,2024-02-28,2024-03-09,2024-03-07,2024-03-07,,Answered,Subcontractor,Engineer,0,0,No,0,0,No,0,0,No,0,5
RFI-03033,PRJ-081,RFI-0034,Electrical Design Clarification - Area D4,Electrical,Medium,Design Clarification,2024-02-20,2024-03-01,2024-03-03,2024-03-03,2024-03-03,Closed,Subcontractor,Owner Representative,0,0,No,0,0,No,0,0,No,0,4
RFI-03034,PRJ-081,RFI-0035,Architectural Missing Information - Area C1,Architectural,Low,Missing Information,2024-05-30,2024-06-13,,,,Awaiting Designer,General Contractor,Architect,1,1,No,0,0,Yes,4,5,Yes,1,5
RFI-03035,PRJ-081,RFI-0036,Architectural Design Clarification - Area B1,Architectural,High,Design Clarification,2024-08-30,2024-09-05,2024-09-19,2024-09-19,,Answered,Subcontractor,Architect,0,0,No,0,0,No,0,0,No,3,5
RFI-03036,PRJ-081,RFI-0037,Architectural Coordination Conflict - Area C9,Architectural,Medium,Coordination Conflict,2025-07-08,2025-07-18,2025-07-13,2025-07-13,2025-07-14,Closed,General Contractor,Architect,0,0,No,0,0,No,0,0,No,2,5
RFI-03037,PRJ-081,RFI-0038,Specialty Systems Coordination Conflict - Area C3,Specialty Systems,High,Coordination Conflict,2024-05-30,2024-06-03,2024-06-03,2024-06-03,2024-06-07,Closed,General Contractor,Design Manager,0,0,No,0,0,No,0,0,No,4,5
RFI-03038,PRJ-082,RFI-0001,Structural Design Clarification - Area C7,Structural,High,Design Clarification,2025-09-12,2025-09-16,2025-09-16,2025-09-16,2025-09-20,Closed,Subcontractor,Owner Representative,0,0,No,0,0,No,0,0,No,2,4
RFI-03039,PRJ-082,RFI-0002,Fire Protection Substitution Request - Area E5,Fire Protection,Critical,Substitution Request,2023-11-21,2023-11-24,2023-11-26,2023-11-30,2023-12-02,Closed,Subcontractor,Engineer,1,0,Yes,189000,265000,Yes,9,9,Yes,1,5
RFI-03040,PRJ-082,RFI-0003,Specialty Systems Constructability - Area A9,Specialty Systems,High,Constructability,2023-10-19,2023-10-24,2023-10-29,,,Awaiting Designer,Subcontractor,Design Manager,0,0,No,0,0,No,0,0,No,0,4
RFI-03041,PRJ-082,RFI-0004,Mechanical Coordination Conflict - Area D5,Mechanical,Low,Coordination Conflict,2024-09-15,2024-09-29,2024-09-28,2024-09-28,,Answered,Subcontractor,Owner Representative,0,0,No,0,0,No,0,0,No,2,4
RFI-03042,PRJ-082,RFI-0005,Structural Missing Information - Area B2,Structural,Medium,Missing Information,2023-11-07,2023-11-18,2023-11-16,2023-11-19,2023-11-19,Closed,Subcontractor,Engineer,1,0,No,0,0,No,0,0,No,5,4
RFI-03043,PRJ-082,RFI-0006,Structural Design Clarification - Area B8,Structural,Medium,Design Clarification,2024-06-13,2024-06-22,2024-06-22,2024-06-22,,Answered,General Contractor,Engineer,0,0,No,0,0,No,0,0,No,4,5
RFI-03044,PRJ-082,RFI-0007,Civil Constructability - Area B11,Civil,High,Constructability,2025-03-31,2025-04-07,2025-04-08,2025-04-08,,Answered,Subcontractor,Engineer,0,0,No,0,0,No,0,0,No,4,5
RFI-03045,PRJ-082,RFI-0008,Specialty Systems Code Compliance - Area C1,Specialty Systems,Medium,Code Compliance,2024-08-08,2024-08-19,2024-08-17,2024-08-17,2024-08-21,Closed,Subcontractor,Design Manager,0,0,No,0,0,No,0,0,No,5,5
RFI-03046,PRJ-082,RFI-0009,Plumbing Design Clarification - Area A8,Plumbing,Medium,Design Clarification,2025-04-13,2025-04-22,2025-04-22,2025-04-22,2025-04-24,Closed,Subcontractor,Engineer,0,0,No,0,0,No,0,0,No,0,5
RFI-03047,PRJ-082,RFI-0010,Plumbing Design Clarification - Area A5,Plumbing,Medium,Design Clarification,2024-11-29,2024-12-11,,,,In Review,Subcontractor,Engineer,0,0,No,0,0,No,0,0,No,6,4
RFI-03048,PRJ-082,RFI-0011,General Substitution Request - Area A11,General,High,Substitution Request,2023-10-28,2023-11-01,,,,Open,General Contractor,Construction Manager,0,0,No,0,0,No,0,0,No,0,5
RFI-03049,PRJ-082,RFI-0012,Mechanical Design Clarification - Area C7,Mechanical,Medium,Design Clarification,2025-02-01,2025-02-11,2025-02-20,2025-02-20,2025-02-21,Closed,Subcontractor,Engineer,0,1,Yes,162000,205000,No,0,0,Yes,1,5
RFI-03050,PRJ-082,RFI-0013,Civil Coordination Conflict - Area C2,Civil,Medium,Coordination Conflict,2024-06-25,2024-07-04,,,,Awaiting Designer,Subcontractor,Engineer,0,0,No,0,0,No,0,0,No,2,5
RFI-03051,PRJ-082,RFI-0014,General Coordination Conflict - Area E4,General,High,Coordination Conflict,2024-12-14,2024-12-21,2024-12-21,2024-12-21,2024-12-23,Closed,General Contractor,Owner Representative,0,0,Yes,60000,63000,No,0,0,No,6,5
RFI-03052,PRJ-082,RFI-0015,Architectural Substitution Request - Area D9,Architectural,High,Substitution Request,2025-01-07,2025-01-14,2025-01-14,2025-01-14,,Answered,General Contractor,Architect,0,0,No,0,0,No,0,0,No,4,5
RFI-03053,PRJ-082,RFI-0016,Mechanical Code Compliance - Area B4,Mechanical,Low,Code Compliance,2025-09-24,2025-10-10,2025-10-04,2025-10-04,2025-10-08,Closed,General Contractor,Owner Representative,0,0,No,0,0,No,0,0,No,1,5
RFI-03054,PRJ-082,RFI-0017,Structural Design Clarification - Area E2,Structural,Medium,Design Clarification,2025-08-05,2025-08-16,,,,Returned for Clarification,General Contractor,Engineer,1,0,No,0,0,No,0,0,No,4,3
RFI-03055,PRJ-082,RFI-0018,Fire Protection Missing Information - Area C6,Fire Protection,Medium,Missing Information,2024-09-30,2024-10-12,2024-10-15,2024-10-15,2024-10-18,Closed,Subcontractor,Engineer,0,0,No,0,0,No,0,0,No,4,5
RFI-03056,PRJ-082,RFI-0019,Architectural Design Clarification - Area C10,Architectural,Low,Design Clarification,2024-09-13,2024-09-29,2024-09-21,2024-09-21,2024-09-25,Closed,Subcontractor,Architect,0,0,No,0,0,No,0,0,No,6,5
RFI-03057,PRJ-082,RFI-0020,Mechanical Design Clarification - Area C1,Mechanical,Medium,Design Clarification,2023-09-29,2023-10-11,2023-10-05,2023-10-05,2023-10-08,Closed,Subcontractor,Engineer,0,0,No,0,0,No,0,0,No,1,5
RFI-03058,PRJ-082,RFI-0021,General Coordination Conflict - Area C9,General,High,Coordination Conflict,2025-09-14,2025-09-18,2025-09-28,2025-09-29,2025-10-02,Closed,Construction Manager,Construction Manager,1,0,Yes,23000,24000,No,0,0,No,3,3
RFI-03059,PRJ-082,RFI-0022,Mechanical Code Compliance - Area D11,Mechanical,Critical,Code Compliance,2025-09-01,2025-09-06,2025-09-10,2025-09-10,2025-09-12,Closed,Construction Manager,Engineer,0,0,No,0,0,No,0,0,No,4,4
RFI-03060,PRJ-082,RFI-0023,Electrical Field Condition - Area B12,Electrical,Medium,Field Condition,2025-05-30,2025-06-09,2025-06-07,2025-06-07,2025-06-11,Closed,General Contractor,Engineer,0,0,No,0,0,No,0,0,No,2,5
RFI-03061,PRJ-082,RFI-0024,Controls Design Clarification - Area D12,Controls,High,Design Clarification,2025-08-31,2025-09-07,2025-09-15,2025-09-17,2025-09-18,Closed,Subcontractor,Engineer,1,0,No,0,0,No,0,0,No,5,4
RFI-03062,PRJ-082,RFI-0025,Plumbing Field Condition - Area E9,Plumbing,High,Field Condition,2023-12-10,2023-12-15,2023-12-18,2023-12-18,2023-12-20,Closed,General Contractor,Owner Representative,0,0,No,0,0,No,0,0,No,1,5
RFI-03063,PRJ-082,RFI-0026,Structural Code Compliance - Area C4,Structural,Low,Code Compliance,2023-08-23,2023-09-06,2023-09-06,2023-09-09,2023-09-09,Closed,Subcontractor,Owner Representative,1,0,No,0,0,No,0,0,No,4,5
RFI-03064,PRJ-082,RFI-0027,Structural Design Clarification - Area A3,Structural,Medium,Design Clarification,2023-09-30,2023-10-11,2023-10-12,2023-10-15,2023-10-15,Closed,General Contractor,Engineer,1,0,Yes,5800,7600,Yes,4,5,Yes,4,5
RFI-03065,PRJ-082,RFI-0028,Specialty Systems Constructability - Area B1,Specialty Systems,High,Constructability,2024-04-30,2024-05-05,2024-05-06,2024-05-06,2024-05-10,Closed,General Contractor,Design Manager,0,0,No,0,0,No,0,0,No,0,5
RFI-03066,PRJ-082,RFI-0029,Structural Substitution Request - Area E7,Structural,Low,Substitution Request,2023-09-10,2023-09-26,2023-10-04,2023-10-07,,Answered,General Contractor,Engineer,1,0,No,0,0,No,0,0,No,1,3
RFI-03067,PRJ-082,RFI-0030,Electrical Coordination Conflict - Area B9,Electrical,Medium,Coordination Conflict,2023-12-18,2023-12-28,2023-12-27,2023-12-27,2023-12-30,Closed,Subcontractor,Owner Representative,0,0,No,0,0,No,0,0,No,6,5
RFI-03068,PRJ-082,RFI-0031,Specialty Systems Coordination Conflict - Area A12,Specialty Systems,Medium,Coordination Conflict,2025-02-23,2025-03-07,,,,Returned for Clarification,General Contractor,Design Manager,0,0,No,0,0,No,0,0,No,2,5
RFI-03069,PRJ-082,RFI-0032,Structural Substitution Request - Area B6,Structural,Medium,Substitution Request,2024-07-23,2024-08-03,2024-08-15,2024-08-19,,Answered,General Contractor,Engineer,1,1,No,0,0,Yes,3,2,No,6,3
RFI-03070,PRJ-082,RFI-0033,Controls Design Clarification - Area D9,Controls,High,Design Clarification,2024-05-11,2024-05-18,2024-05-22,2024-05-23,2024-05-25,Closed,Construction Manager,Engineer,1,0,No,0,0,No,0,0,No,1,4
RFI-03071,PRJ-082,RFI-0034,Mechanical Design Clarification - Area C3,Mechanical,Medium,Design Clarification,2024-03-22,2024-04-02,2024-03-31,2024-03-31,2024-04-03,Closed,General Contractor,Engineer,0,0,No,0,0,No,0,0,No,4,5
RFI-03072,PRJ-082,RFI-0035,Structural Design Clarification - Area C9,Structural,High,Design Clarification,2025-04-19,2025-04-23,2025-04-24,2025-04-24,,Answered,General Contractor,Engineer,0,0,No,0,0,No,0,0,No,1,5
RFI-03073,PRJ-082,RFI-0036,Architectural Missing Information - Area C4,Architectural,High,Missing Information,2025-06-17,2025-06-23,2025-06-22,2025-06-22,2025-06-24,Closed,Subcontractor,Architect,0,0,Yes,129000,129000,No,0,0,Yes,1,5
RFI-03074,PRJ-082,RFI-0037,Mechanical Coordination Conflict - Area B7,Mechanical,Critical,Coordination Conflict,2025-03-29,2025-04-01,2025-04-09,2025-04-10,2025-04-12,Closed,Subcontractor,Engineer,1,0,Yes,67000,86000,No,0,0,Yes,1,4
RFI-03075,PRJ-082,RFI-0038,Specialty Systems Coordination Conflict - Area D2,Specialty Systems,Low,Coordination Conflict,2024-06-12,2024-06-28,2024-06-26,2024-06-26,2024-06-30,Closed,General Contractor,Design Manager,0,0,No,0,0,No,0,0,No,6,5
RFI-03076,PRJ-082,RFI-0039,Electrical Missing Information - Area E11,Electrical,High,Missing Information,2025-09-03,2025-09-08,2025-09-12,2025-09-12,2025-09-16,Closed,General Contractor,Engineer,0,0,No,0,0,No,0,0,No,6,5
RFI-03077,PRJ-082,RFI-0040,Mechanical Coordination Conflict - Area E8,Mechanical,Medium,Coordination Conflict,2024-12-29,2025-01-10,2025-01-10,2025-01-11,2025-01-15,Closed,Construction Manager,Engineer,1,0,No,0,0,No,0,0,No,3,5
RFI-03078,PRJ-082,RFI-0041,Mechanical Coordination Conflict - Area D1,Mechanical,Medium,Coordination Conflict,2024-06-21,2024-07-01,2024-07-03,,,Awaiting Owner,Subcontractor,Engineer,1,0,No,0,0,Yes,1,1,No,6,5
RFI-03079,PRJ-082,RFI-0042,Controls Code Compliance - Area D4,Controls,High,Code Compliance,2024-12-16,2024-12-23,2024-12-27,2024-12-30,2024-12-30,Closed,General Contractor,Engineer,1,0,Yes,35000,30000,No,0,0,No,1,3
RFI-03080,PRJ-083,RFI-0001,Fire Protection Missing Information - Area C5,Fire Protection,High,Missing Information,2024-08-22,2024-08-27,2024-08-28,2024-08-28,,Answered,Construction Manager,Engineer,0,0,No,0,0,No,0,0,No,2,5
RFI-03081,PRJ-083,RFI-0002,Civil Design Clarification - Area C10,Civil,Medium,Design Clarification,2023-03-08,2023-03-20,2023-03-17,2023-03-17,2023-03-20,Closed,Construction Manager,Engineer,0,0,No,0,0,No,0,0,No,1,5
RFI-03082,PRJ-083,RFI-0003,Structural Substitution Request - Area E9,Structural,Medium,Substitution Request,2022-11-24,2022-12-04,,,,Open,General Contractor,Owner Representative,1,0,No,0,0,No,0,0,No,4,4
RFI-03083,PRJ-083,RFI-0004,General Coordination Conflict - Area C12,General,High,Coordination Conflict,2024-09-27,2024-10-01,2024-09-30,2024-09-30,2024-10-03,Closed,General Contractor,Construction Manager,0,0,No,0,0,No,0,0,No,0,5
RFI-03084,PRJ-083,RFI-0005,Plumbing Coordination Conflict - Area E12,Plumbing,Medium,Coordination Conflict,2024-07-06,2024-07-17,2024-07-09,2024-07-09,2024-07-13,Closed,Subcontractor,Engineer,0,0,No,0,0,No,0,0,No,0,5
RFI-03085,PRJ-083,RFI-0006,General Coordination Conflict - Area D6,General,Medium,Coordination Conflict,2023-06-28,2023-07-07,2023-07-01,2023-07-01,2023-07-05,Closed,General Contractor,Construction Manager,0,0,No,0,0,No,0,0,No,3,5
RFI-03086,PRJ-083,RFI-0007,Civil Constructability - Area D10,Civil,High,Constructability,2023-07-11,2023-07-16,2023-07-19,2023-07-21,,Answered,General Contractor,Engineer,1,0,No,0,0,No,0,0,No,6,4
RFI-03087,PRJ-083,RFI-0008,Architectural Design Clarification - Area E2,Architectural,Medium,Design Clarification,2023-09-14,2023-09-23,2023-09-20,2023-09-20,2023-09-22,Closed,General Contractor,Architect,0,0,No,0,0,No,0,0,No,5,5
RFI-03088,PRJ-083,RFI-0009,Mechanical Design Clarification - Area E3,Mechanical,Low,Design Clarification,2024-08-21,2024-09-03,2024-08-30,2024-08-30,2024-09-03,Closed,General Contractor,Engineer,0,0,No,0,0,No,0,0,No,2,5
RFI-03089,PRJ-083,RFI-0010,Mechanical Constructability - Area B7,Mechanical,Medium,Constructability,2023-10-21,2023-11-01,2023-10-29,2023-10-29,2023-11-02,Closed,Subcontractor,Engineer,0,0,No,0,0,No,0,0,No,5,5
RFI-03090,PRJ-083,RFI-0011,General Design Clarification - Area B2,General,Low,Design Clarification,2023-09-06,2023-09-21,2023-09-15,2023-09-16,2023-09-20,Closed,Construction Manager,Construction Manager,1,0,No,0,0,No,0,0,No,0,5
RFI-03091,PRJ-083,RFI-0012,Architectural Code Compliance - Area E9,Architectural,Low,Code Compliance,2024-03-22,2024-04-05,2024-04-03,2024-04-04,2024-04-06,Closed,Subcontractor,Architect,1,0,No,0,0,No,0,0,No,6,4
RFI-03092,PRJ-083,RFI-0013,Architectural Missing Information - Area D12,Architectural,Medium,Missing Information,2024-11-06,2024-11-16,2024-11-13,2024-11-13,2024-11-13,Closed,Subcontractor,Architect,0,0,No,0,0,No,0,0,No,2,5
RFI-03093,PRJ-083,RFI-0014,Specialty Systems Coordination Conflict - Area B2,Specialty Systems,Low,Coordination Conflict,2024-08-31,2024-09-15,2024-09-14,2024-09-14,2024-09-14,Closed,Construction Manager,Design Manager,0,0,No,0,0,No,0,0,No,0,5
RFI-03094,PRJ-083,RFI-0015,Structural Field Condition - Area B9,Structural,High,Field Condition,2023-11-28,2023-12-05,2023-12-01,2023-12-01,2023-12-04,Closed,General Contractor,Engineer,0,0,Yes,5700,5800,No,0,0,No,3,4
RFI-03095,PRJ-083,RFI-0016,Electrical Substitution Request - Area A4,Electrical,Medium,Substitution Request,2024-03-29,2024-04-08,2024-04-07,2024-04-07,2024-04-09,Closed,Subcontractor,Engineer,0,0,No,0,0,No,0,0,No,2,5
RFI-03096,PRJ-083,RFI-0017,Plumbing Design Clarification - Area B5,Plumbing,Medium,Design Clarification,2023-08-26,2023-09-07,2023-09-01,2023-09-04,2023-09-06,Closed,General Contractor,Engineer,1,0,No,0,0,No,0,0,No,3,5
RFI-03097,PRJ-083,RFI-0018,Mechanical Design Clarification - Area D10,Mechanical,High,Design Clarification,2023-03-06,2023-03-10,2023-03-16,2023-03-16,2023-03-17,Closed,Subcontractor,Owner Representative,0,0,No,0,0,No,0,0,No,0,5
RFI-03098,PRJ-083,RFI-0019,Electrical Constructability - Area B11,Electrical,Medium,Constructability,2023-03-29,2023-04-09,2023-04-16,2023-04-16,2023-04-18,Closed,Subcontractor,Engineer,0,0,No,0,0,No,0,0,No,3,5
RFI-03099,PRJ-083,RFI-0020,General Substitution Request - Area E4,General,High,Substitution Request,2024-11-27,2024-12-01,2024-12-01,2024-12-01,,Answered,General Contractor,Construction Manager,0,0,No,0,0,No,0,0,No,2,5
RFI-03100,PRJ-083,RFI-0021,General Design Clarification - Area B12,General,Medium,Design Clarification,2023-07-27,2023-08-06,2023-08-14,2023-08-14,,Answered,General Contractor,Construction Manager,0,1,No,0,0,No,0,0,No,1,4
RFI-03101,PRJ-083,RFI-0022,Civil Design Clarification - Area E3,Civil,Critical,Design Clarification,2023-04-17,2023-04-20,2023-04-27,2023-04-29,,Answered,General Contractor,Engineer,1,0,Yes,21000,22000,No,0,0,Yes,2,4
RFI-03102,PRJ-083,RFI-0023,Controls Design Clarification - Area A12,Controls,High,Design Clarification,2022-12-09,2022-12-13,2022-12-13,,,Awaiting Designer,General Contractor,Engineer,0,0,No,0,0,No,0,0,No,2,5
RFI-03103,PRJ-083,RFI-0024,Architectural Design Clarification - Area B8,Architectural,Medium,Design Clarification,2023-04-23,2023-05-03,2023-04-29,2023-04-29,2023-05-01,Closed,Subcontractor,Architect,0,0,No,0,0,No,0,0,No,6,5
RFI-03104,PRJ-083,RFI-0025,Controls Coordination Conflict - Area D3,Controls,High,Coordination Conflict,2024-02-22,2024-02-28,2024-02-25,2024-02-25,2024-02-26,Closed,Subcontractor,Engineer,0,0,No,0,0,No,0,0,No,6,5
RFI-03105,PRJ-083,RFI-0026,Structural Field Condition - Area D7,Structural,High,Field Condition,2023-11-28,2023-12-04,2023-12-07,2023-12-09,2023-12-12,Closed,General Contractor,Engineer,1,0,Yes,25000,32000,No,0,0,No,1,5
RFI-03106,PRJ-083,RFI-0027,Plumbing Coordination Conflict - Area B7,Plumbing,Low,Coordination Conflict,2023-11-27,2023-12-12,2023-12-04,2023-12-04,2023-12-08,Closed,General Contractor,Engineer,0,0,No,0,0,No,0,0,No,4,5
RFI-03107,PRJ-083,RFI-0028,Electrical Missing Information - Area C8,Electrical,Medium,Missing Information,2024-01-26,2024-02-04,2024-01-31,2024-02-03,2024-02-04,Closed,General Contractor,Engineer,1,0,No,0,0,No,0,0,No,3,5
RFI-03108,PRJ-084,RFI-0001,Mechanical Coordination Conflict - Area E7,Mechanical,Medium,Coordination Conflict,2024-11-07,2024-11-16,2024-11-16,2024-11-16,2024-11-20,Closed,Subcontractor,Engineer,0,0,No,0,0,No,0,0,No,3,5
RFI-03109,PRJ-084,RFI-0002,Structural Design Clarification - Area E3,Structural,Low,Design Clarification,2025-06-03,2025-06-16,,,,Returned for Clarification,Subcontractor,Engineer,1,0,No,0,0,No,0,0,No,3,5
RFI-03110,PRJ-084,RFI-0003,Electrical Missing Information - Area A6,Electrical,Medium,Missing Information,2025-10-08,2025-10-19,2025-10-14,2025-10-14,,Answered,Construction Manager,Engineer,0,0,No,0,0,No,0,0,No,5,5
RFI-03111,PRJ-084,RFI-0004,Controls Design Clarification - Area E3,Controls,Medium,Design Clarification,2024-08-09,2024-08-19,2024-08-15,2024-08-15,2024-08-18,Closed,General Contractor,Engineer,0,0,No,0,0,No,0,0,No,2,5
RFI-03112,PRJ-084,RFI-0005,General Field Condition - Area A8,General,Critical,Field Condition,2025-01-12,2025-01-17,2025-01-18,2025-01-18,,Answered,General Contractor,Owner Representative,0,0,Yes,54000,39000,No,0,0,Yes,4,5
RFI-03113,PRJ-084,RFI-0006,Controls Design Clarification - Area C5,Controls,High,Design Clarification,2025-03-15,2025-03-21,2025-03-22,2025-03-22,2025-03-23,Closed,General Contractor,Owner Representative,0,0,No,0,0,No,0,0,No,3,5
RFI-03114,PRJ-084,RFI-0007,Mechanical Coordination Conflict - Area E4,Mechanical,Medium,Coordination Conflict,2024-06-26,2024-07-06,2024-06-28,2024-06-28,2024-07-02,Closed,Subcontractor,Engineer,0,0,No,0,0,No,0,0,No,4,5
RFI-03115,PRJ-084,RFI-0008,Architectural Design Clarification - Area C3,Architectural,Medium,Design Clarification,2024-02-04,2024-02-14,2024-02-08,2024-02-08,,Answered,Construction Manager,Architect,0,0,No,0,0,No,0,0,No,2,5
RFI-03116,PRJ-084,RFI-0009,Specialty Systems Coordination Conflict - Area E2,Specialty Systems,High,Coordination Conflict,2025-02-24,2025-03-01,2025-02-26,2025-02-26,,Answered,Construction Manager,Owner Representative,0,0,Yes,18000,13000,No,0,0,Yes,3,5
RFI-03117,PRJ-084,RFI-0010,Electrical Missing Information - Area B10,Electrical,Medium,Missing Information,2024-03-22,2024-04-01,2024-03-26,2024-03-26,2024-03-27,Closed,General Contractor,Engineer,0,0,No,0,0,No,0,0,No,3,5
RFI-03118,PRJ-084,RFI-0011,Electrical Missing Information - Area B6,Electrical,Low,Missing Information,2025-05-04,2025-05-18,2025-05-09,2025-05-09,2025-05-09,Closed,Subcontractor,Engineer,0,0,No,0,0,No,0,0,No,2,5
RFI-03119,PRJ-084,RFI-0012,Civil Design Clarification - Area A10,Civil,Medium,Design Clarification,2024-05-06,2024-05-16,2024-05-13,2024-05-13,2024-05-13,Closed,General Contractor,Engineer,0,0,Yes,11000,9700,No,0,0,No,2,4
RFI-03120,PRJ-084,RFI-0013,Plumbing Coordination Conflict - Area C3,Plumbing,High,Coordination Conflict,2024-09-14,2024-09-21,2024-09-24,2024-09-27,2024-09-30,Closed,General Contractor,Owner Representative,1,0,No,0,0,No,0,0,No,1,3
RFI-03121,PRJ-084,RFI-0014,Electrical Substitution Request - Area C10,Electrical,Medium,Substitution Request,2024-09-06,2024-09-16,2024-09-23,2024-09-24,,Answered,Subcontractor,Engineer,1,0,No,0,0,No,0,0,No,3,4
RFI-03122,PRJ-084,RFI-0015,Civil Constructability - Area B12,Civil,Medium,Constructability,2024-10-17,2024-10-29,2024-10-22,2024-10-25,2024-10-27,Closed,General Contractor,Engineer,1,0,No,0,0,No,0,0,No,4,3
RFI-03123,PRJ-084,RFI-0016,Mechanical Substitution Request - Area D4,Mechanical,High,Substitution Request,2025-02-16,2025-02-21,2025-02-18,2025-02-18,2025-02-20,Closed,Construction Manager,Engineer,0,0,No,0,0,No,0,0,No,0,5
RFI-03124,PRJ-084,RFI-0017,Electrical Design Clarification - Area E12,Electrical,High,Design Clarification,2025-01-06,2025-01-13,2025-01-11,2025-01-11,,Answered,Subcontractor,Engineer,0,0,No,0,0,No,0,0,No,0,5
RFI-03125,PRJ-084,RFI-0018,Electrical Design Clarification - Area C8,Electrical,High,Design Clarification,2025-07-29,2025-08-04,2025-08-04,2025-08-04,,Answered,Subcontractor,Owner Representative,0,0,No,0,0,No,0,0,No,0,5
RFI-03126,PRJ-084,RFI-0019,Civil Coordination Conflict - Area E11,Civil,Medium,Coordination Conflict,2024-06-06,2024-06-16,2024-06-10,,,Awaiting Designer,Subcontractor,Engineer,0,0,No,0,0,No,0,0,No,5,5
RFI-03127,PRJ-084,RFI-0020,Structural Coordination Conflict - Area E3,Structural,Low,Coordination Conflict,2024-01-27,2024-02-09,2024-01-31,2024-01-31,2024-02-04,Closed,Subcontractor,Engineer,0,0,No,0,0,No,0,0,No,2,5
RFI-03128,PRJ-084,RFI-0021,Architectural Missing Information - Area C7,Architectural,Medium,Missing Information,2025-04-02,2025-04-14,2025-04-09,2025-04-09,2025-04-09,Closed,Construction Manager,Architect,0,0,No,0,0,No,0,0,No,5,5
RFI-03129,PRJ-084,RFI-0022,Structural Coordination Conflict - Area D9,Structural,Medium,Coordination Conflict,2025-03-07,2025-03-17,2025-03-11,2025-03-11,2025-03-14,Closed,General Contractor,Engineer,0,0,Yes,39000,49000,No,0,0,No,5,4
RFI-03130,PRJ-084,RFI-0023,Architectural Code Compliance - Area B8,Architectural,Medium,Code Compliance,2025-05-19,2025-05-31,2025-05-21,2025-05-21,2025-05-25,Closed,Construction Manager,Architect,0,0,No,0,0,No,0,0,No,4,5
RFI-03131,PRJ-084,RFI-0024,General Missing Information - Area D7,General,Medium,Missing Information,2024-03-08,2024-03-19,2024-03-10,2024-03-10,,Answered,Subcontractor,Construction Manager,0,0,No,0,0,No,0,0,No,3,2
RFI-03132,PRJ-084,RFI-0025,Architectural Coordination Conflict - Area B1,Architectural,Low,Coordination Conflict,2024-10-01,2024-10-17,,,,In Review,General Contractor,Architect,0,0,No,0,0,No,0,0,No,1,4
RFI-03133,PRJ-084,RFI-0026,General Missing Information - Area E11,General,Critical,Missing Information,2024-07-05,2024-07-07,2024-07-06,2024-07-06,2024-07-09,Closed,Construction Manager,Construction Manager,0,0,No,0,0,No,0,0,No,0,5
RFI-03134,PRJ-084,RFI-0027,Specialty Systems Design Clarification - Area C8,Specialty Systems,Medium,Design Clarification,2025-04-22,2025-05-03,2025-04-30,2025-04-30,,Answered,Subcontractor,Design Manager,0,0,No,0,0,No,0,0,No,4,5
RFI-03135,PRJ-084,RFI-0028,Mechanical Design Clarification - Area B11,Mechanical,High,Design Clarification,2024-06-23,2024-06-30,2024-06-25,2024-06-25,2024-06-28,Closed,General Contractor,Engineer,0,0,No,0,0,No,0,0,No,4,5
RFI-03136,PRJ-085,RFI-0001,Controls Field Condition - Area C4,Controls,Medium,Field Condition,2025-01-19,2025-01-28,2025-01-25,2025-01-25,2025-01-26,Closed,General Contractor,Engineer,0,0,No,0,0,No,0,0,No,0,5
RFI-03137,PRJ-085,RFI-0002,Specialty Systems Missing Information - Area D3,Specialty Systems,Critical,Missing Information,2025-02-03,2025-02-07,2025-02-06,2025-02-06,2025-02-06,Closed,General Contractor,Owner Representative,0,0,No,0,0,No,0,0,No,5,5
RFI-03138,PRJ-085,RFI-0003,Electrical Design Clarification - Area D5,Electrical,High,Design Clarification,2024-08-17,2024-08-23,2024-08-21,2024-08-21,,Answered,Construction Manager,Engineer,0,0,No,0,0,No,0,0,No,0,5
RFI-03139,PRJ-085,RFI-0004,Electrical Field Condition - Area D10,Electrical,Medium,Field Condition,2025-04-03,2025-04-13,2025-04-28,2025-04-30,2025-05-03,Closed,Subcontractor,Owner Representative,1,1,No,0,0,No,0,0,No,3,2
RFI-03140,PRJ-085,RFI-0005,Electrical Coordination Conflict - Area B11,Electrical,Medium,Coordination Conflict,2025-12-08,2025-12-19,,,,In Review,General Contractor,Engineer,0,0,No,0,0,No,0,0,No,4,5
RFI-03141,PRJ-085,RFI-0006,Civil Constructability - Area A4,Civil,High,Constructability,2024-09-22,2024-09-29,2024-09-26,2024-09-26,2024-09-30,Closed,Subcontractor,Engineer,0,0,No,0,0,No,0,0,No,5,5
RFI-03142,PRJ-085,RFI-0007,Electrical Constructability - Area B8,Electrical,Medium,Constructability,2025-01-20,2025-01-31,2025-02-03,2025-02-06,2025-02-09,Closed,General Contractor,Engineer,1,0,No,0,0,Yes,2,2,Yes,6,3
RFI-03143,PRJ-085,RFI-0008,Controls Coordination Conflict - Area C1,Controls,High,Coordination Conflict,2025-12-01,2025-12-06,2025-12-06,2025-12-06,2025-12-09,Closed,Subcontractor,Engineer,0,0,No,0,0,No,0,0,No,4,5
RFI-03144,PRJ-085,RFI-0009,Structural Code Compliance - Area D8,Structural,Medium,Code Compliance,2024-03-12,2024-03-23,2024-03-23,2024-03-24,2024-03-26,Closed,Subcontractor,Engineer,1,0,No,0,0,No,0,0,No,5,4
RFI-03145,PRJ-085,RFI-0010,Electrical Coordination Conflict - Area E9,Electrical,High,Coordination Conflict,2024-07-23,2024-07-30,2024-07-31,2024-07-31,2024-08-04,Closed,Construction Manager,Owner Representative,0,0,Yes,133000,124000,No,0,0,Yes,3,5
RFI-03146,PRJ-085,RFI-0011,Civil Constructability - Area A11,Civil,Low,Constructability,2025-01-27,2025-02-09,2025-01-31,2025-01-31,2025-02-04,Closed,General Contractor,Engineer,0,0,No,0,0,No,0,0,No,0,5
RFI-03147,PRJ-085,RFI-0012,Electrical Design Clarification - Area E11,Electrical,High,Design Clarification,2024-08-16,2024-08-20,2024-08-21,2024-08-21,2024-08-21,Closed,Subcontractor,Owner Representative,0,0,No,0,0,No,0,0,No,2,5
RFI-03148,PRJ-085,RFI-0013,Fire Protection Coordination Conflict - Area C12,Fire Protection,Critical,Coordination Conflict,2024-11-10,2024-11-12,2024-11-15,2024-11-15,2024-11-19,Closed,General Contractor,Engineer,0,0,No,0,0,No,0,0,No,4,4
RFI-03149,PRJ-085,RFI-0014,Mechanical Missing Information - Area B6,Mechanical,High,Missing Information,2024-05-08,2024-05-15,2024-05-16,2024-05-16,2024-05-19,Closed,Subcontractor,Engineer,0,0,No,0,0,No,0,0,No,0,5
RFI-03150,PRJ-085,RFI-0015,Controls Substitution Request - Area D5,Controls,Low,Substitution Request,2025-07-19,2025-08-03,2025-07-29,2025-07-29,,Answered,Construction Manager,Engineer,0,0,No,0,0,No,0,0,No,4,4
RFI-03151,PRJ-085,RFI-0016,Civil Design Clarification - Area A11,Civil,Medium,Design Clarification,2024-01-23,2024-02-03,2024-01-28,2024-01-28,2024-01-29,Closed,Construction Manager,Owner Representative,0,0,No,0,0,No,0,0,No,3,5
RFI-03152,PRJ-085,RFI-0017,Electrical Substitution Request - Area A8,Electrical,Medium,Substitution Request,2025-07-14,2025-07-26,2025-07-17,2025-07-17,2025-07-17,Closed,Subcontractor,Engineer,0,0,No,0,0,No,0,0,No,1,5
RFI-03153,PRJ-085,RFI-0018,Structural Code Compliance - Area A5,Structural,Medium,Code Compliance,2024-12-21,2024-12-31,2024-12-28,2024-12-28,2024-12-28,Closed,General Contractor,Engineer,0,0,No,0,0,No,0,0,No,3,5
RFI-03154,PRJ-085,RFI-0019,Structural Field Condition - Area A11,Structural,Medium,Field Condition,2025-03-14,2025-03-24,2025-04-03,,,Awaiting Designer,Subcontractor,Engineer,0,1,Yes,5300,7100,No,0,0,Yes,6,5
RFI-03155,PRJ-085,RFI-0020,Architectural Constructability - Area D11,Architectural,Medium,Constructability,2024-03-20,2024-04-01,2024-03-26,2024-03-26,2024-03-29,Closed,General Contractor,Architect,0,0,No,0,0,No,0,0,No,5,5
RFI-03156,PRJ-085,RFI-0021,Specialty Systems Constructability - Area D11,Specialty Systems,Medium,Constructability,2025-03-01,2025-03-13,2025-03-07,2025-03-07,2025-03-09,Closed,General Contractor,Design Manager,0,0,No,0,0,No,0,0,No,5,4
RFI-03157,PRJ-085,RFI-0022,Plumbing Design Clarification - Area B1,Plumbing,Medium,Design Clarification,2025-11-09,2025-11-19,2025-11-26,2025-11-26,2025-11-30,Closed,Subcontractor,Engineer,0,1,No,0,0,No,0,0,No,1,5
RFI-03158,PRJ-085,RFI-0023,General Substitution Request - Area A2,General,Medium,Substitution Request,2025-03-03,2025-03-14,2025-03-05,2025-03-05,2025-03-05,Closed,Subcontractor,Construction Manager,0,0,No,0,0,No,0,0,No,0,5
RFI-03159,PRJ-085,RFI-0024,Electrical Design Clarification - Area D4,Electrical,Low,Design Clarification,2025-02-15,2025-03-03,2025-02-25,2025-02-27,2025-03-02,Closed,Construction Manager,Engineer,1,0,No,0,0,No,0,0,No,1,4
RFI-03160,PRJ-086,RFI-0001,Mechanical Design Clarification - Area D5,Mechanical,Low,Design Clarification,2023-05-15,2023-05-31,2023-05-25,2023-05-27,,Answered,General Contractor,Engineer,1,0,No,0,0,No,0,0,No,0,5
RFI-03161,PRJ-086,RFI-0002,General Code Compliance - Area E11,General,Medium,Code Compliance,2023-09-15,2023-09-26,2023-09-23,2023-09-27,,Answered,Subcontractor,Construction Manager,1,0,No,0,0,Yes,3,3,No,6,4
RFI-03162,PRJ-086,RFI-0003,Architectural Missing Information - Area C10,Architectural,Medium,Missing Information,2024-12-05,2024-12-15,2024-12-09,2024-12-09,2024-12-10,Closed,Subcontractor,Architect,0,0,No,0,0,No,0,0,No,2,5
RFI-03163,PRJ-086,RFI-0004,Mechanical Missing Information - Area E5,Mechanical,Medium,Missing Information,2022-12-06,2022-12-17,2022-12-15,2022-12-15,,Answered,Subcontractor,Engineer,0,0,No,0,0,No,0,0,No,6,5
RFI-03164,PRJ-086,RFI-0005,Mechanical Constructability - Area C3,Mechanical,High,Constructability,2024-12-31,2025-01-07,2025-01-09,2025-01-09,2025-01-12,Closed,Subcontractor,Engineer,0,0,No,0,0,No,0,0,No,1,5
RFI-03165,PRJ-086,RFI-0006,Specialty Systems Coordination Conflict - Area A1,Specialty Systems,Low,Coordination Conflict,2023-03-11,2023-03-24,2023-03-20,2023-03-20,,Answered,General Contractor,Design Manager,0,0,No,0,0,No,0,0,No,4,5
RFI-03166,PRJ-086,RFI-0007,Structural Field Condition - Area B4,Structural,Low,Field Condition,2022-10-27,2022-11-09,2022-11-08,2022-11-12,2022-11-15,Closed,Subcontractor,Engineer,1,0,No,0,0,No,0,0,No,6,4
RFI-03167,PRJ-086,RFI-0008,Mechanical Field Condition - Area C5,Mechanical,Low,Field Condition,2024-01-12,2024-01-27,2024-01-25,2024-01-27,,Answered,General Contractor,Owner Representative,1,0,Yes,1900,2200,No,0,0,No,5,5
RFI-03168,PRJ-086,RFI-0009,Mechanical Coordination Conflict - Area C11,Mechanical,Medium,Coordination Conflict,2022-06-20,2022-07-02,2022-06-24,2022-06-24,2022-06-24,Closed,Subcontractor,Engineer,0,0,No,0,0,No,0,0,No,5,4
RFI-03169,PRJ-086,RFI-0010,Architectural Constructability - Area C1,Architectural,Medium,Constructability,2023-07-23,2023-08-04,2023-07-30,2023-07-30,2023-08-01,Closed,Construction Manager,Architect,0,0,No,0,0,No,0,0,No,3,5
RFI-03170,PRJ-086,RFI-0011,Architectural Coordination Conflict - Area B6,Architectural,Medium,Coordination Conflict,2022-12-08,2022-12-20,2022-12-22,2022-12-22,,Answered,Subcontractor,Architect,0,1,No,0,0,No,0,0,No,2,5
RFI-03171,PRJ-086,RFI-0012,Civil Design Clarification - Area C1,Civil,High,Design Clarification,2024-03-18,2024-03-25,2024-03-25,2024-03-28,2024-03-28,Closed,Subcontractor,Engineer,1,0,Yes,61000,57000,No,0,0,No,5,5
RFI-03172,PRJ-086,RFI-0013,Civil Coordination Conflict - Area D8,Civil,High,Coordination Conflict,2023-11-27,2023-12-03,2023-12-03,2023-12-03,,Answered,General Contractor,Engineer,0,0,No,0,0,No,0,0,No,2,4
RFI-03173,PRJ-086,RFI-0014,Mechanical Design Clarification - Area B8,Mechanical,Medium,Design Clarification,2022-08-18,2022-08-30,2022-08-25,2022-08-25,,Answered,Subcontractor,Engineer,0,0,No,0,0,No,0,0,No,0,5
RFI-03174,PRJ-086,RFI-0015,Civil Design Clarification - Area B9,Civil,Low,Design Clarification,2024-06-07,2024-06-20,2024-06-11,2024-06-11,2024-06-11,Closed,Construction Manager,Owner Representative,0,0,No,0,0,No,0,0,No,6,5
RFI-03175,PRJ-086,RFI-0016,Electrical Substitution Request - Area A4,Electrical,Medium,Substitution Request,2022-04-26,2022-05-07,2022-05-01,2022-05-01,,Answered,Subcontractor,Engineer,0,0,No,0,0,No,0,0,No,4,5
RFI-03176,PRJ-086,RFI-0017,Architectural Substitution Request - Area A4,Architectural,Medium,Substitution Request,2024-01-03,2024-01-13,2024-01-13,2024-01-16,2024-01-19,Closed,Construction Manager,Owner Representative,1,0,Yes,11000,11000,No,0,0,No,4,3
RFI-03177,PRJ-086,RFI-0018,Structural Design Clarification - Area C2,Structural,Medium,Design Clarification,2024-04-21,2024-05-02,2024-04-28,2024-04-28,2024-05-02,Closed,General Contractor,Engineer,0,0,No,0,0,No,0,0,No,4,5
RFI-03178,PRJ-086,RFI-0019,Plumbing Coordination Conflict - Area A6,Plumbing,Medium,Coordination Conflict,2023-10-03,2023-10-12,2023-10-15,2023-10-15,,Answered,Subcontractor,Engineer,0,0,Yes,15000,18000,No,0,0,Yes,4,5
RFI-03179,PRJ-086,RFI-0020,General Coordination Conflict - Area C4,General,Low,Coordination Conflict,2023-06-29,2023-07-15,2023-07-07,2023-07-07,,Answered,General Contractor,Owner Representative,0,0,No,0,0,No,0,0,No,5,4
RFI-03180,PRJ-086,RFI-0021,Structural Coordination Conflict - Area C3,Structural,Low,Coordination Conflict,2023-08-25,2023-09-07,2023-09-09,2023-09-09,2023-09-12,Closed,Subcontractor,Owner Representative,0,0,No,0,0,No,0,0,No,5,5
RFI-03181,PRJ-086,RFI-0022,Architectural Design Clarification - Area A11,Architectural,Medium,Design Clarification,2024-12-28,2025-01-07,2025-01-04,2025-01-04,,Answered,Subcontractor,Owner Representative,0,0,No,0,0,No,0,0,No,0,5
RFI-03182,PRJ-086,RFI-0023,Mechanical Missing Information - Area B2,Mechanical,High,Missing Information,2022-10-10,2022-10-16,2022-10-20,2022-10-22,,Answered,Subcontractor,Engineer,1,0,Yes,6300,8300,No,0,0,No,5,4
RFI-03183,PRJ-086,RFI-0024,Controls Field Condition - Area A5,Controls,Medium,Field Condition,2024-03-27,2024-04-05,2024-04-06,2024-04-06,2024-04-07,Closed,General Contractor,Engineer,0,0,No,0,0,No,0,0,No,5,5
RFI-03184,PRJ-086,RFI-0025,Electrical Field Condition - Area B11,Electrical,High,Field Condition,2024-09-02,2024-09-09,2024-09-08,2024-09-08,2024-09-09,Closed,Construction Manager,Engineer,0,0,Yes,143000,159000,No,0,0,Yes,1,4
RFI-03185,PRJ-086,RFI-0026,Civil Design Clarification - Area A5,Civil,High,Design Clarification,2024-10-06,2024-10-10,2024-10-12,2024-10-12,2024-10-15,Closed,General Contractor,Engineer,0,0,No,0,0,No,0,0,No,5,5
RFI-03186,PRJ-086,RFI-0027,Plumbing Substitution Request - Area C12,Plumbing,Medium,Substitution Request,2023-12-20,2023-12-29,2024-01-13,2024-01-15,2024-01-15,Closed,Subcontractor,Engineer,2,0,No,0,0,Yes,5,7,No,4,2
RFI-03187,PRJ-086,RFI-0028,Mechanical Code Compliance - Area B12,Mechanical,Low,Code Compliance,2022-07-01,2022-07-15,2022-07-10,2022-07-10,2022-07-13,Closed,Construction Manager,Engineer,0,0,No,0,0,No,0,0,No,2,5
RFI-03188,PRJ-086,RFI-0029,General Substitution Request - Area C12,General,High,Substitution Request,2022-08-07,2022-08-11,2022-08-23,2022-08-23,,Answered,Subcontractor,Construction Manager,0,1,No,0,0,Yes,20,21,Yes,0,4
RFI-03189,PRJ-086,RFI-0030,Specialty Systems Design Clarification - Area B12,Specialty Systems,Low,Design Clarification,2023-01-30,2023-02-12,2023-02-04,2023-02-04,2023-02-08,Closed,Subcontractor,Design Manager,0,0,Yes,18000,19000,No,0,0,No,1,5
RFI-03190,PRJ-086,RFI-0031,Mechanical Constructability - Area B1,Mechanical,High,Constructability,2024-08-17,2024-08-22,2024-08-24,2024-08-24,2024-08-27,Closed,Subcontractor,Engineer,0,0,No,0,0,No,0,0,No,3,5
RFI-03191,PRJ-086,RFI-0032,Architectural Design Clarification - Area A8,Architectural,Medium,Design Clarification,2023-10-29,2023-11-10,2023-11-01,2023-11-01,2023-11-02,Closed,Subcontractor,Architect,0,0,No,0,0,No,0,0,No,1,5
RFI-03192,PRJ-086,RFI-0033,Specialty Systems Coordination Conflict - Area A11,Specialty Systems,Medium,Coordination Conflict,2024-03-20,2024-03-31,2024-04-05,2024-04-07,2024-04-09,Closed,Subcontractor,Design Manager,1,0,No,0,0,No,0,0,No,0,4
RFI-03193,PRJ-086,RFI-0034,Structural Constructability - Area B8,Structural,High,Constructability,2022-03-31,2022-04-04,2022-04-06,2022-04-06,2022-04-07,Closed,General Contractor,Engineer,0,0,No,0,0,No,0,0,No,1,5
RFI-03194,PRJ-086,RFI-0035,Structural Design Clarification - Area A8,Structural,High,Design Clarification,2023-04-23,2023-04-29,2023-05-06,,,In Review,Subcontractor,Owner Representative,1,0,No,0,0,Yes,1,1,Yes,0,4
RFI-03195,PRJ-086,RFI-0036,Electrical Substitution Request - Area B4,Electrical,Medium,Substitution Request,2022-07-11,2022-07-22,2022-07-16,2022-07-16,2022-07-20,Closed,Subcontractor,Engineer,0,0,No,0,0,No,0,0,No,2,5
RFI-03196,PRJ-086,RFI-0037,Fire Protection Design Clarification - Area A2,Fire Protection,Medium,Design Clarification,2024-10-14,2024-10-25,,,,In Review,Subcontractor,Engineer,1,0,No,0,0,No,0,0,No,4,5
RFI-03197,PRJ-086,RFI-0038,Specialty Systems Design Clarification - Area B10,Specialty Systems,High,Design Clarification,2024-09-10,2024-09-15,2024-09-16,2024-09-16,2024-09-19,Closed,Subcontractor,Design Manager,0,0,No,0,0,No,0,0,No,2,4
RFI-03198,PRJ-086,RFI-0039,Architectural Coordination Conflict - Area E11,Architectural,High,Coordination Conflict,2022-12-20,2022-12-27,2022-12-30,2022-12-30,2022-12-30,Closed,Subcontractor,Architect,0,0,Yes,17000,24000,Yes,5,5,Yes,2,5
RFI-03199,PRJ-086,RFI-0040,Electrical Design Clarification - Area A10,Electrical,Medium,Design Clarification,2022-06-17,2022-06-27,2022-06-22,2022-06-22,,Answered,Construction Manager,Engineer,0,0,No,0,0,No,0,0,No,2,4
RFI-03200,PRJ-086,RFI-0041,Structural Field Condition - Area C8,Structural,High,Field Condition,2022-06-16,2022-06-20,2022-06-25,2022-06-25,2022-06-29,Closed,Subcontractor,Engineer,0,0,Yes,23000,30000,No,0,0,Yes,3,5
RFI-03201,PRJ-086,RFI-0042,Plumbing Missing Information - Area E1,Plumbing,High,Missing Information,2024-03-17,2024-03-21,2024-03-20,2024-03-20,2024-03-20,Closed,Construction Manager,Engineer,0,0,No,0,0,No,0,0,No,0,5
RFI-03202,PRJ-086,RFI-0043,Architectural Field Condition - Area B5,Architectural,High,Field Condition,2024-12-23,2024-12-28,2025-01-01,2025-01-05,2025-01-07,Closed,General Contractor,Architect,1,0,No,0,0,No,0,0,No,4,2
RFI-03203,PRJ-087,RFI-0001,Architectural Coordination Conflict - Area C6,Architectural,Medium,Coordination Conflict,2023-11-16,2023-11-25,2023-11-20,2023-11-23,,Answered,Subcontractor,Owner Representative,1,0,Yes,47000,57000,No,0,0,Yes,3,5
RFI-03204,PRJ-087,RFI-0002,Mechanical Coordination Conflict - Area D5,Mechanical,Medium,Coordination Conflict,2024-01-21,2024-01-30,2024-01-28,2024-01-28,2024-02-01,Closed,Subcontractor,Engineer,0,0,No,0,0,No,0,0,No,2,5
RFI-03205,PRJ-087,RFI-0003,Fire Protection Substitution Request - Area A5,Fire Protection,Medium,Substitution Request,2025-03-06,2025-03-18,2025-03-15,2025-03-15,2025-03-16,Closed,Subcontractor,Owner Representative,0,0,No,0,0,No,0,0,No,0,5
RFI-03206,PRJ-087,RFI-0004,Architectural Field Condition - Area D2,Architectural,Medium,Field Condition,2025-04-07,2025-04-17,2025-04-25,2025-04-27,2025-05-01,Closed,General Contractor,Owner Representative,1,0,No,0,0,No,0,0,No,2,3
RFI-03207,PRJ-087,RFI-0005,Mechanical Coordination Conflict - Area A5,Mechanical,Medium,Coordination Conflict,2025-06-20,2025-06-29,2025-06-28,2025-07-02,2025-07-02,Closed,Construction Manager,Engineer,1,0,Yes,22000,24000,No,0,0,Yes,5,4
RFI-03208,PRJ-087,RFI-0006,Architectural Constructability - Area C4,Architectural,Low,Constructability,2025-08-08,2025-08-24,2025-08-15,2025-08-15,2025-08-16,Closed,General Contractor,Architect,0,0,No,0,0,No,0,0,No,4,5
RFI-03209,PRJ-087,RFI-0007,Civil Constructability - Area D12,Civil,Low,Constructability,2024-07-20,2024-08-05,2024-08-16,2024-08-19,,Answered,Construction Manager,Engineer,1,0,No,0,0,No,0,0,No,3,4
RFI-03210,PRJ-087,RFI-0008,Architectural Coordination Conflict - Area A2,Architectural,Medium,Coordination Conflict,2024-08-24,2024-09-04,2024-09-02,2024-09-02,,Answered,Subcontractor,Architect,0,0,No,0,0,No,0,0,No,1,4
RFI-03211,PRJ-087,RFI-0009,Electrical Coordination Conflict - Area E6,Electrical,Medium,Coordination Conflict,2025-02-04,2025-02-16,2025-02-11,2025-02-11,2025-02-15,Closed,Subcontractor,Owner Representative,0,0,No,0,0,Yes,2,1,No,3,4
RFI-03212,PRJ-087,RFI-0010,Controls Missing Information - Area B11,Controls,High,Missing Information,2025-03-28,2025-04-03,2025-04-08,2025-04-08,2025-04-10,Closed,Subcontractor,Engineer,0,0,No,0,0,No,0,0,No,1,5
RFI-03213,PRJ-087,RFI-0011,Architectural Field Condition - Area C2,Architectural,Low,Field Condition,2024-02-08,2024-02-23,2024-02-27,2024-03-01,2024-03-02,Closed,Subcontractor,Owner Representative,1,0,Yes,5000,4200,No,0,0,Yes,0,4
RFI-03214,PRJ-087,RFI-0012,Civil Coordination Conflict - Area C12,Civil,Medium,Coordination Conflict,2025-03-20,2025-03-30,2025-03-28,2025-03-28,2025-03-28,Closed,General Contractor,Engineer,0,0,No,0,0,No,0,0,No,0,5
RFI-03215,PRJ-087,RFI-0013,General Missing Information - Area D8,General,Medium,Missing Information,2025-06-17,2025-06-28,2025-06-26,2025-06-26,2025-06-27,Closed,Construction Manager,Construction Manager,0,0,No,0,0,No,0,0,No,3,5
RFI-03216,PRJ-087,RFI-0014,Mechanical Coordination Conflict - Area D7,Mechanical,Low,Coordination Conflict,2025-05-17,2025-05-30,2025-06-03,2025-06-03,2025-06-06,Closed,Subcontractor,Engineer,0,0,No,0,0,No,0,0,No,1,4
RFI-03217,PRJ-087,RFI-0015,Mechanical Missing Information - Area C8,Mechanical,High,Missing Information,2024-07-06,2024-07-13,2024-07-27,2024-07-27,,Answered,General Contractor,Engineer,0,0,No,0,0,Yes,1,1,Yes,0,4
RFI-03218,PRJ-087,RFI-0016,Mechanical Field Condition - Area D4,Mechanical,Medium,Field Condition,2024-02-02,2024-02-14,2024-02-07,2024-02-07,2024-02-07,Closed,Subcontractor,Engineer,0,0,No,0,0,Yes,3,4,Yes,2,5
RFI-03219,PRJ-087,RFI-0017,Plumbing Design Clarification - Area E3,Plumbing,Medium,Design Clarification,2024-10-03,2024-10-15,2024-10-16,2024-10-16,,Answered,Subcontractor,Owner Representative,0,0,No,0,0,No,0,0,No,0,5
RFI-03220,PRJ-087,RFI-0018,Plumbing Design Clarification - Area E5,Plumbing,Critical,Design Clarification,2025-01-18,2025-01-21,2025-02-10,2025-02-14,,Answered,Construction Manager,Engineer,1,1,Yes,278000,346000,No,0,0,No,0,4
RFI-03221,PRJ-087,RFI-0019,Architectural Substitution Request - Area B2,Architectural,Medium,Substitution Request,2025-06-24,2025-07-04,2025-07-01,2025-07-01,2025-07-03,Closed,General Contractor,Owner Representative,0,0,No,0,0,Yes,1,1,No,6,5
RFI-03222,PRJ-087,RFI-0020,Electrical Missing Information - Area D6,Electrical,Low,Missing Information,2025-08-05,2025-08-18,2025-08-22,2025-08-22,2025-08-24,Closed,General Contractor,Engineer,0,0,Yes,33000,33000,No,0,0,No,4,5
RFI-03223,PRJ-088,RFI-0001,Structural Coordination Conflict - Area D10,Structural,Medium,Coordination Conflict,2024-04-19,2024-04-28,2024-04-30,2024-04-30,2024-05-02,Closed,General Contractor,Engineer,0,0,No,0,0,No,0,0,No,1,5
RFI-03224,PRJ-088,RFI-0002,Fire Protection Design Clarification - Area D2,Fire Protection,High,Design Clarification,2024-09-04,2024-09-08,2024-09-10,2024-09-10,2024-09-11,Closed,General Contractor,Owner Representative,0,0,No,0,0,No,0,0,No,2,5
RFI-03225,PRJ-088,RFI-0003,Structural Missing Information - Area A6,Structural,Medium,Missing Information,2024-09-23,2024-10-03,2024-10-06,2024-10-08,2024-10-09,Closed,Construction Manager,Engineer,1,0,No,0,0,No,0,0,No,6,3
RFI-03226,PRJ-088,RFI-0004,Structural Design Clarification - Area E11,Structural,Medium,Design Clarification,2025-03-27,2025-04-07,2025-04-05,2025-04-05,2025-04-09,Closed,Subcontractor,Engineer,0,0,No,0,0,No,0,0,No,2,4
RFI-03227,PRJ-088,RFI-0005,Fire Protection Coordination Conflict - Area B1,Fire Protection,Medium,Coordination Conflict,2025-05-20,2025-05-31,2025-06-04,2025-06-05,,Answered,General Contractor,Engineer,1,0,No,0,0,No,0,0,No,2,4
RFI-03228,PRJ-088,RFI-0006,Structural Design Clarification - Area B11,Structural,Medium,Design Clarification,2024-07-22,2024-08-01,2024-07-29,2024-07-29,,Answered,General Contractor,Engineer,0,0,No,0,0,Yes,1,1,Yes,2,5
RFI-03229,PRJ-088,RFI-0007,Civil Design Clarification - Area B2,Civil,High,Design Clarification,2025-05-05,2025-05-09,2025-05-08,2025-05-08,2025-05-10,Closed,General Contractor,Engineer,0,0,No,0,0,No,0,0,No,3,4
RFI-03230,PRJ-088,RFI-0008,Architectural Field Condition - Area E12,Architectural,High,Field Condition,2024-03-26,2024-03-31,2024-04-02,2024-04-02,,Answered,General Contractor,Architect,0,0,No,0,0,No,0,0,No,1,5
RFI-03231,PRJ-088,RFI-0009,Architectural Substitution Request - Area E12,Architectural,Medium,Substitution Request,2025-01-29,2025-02-08,2025-02-12,2025-02-16,2025-02-16,Closed,General Contractor,Architect,1,0,Yes,12000,8700,No,0,0,Yes,1,5
RFI-03232,PRJ-088,RFI-0010,Structural Coordination Conflict - Area B5,Structural,High,Coordination Conflict,2025-03-03,2025-03-10,2025-03-17,2025-03-21,2025-03-22,Closed,Subcontractor,Engineer,1,0,No,0,0,Yes,1,1,Yes,0,4
RFI-03233,PRJ-088,RFI-0011,Structural Coordination Conflict - Area B1,Structural,Medium,Coordination Conflict,2024-03-21,2024-03-31,2024-03-28,2024-03-28,2024-03-30,Closed,Construction Manager,Engineer,0,0,No,0,0,No,0,0,No,1,5
RFI-03234,PRJ-088,RFI-0012,General Coordination Conflict - Area A11,General,Medium,Coordination Conflict,2024-06-25,2024-07-06,2024-06-30,2024-07-03,2024-07-04,Closed,General Contractor,Owner Representative,1,0,No,0,0,No,0,0,No,5,5
RFI-03235,PRJ-088,RFI-0013,Electrical Design Clarification - Area E1,Electrical,High,Design Clarification,2024-08-24,2024-08-29,2024-09-04,2024-09-08,2024-09-09,Closed,Construction Manager,Engineer,1,0,Yes,19000,28000,No,0,0,No,5,3
RFI-03236,PRJ-088,RFI-0014,General Coordination Conflict - Area C4,General,Low,Coordination Conflict,2024-08-05,2024-08-19,2024-08-11,2024-08-11,,Answered,General Contractor,Construction Manager,0,0,No,0,0,No,0,0,No,2,4
RFI-03237,PRJ-088,RFI-0015,Controls Missing Information - Area A3,Controls,Critical,Missing Information,2024-04-02,2024-04-05,2024-04-13,2024-04-13,2024-04-13,Closed,Subcontractor,Engineer,0,0,Yes,17000,22000,Yes,16,16,Yes,1,5
RFI-03238,PRJ-088,RFI-0016,Architectural Coordination Conflict - Area B6,Architectural,Medium,Coordination Conflict,2024-09-27,2024-10-06,2024-10-02,2024-10-02,2024-10-03,Closed,Subcontractor,Owner Representative,0,0,No,0,0,No,0,0,No,4,5
RFI-03239,PRJ-088,RFI-0017,Structural Missing Information - Area B9,Structural,Medium,Missing Information,2024-09-16,2024-09-26,2024-09-24,2024-09-25,2024-09-25,Closed,Subcontractor,Engineer,1,0,No,0,0,No,0,0,No,5,5
RFI-03240,PRJ-088,RFI-0018,Plumbing Constructability - Area D5,Plumbing,Critical,Constructability,2023-12-23,2023-12-27,2023-12-29,2023-12-29,2023-12-29,Closed,General Contractor,Engineer,0,0,No,0,0,No,0,0,No,6,5
RFI-03241,PRJ-088,RFI-0019,Electrical Coordination Conflict - Area A8,Electrical,High,Coordination Conflict,2024-04-18,2024-04-22,2024-04-24,2024-04-24,2024-04-28,Closed,Subcontractor,Owner Representative,0,0,No,0,0,No,0,0,No,5,5
RFI-03242,PRJ-088,RFI-0020,Fire Protection Code Compliance - Area E2,Fire Protection,Low,Code Compliance,2024-08-31,2024-09-14,2024-09-09,2024-09-09,2024-09-10,Closed,General Contractor,Engineer,0,0,No,0,0,No,0,0,No,1,5
RFI-03243,PRJ-088,RFI-0021,Electrical Coordination Conflict - Area E10,Electrical,Medium,Coordination Conflict,2024-05-09,2024-05-19,2024-05-15,2024-05-15,2024-05-17,Closed,Subcontractor,Engineer,0,0,No,0,0,No,0,0,No,3,5
RFI-03244,PRJ-088,RFI-0022,Specialty Systems Constructability - Area C7,Specialty Systems,High,Constructability,2024-07-16,2024-07-21,2024-07-27,2024-07-27,2024-07-28,Closed,General Contractor,Design Manager,0,0,No,0,0,No,0,0,No,2,5
RFI-03245,PRJ-088,RFI-0023,Civil Design Clarification - Area A6,Civil,Medium,Design Clarification,2025-06-05,2025-06-15,2025-06-10,2025-06-10,,Answered,Subcontractor,Engineer,0,0,No,0,0,No,0,0,No,2,4
RFI-03246,PRJ-088,RFI-0024,General Code Compliance - Area D11,General,Medium,Code Compliance,2024-12-26,2025-01-05,2024-12-30,2024-12-30,2025-01-02,Closed,Construction Manager,Construction Manager,0,0,No,0,0,No,0,0,No,1,5
RFI-03247,PRJ-088,RFI-0025,Electrical Design Clarification - Area E1,Electrical,Medium,Design Clarification,2024-02-27,2024-03-07,2024-03-05,2024-03-05,,Answered,Construction Manager,Engineer,0,0,No,0,0,No,0,0,No,4,5
RFI-03248,PRJ-088,RFI-0026,Architectural Field Condition - Area B11,Architectural,Medium,Field Condition,2023-12-29,2024-01-10,2024-01-09,2024-01-09,2024-01-13,Closed,Construction Manager,Architect,0,0,No,0,0,No,0,0,No,2,5
RFI-03249,PRJ-088,RFI-0027,Civil Coordination Conflict - Area B1,Civil,Medium,Coordination Conflict,2025-02-26,2025-03-07,2025-03-07,2025-03-07,,Answered,Subcontractor,Engineer,0,0,Yes,9600,13000,Yes,6,3,Yes,0,5
RFI-03250,PRJ-088,RFI-0028,General Coordination Conflict - Area C8,General,Medium,Coordination Conflict,2023-11-23,2023-12-05,2023-11-30,2023-11-30,2023-11-30,Closed,Subcontractor,Construction Manager,0,0,Yes,2900,2700,Yes,3,2,Yes,1,5
RFI-03251,PRJ-088,RFI-0029,Mechanical Design Clarification - Area C9,Mechanical,Medium,Design Clarification,2024-08-16,2024-08-25,2024-08-22,2024-08-22,2024-08-22,Closed,Subcontractor,Engineer,0,0,No,0,0,No,0,0,No,4,5
RFI-03252,PRJ-088,RFI-0030,Mechanical Field Condition - Area D6,Mechanical,Critical,Field Condition,2024-05-03,2024-05-05,2024-05-14,2024-05-14,2024-05-18,Closed,General Contractor,Engineer,0,0,No,0,0,No,0,0,No,0,4
RFI-03253,PRJ-088,RFI-0031,Architectural Design Clarification - Area E6,Architectural,Medium,Design Clarification,2023-12-15,2023-12-26,2024-01-01,2024-01-04,2024-01-07,Closed,Subcontractor,Owner Representative,1,0,No,0,0,No,0,0,No,1,4
RFI-03254,PRJ-088,RFI-0032,Architectural Missing Information - Area C6,Architectural,Medium,Missing Information,2025-05-20,2025-06-01,2025-05-24,2025-05-24,2025-05-26,Closed,General Contractor,Architect,0,0,No,0,0,No,0,0,No,6,5
RFI-03255,PRJ-088,RFI-0033,Civil Design Clarification - Area D10,Civil,Medium,Design Clarification,2024-02-18,2024-02-28,2024-02-28,2024-02-28,2024-03-03,Closed,General Contractor,Engineer,0,0,No,0,0,No,0,0,No,4,5
RFI-03256,PRJ-088,RFI-0034,Structural Coordination Conflict - Area B4,Structural,Medium,Coordination Conflict,2024-03-02,2024-03-11,2024-03-06,2024-03-06,2024-03-06,Closed,General Contractor,Owner Representative,0,0,No,0,0,No,0,0,No,6,5
RFI-03257,PRJ-088,RFI-0035,Plumbing Design Clarification - Area B5,Plumbing,High,Design Clarification,2025-03-31,2025-04-07,2025-04-12,2025-04-12,2025-04-13,Closed,General Contractor,Engineer,0,0,No,0,0,No,0,0,No,5,5
RFI-03258,PRJ-089,RFI-0001,Controls Field Condition - Area B1,Controls,Medium,Field Condition,2024-12-21,2025-01-01,2025-01-03,2025-01-03,2025-01-06,Closed,Construction Manager,Owner Representative,0,0,No,0,0,No,0,0,No,5,5
RFI-03259,PRJ-089,RFI-0002,Specialty Systems Constructability - Area E4,Specialty Systems,Medium,Constructability,2025-03-05,2025-03-14,2025-03-13,2025-03-13,2025-03-16,Closed,Construction Manager,Owner Representative,0,0,No,0,0,No,0,0,No,3,4
RFI-03260,PRJ-089,RFI-0003,Structural Coordination Conflict - Area A5,Structural,Medium,Coordination Conflict,2024-12-31,2025-01-12,2025-01-08,2025-01-08,,Answered,Subcontractor,Owner Representative,0,0,No,0,0,No,0,0,No,4,5
RFI-03261,PRJ-089,RFI-0004,Specialty Systems Missing Information - Area B4,Specialty Systems,Medium,Missing Information,2024-12-01,2024-12-12,2024-12-10,2024-12-10,2024-12-11,Closed,Construction Manager,Design Manager,0,0,No,0,0,No,0,0,No,5,5
RFI-03262,PRJ-089,RFI-0005,Architectural Design Clarification - Area B1,Architectural,Medium,Design Clarification,2025-02-06,2025-02-18,2025-02-13,2025-02-13,2025-02-16,Closed,Subcontractor,Architect,0,0,No,0,0,No,0,0,No,1,5
RFI-03263,PRJ-089,RFI-0006,Architectural Coordination Conflict - Area D8,Architectural,Medium,Coordination Conflict,2025-01-22,2025-02-02,2025-01-26,2025-01-26,,Answered,General Contractor,Architect,0,0,No,0,0,No,0,0,No,5,5
RFI-03264,PRJ-089,RFI-0007,Specialty Systems Design Clarification - Area A1,Specialty Systems,Medium,Design Clarification,2024-11-16,2024-11-28,2024-11-20,2024-11-20,2024-11-21,Closed,Subcontractor,Design Manager,0,0,No,0,0,No,0,0,No,6,5
RFI-03265,PRJ-089,RFI-0008,Controls Missing Information - Area E6,Controls,Medium,Missing Information,2024-06-21,2024-07-02,2024-07-01,2024-07-05,2024-07-06,Closed,General Contractor,Engineer,1,0,No,0,0,No,0,0,No,3,4
RFI-03266,PRJ-089,RFI-0009,Plumbing Field Condition - Area C11,Plumbing,Medium,Field Condition,2025-05-03,2025-05-15,2025-05-21,2025-05-21,2025-05-22,Closed,Construction Manager,Engineer,0,1,No,0,0,No,0,0,No,5,5
RFI-03267,PRJ-089,RFI-0010,Mechanical Design Clarification - Area E7,Mechanical,Medium,Design Clarification,2025-04-17,2025-04-29,2025-04-20,2025-04-20,2025-04-20,Closed,Subcontractor,Engineer,0,0,No,0,0,No,0,0,No,5,5
RFI-03268,PRJ-089,RFI-0011,Plumbing Code Compliance - Area E5,Plumbing,Medium,Code Compliance,2024-11-23,2024-12-05,2024-11-29,2024-11-29,,Answered,General Contractor,Engineer,0,0,Yes,165000,161000,No,0,0,No,1,5
RFI-03269,PRJ-089,RFI-0012,General Constructability - Area D12,General,Low,Constructability,2024-08-22,2024-09-07,2024-08-27,2024-08-31,2024-09-02,Closed,General Contractor,Owner Representative,1,0,No,0,0,No,0,0,No,5,5
RFI-03270,PRJ-089,RFI-0013,Mechanical Design Clarification - Area C3,Mechanical,Medium,Design Clarification,2024-05-07,2024-05-18,2024-05-11,2024-05-11,,Answered,General Contractor,Engineer,0,0,No,0,0,No,0,0,No,4,5
RFI-03271,PRJ-089,RFI-0014,Mechanical Design Clarification - Area C4,Mechanical,Medium,Design Clarification,2025-04-17,2025-04-29,2025-04-20,2025-04-20,2025-04-20,Closed,Subcontractor,Engineer,0,0,No,0,0,No,0,0,No,1,5
RFI-03272,PRJ-089,RFI-0015,Architectural Design Clarification - Area D4,Architectural,High,Design Clarification,2024-09-30,2024-10-04,,,,Awaiting Owner,Subcontractor,Architect,0,0,No,0,0,No,0,0,No,1,5
RFI-03273,PRJ-089,RFI-0016,Architectural Design Clarification - Area A1,Architectural,Medium,Design Clarification,2024-09-12,2024-09-24,2024-09-23,2024-09-23,2024-09-24,Closed,General Contractor,Architect,0,0,No,0,0,No,0,0,No,0,4
RFI-03274,PRJ-089,RFI-0017,Structural Coordination Conflict - Area D6,Structural,Medium,Coordination Conflict,2024-06-17,2024-06-28,2024-06-27,2024-06-28,2024-07-01,Closed,General Contractor,Engineer,1,0,No,0,0,No,0,0,No,5,4
RFI-03275,PRJ-089,RFI-0018,Mechanical Missing Information - Area E3,Mechanical,Medium,Missing Information,2025-01-21,2025-01-30,2025-02-11,2025-02-11,,Answered,Subcontractor,Engineer,0,0,No,0,0,No,0,0,No,4,5
RFI-03276,PRJ-089,RFI-0019,Fire Protection Constructability - Area C5,Fire Protection,Medium,Constructability,2025-02-20,2025-03-03,2025-02-25,2025-02-25,,Answered,Subcontractor,Engineer,0,0,Yes,23000,24000,No,0,0,No,5,4
RFI-03277,PRJ-089,RFI-0020,Structural Design Clarification - Area E8,Structural,High,Design Clarification,2024-07-16,2024-07-22,2024-07-20,2024-07-20,,Answered,Subcontractor,Owner Representative,0,0,Yes,43000,54000,No,0,0,No,3,5
RFI-03278,PRJ-089,RFI-0021,Plumbing Substitution Request - Area A1,Plumbing,Medium,Substitution Request,2024-12-17,2024-12-28,2024-12-23,2024-12-23,2024-12-24,Closed,Subcontractor,Engineer,0,0,No,0,0,No,0,0,No,4,5
RFI-03279,PRJ-089,RFI-0022,Architectural Design Clarification - Area A5,Architectural,Medium,Design Clarification,2024-12-08,2024-12-17,2024-12-11,2024-12-11,2024-12-13,Closed,General Contractor,Architect,0,0,No,0,0,No,0,0,No,4,5
RFI-03280,PRJ-090,RFI-0001,Architectural Coordination Conflict - Area D2,Architectural,Medium,Coordination Conflict,2025-01-13,2025-01-24,2025-01-20,2025-01-20,,Answered,Construction Manager,Architect,0,0,No,0,0,No,0,0,No,1,5
RFI-03281,PRJ-090,RFI-0002,Controls Coordination Conflict - Area E12,Controls,Medium,Coordination Conflict,2024-11-22,2024-12-02,,,,Awaiting Owner,Subcontractor,Owner Representative,1,1,No,0,0,Yes,10,11,Yes,3,2
RFI-03282,PRJ-090,RFI-0003,Architectural Field Condition - Area C7,Architectural,High,Field Condition,2024-09-21,2024-09-25,2024-09-26,2024-09-26,2024-09-30,Closed,General Contractor,Architect,0,0,No,0,0,Yes,7,4,No,4,5
RFI-03283,PRJ-090,RFI-0004,Fire Protection Design Clarification - Area D6,Fire Protection,Low,Design Clarification,2024-10-11,2024-10-27,2024-10-21,2024-10-21,,Answered,Subcontractor,Engineer,0,0,No,0,0,No,0,0,No,1,5
RFI-03284,PRJ-090,RFI-0005,Civil Missing Information - Area D12,Civil,Medium,Missing Information,2024-11-08,2024-11-18,2024-11-14,2024-11-14,2024-11-18,Closed,Construction Manager,Engineer,0,0,No,0,0,No,0,0,No,1,5
RFI-03285,PRJ-090,RFI-0006,Electrical Coordination Conflict - Area A2,Electrical,Medium,Coordination Conflict,2025-01-28,2025-02-07,2025-02-15,2025-02-19,2025-02-23,Closed,Subcontractor,Engineer,1,0,No,0,0,Yes,4,5,Yes,0,4
RFI-03286,PRJ-090,RFI-0007,Plumbing Coordination Conflict - Area E9,Plumbing,High,Coordination Conflict,2025-05-20,2025-05-27,2025-05-25,2025-05-25,,Answered,General Contractor,Engineer,0,0,Yes,36000,32000,No,0,0,Yes,1,5
RFI-03287,PRJ-090,RFI-0008,Mechanical Substitution Request - Area E3,Mechanical,Medium,Substitution Request,2024-11-15,2024-11-27,,,,In Review,Subcontractor,Engineer,0,0,No,0,0,No,0,0,No,2,5
RFI-03288,PRJ-090,RFI-0009,Mechanical Coordination Conflict - Area E10,Mechanical,High,Coordination Conflict,2024-06-26,2024-07-03,2024-07-04,2024-07-04,2024-07-04,Closed,General Contractor,Engineer,0,0,No,0,0,No,0,0,No,0,5
RFI-03289,PRJ-090,RFI-0010,Mechanical Design Clarification - Area D7,Mechanical,Medium,Design Clarification,2025-07-13,2025-07-22,2025-08-03,2025-08-06,2025-08-07,Closed,Subcontractor,Engineer,1,0,Yes,50000,59000,No,0,0,No,2,4
RFI-03290,PRJ-090,RFI-0011,Specialty Systems Coordination Conflict - Area D12,Specialty Systems,Low,Coordination Conflict,2025-01-05,2025-01-21,2025-01-24,2025-01-26,2025-01-28,Closed,Subcontractor,Design Manager,1,0,No,0,0,No,0,0,No,6,5
RFI-03291,PRJ-090,RFI-0012,Architectural Constructability - Area B10,Architectural,High,Constructability,2024-06-07,2024-06-14,2024-06-12,2024-06-12,,Answered,General Contractor,Architect,0,0,No,0,0,No,0,0,No,2,5
RFI-03292,PRJ-090,RFI-0013,Structural Design Clarification - Area A11,Structural,Medium,Design Clarification,2025-12-01,2025-12-13,2025-12-14,2025-12-14,2025-12-14,Closed,Construction Manager,Engineer,0,0,No,0,0,No,0,0,No,1,5
RFI-03293,PRJ-090,RFI-0014,Architectural Code Compliance - Area B8,Architectural,Medium,Code Compliance,2025-09-25,2025-10-07,2025-09-30,2025-09-30,2025-10-01,Closed,General Contractor,Architect,0,0,No,0,0,No,0,0,No,3,5
RFI-03294,PRJ-090,RFI-0015,Structural Field Condition - Area E12,Structural,Medium,Field Condition,2025-10-15,2025-10-26,2025-10-25,2025-10-25,2025-10-26,Closed,General Contractor,Engineer,0,0,No,0,0,No,0,0,No,6,5
RFI-03295,PRJ-090,RFI-0016,General Coordination Conflict - Area A8,General,Medium,Coordination Conflict,2024-12-25,2025-01-03,2025-01-10,2025-01-10,2025-01-14,Closed,Subcontractor,Construction Manager,0,0,Yes,275000,256000,No,0,0,No,0,5
RFI-03296,PRJ-090,RFI-0017,Plumbing Missing Information - Area B8,Plumbing,Critical,Missing Information,2024-04-13,2024-04-18,2024-04-24,2024-04-24,2024-04-25,Closed,General Contractor,Engineer,0,0,No,0,0,No,0,0,No,5,4
RFI-03297,PRJ-090,RFI-0018,Mechanical Constructability - Area B1,Mechanical,High,Constructability,2024-07-31,2024-08-06,2024-08-06,2024-08-06,2024-08-10,Closed,Construction Manager,Owner Representative,0,0,No,0,0,No,0,0,No,6,5
RFI-03298,PRJ-090,RFI-0019,Civil Coordination Conflict - Area B5,Civil,High,Coordination Conflict,2024-04-20,2024-04-24,2024-05-01,2024-05-01,,Answered,General Contractor,Engineer,0,0,No,0,0,Yes,5,5,Yes,4,5
RFI-03299,PRJ-090,RFI-0020,General Coordination Conflict - Area D1,General,High,Coordination Conflict,2024-08-08,2024-08-15,2024-08-15,2024-08-17,2024-08-21,Closed,Subcontractor,Construction Manager,1,0,No,0,0,No,0,0,No,5,4
RFI-03300,PRJ-090,RFI-0021,Electrical Field Condition - Area C7,Electrical,Medium,Field Condition,2025-03-31,2025-04-10,2025-04-06,2025-04-06,2025-04-07,Closed,Subcontractor,Engineer,0,0,No,0,0,No,0,0,No,6,5
RFI-03301,PRJ-090,RFI-0022,Mechanical Coordination Conflict - Area E1,Mechanical,Medium,Coordination Conflict,2025-01-20,2025-02-01,2025-02-13,2025-02-16,2025-02-20,Closed,Construction Manager,Engineer,1,1,No,0,0,No,0,0,No,5,3
RFI-03302,PRJ-090,RFI-0023,Architectural Design Clarification - Area A6,Architectural,Medium,Design Clarification,2025-01-01,2025-01-12,2025-01-07,2025-01-07,2025-01-10,Closed,Construction Manager,Architect,0,0,No,0,0,No,0,0,No,2,5
RFI-03303,PRJ-090,RFI-0024,Mechanical Missing Information - Area C2,Mechanical,Medium,Missing Information,2024-06-08,2024-06-18,2024-06-15,2024-06-15,,Answered,General Contractor,Engineer,0,0,No,0,0,No,0,0,No,0,5
RFI-03304,PRJ-090,RFI-0025,Specialty Systems Design Clarification - Area A9,Specialty Systems,Medium,Design Clarification,2024-07-20,2024-07-30,2024-07-29,,,In Review,Subcontractor,Design Manager,0,0,No,0,0,No,0,0,No,5,5
RFI-03305,PRJ-090,RFI-0026,Electrical Missing Information - Area B1,Electrical,Medium,Missing Information,2024-09-07,2024-09-16,2024-09-25,2024-09-26,2024-09-26,Closed,General Contractor,Engineer,1,0,No,0,0,No,0,0,No,6,4
RFI-03306,PRJ-090,RFI-0027,Plumbing Missing Information - Area C9,Plumbing,Medium,Missing Information,2024-03-25,2024-04-04,2024-04-01,2024-04-01,,Answered,Subcontractor,Owner Representative,0,0,No,0,0,No,0,0,No,0,4
RFI-03307,PRJ-090,RFI-0028,Architectural Coordination Conflict - Area C8,Architectural,Low,Coordination Conflict,2025-12-17,2026-01-02,,,,Awaiting Designer,Subcontractor,Architect,1,0,No,0,0,No,0,0,No,2,5
RFI-03308,PRJ-090,RFI-0029,Structural Coordination Conflict - Area A8,Structural,Low,Coordination Conflict,2024-12-28,2025-01-12,2025-01-28,2025-01-28,2025-01-29,Closed,General Contractor,Engineer,0,0,Yes,5500,7000,No,0,0,No,1,2
RFI-03309,PRJ-090,RFI-0030,Specialty Systems Coordination Conflict - Area E1,Specialty Systems,Low,Coordination Conflict,2025-11-17,2025-11-30,2025-12-03,2025-12-06,2025-12-09,Closed,General Contractor,Design Manager,1,0,No,0,0,No,0,0,No,0,5
RFI-03310,PRJ-090,RFI-0031,Specialty Systems Design Clarification - Area C5,Specialty Systems,Medium,Design Clarification,2024-10-14,2024-10-24,,,,Awaiting Owner,General Contractor,Design Manager,0,0,No,0,0,No,0,0,No,5,5
RFI-03311,PRJ-090,RFI-0032,Electrical Substitution Request - Area B9,Electrical,Medium,Substitution Request,2025-02-09,2025-02-20,2025-02-19,2025-02-19,,Answered,Construction Manager,Engineer,0,0,Yes,37000,42000,Yes,9,8,No,5,4
RFI-03312,PRJ-090,RFI-0033,General Coordination Conflict - Area C5,General,Medium,Coordination Conflict,2025-02-25,2025-03-09,2025-02-27,2025-02-27,2025-03-01,Closed,Subcontractor,Construction Manager,0,0,No,0,0,No,0,0,No,4,5
RFI-03313,PRJ-090,RFI-0034,Mechanical Code Compliance - Area D9,Mechanical,Medium,Code Compliance,2025-10-14,2025-10-26,2025-10-29,2025-10-30,2025-10-30,Closed,General Contractor,Owner Representative,1,0,Yes,15000,17000,Yes,2,1,No,6,4
RFI-03314,PRJ-090,RFI-0035,Architectural Field Condition - Area D12,Architectural,Medium,Field Condition,2025-10-28,2025-11-07,2025-11-06,2025-11-06,,Answered,Subcontractor,Owner Representative,0,0,No,0,0,No,0,0,No,1,5
RFI-03315,PRJ-090,RFI-0036,Architectural Code Compliance - Area B4,Architectural,Low,Code Compliance,2024-04-16,2024-05-02,,,,Awaiting Owner,General Contractor,Architect,0,1,Yes,2100,2400,No,0,0,No,3,5
RFI-03316,PRJ-090,RFI-0037,Architectural Design Clarification - Area E9,Architectural,Low,Design Clarification,2025-12-04,2025-12-19,,,,In Review,Construction Manager,Architect,0,0,No,0,0,No,0,0,No,2,5
RFI-03317,PRJ-090,RFI-0038,General Missing Information - Area A7,General,Low,Missing Information,2025-10-19,2025-11-04,2025-10-29,2025-10-29,2025-10-29,Closed,Construction Manager,Construction Manager,0,0,No,0,0,No,0,0,No,1,5
RFI-03318,PRJ-090,RFI-0039,Mechanical Field Condition - Area C7,Mechanical,Low,Field Condition,2024-11-15,2024-11-28,2024-11-24,2024-11-26,,Answered,Subcontractor,Engineer,1,0,No,0,0,No,0,0,No,4,5
RFI-03319,PRJ-090,RFI-0040,Electrical Constructability - Area A3,Electrical,Medium,Constructability,2025-10-30,2025-11-09,2025-11-08,2025-11-09,2025-11-10,Closed,Subcontractor,Engineer,1,0,No,0,0,No,0,0,No,4,5
RFI-03320,PRJ-090,RFI-0041,Architectural Substitution Request - Area A12,Architectural,Medium,Substitution Request,2024-09-06,2024-09-15,2024-09-19,2024-09-19,2024-09-19,Closed,Subcontractor,Architect,0,0,No,0,0,No,0,0,No,6,5
