Change_Order_ID,Project_ID,Change_Number,Change_Title,Change_Category,Initiating_Party,Discipline,Change_Type,Originating_Source,Identified_Date,Submitted_Date,Required_Decision_Date,First_Decision_Date,Approved_Date,Closed_Date,Change_Status,Submitted_Value,Negotiated_Value,Approved_Value,Requested_Schedule_Days,Approved_Schedule_Days,Revision_Count,Pricing_Status,Authorization_Type,Forecast_Incorporated_Date,Cost_Code_Group
CO-00001,PRJ-001,CO-001,Substitution - Mechanical Area B6,Substitution,Construction Manager,Mechanical,Additive,Field Condition,2024-12-28,2024-12-31,2025-01-20,2025-01-05,2025-01-08,2025-01-18,Approved,1173000,978000,978000,0,0,0,Final,Owner Authorization,2025-01-16,Sitework
CO-00002,PRJ-001,CO-002,Value Engineering - Structural Area B10,Value Engineering,Architect,Structural,Additive,Field Condition,2024-11-25,2024-11-29,2024-12-19,2024-12-05,2024-12-17,2024-12-24,Approved,766000,704000,705000,0,0,0,Final,Field Directive,,Interiors
CO-00003,PRJ-001,CO-003,Code or Regulatory Requirement - Specialty Systems Area D6,Code or Regulatory Requirement,Subcontractor,Specialty Systems,Additive,Design Revision,2025-01-05,2025-01-08,2025-01-28,2025-01-18,2025-01-26,2025-02-03,Approved,1242000,952000,964000,0,0,0,Final,Executed Change Order,2025-01-30,MEP
CO-00004,PRJ-001,CO-004,Value Engineering - Mechanical Area B8,Value Engineering,Construction Manager,Mechanical,Additive,Field Condition,2024-10-25,2024-10-30,2024-11-19,2024-11-07,2024-11-13,2024-11-19,Approved,597000,620000,599000,0,0,0,Final,Owner Authorization,2024-11-17,MEP
CO-00005,PRJ-001,CO-005,Scope Clarification - Architectural Area B3,Scope Clarification,Architect,Architectural,Deductive,Design Revision,2024-05-10,2024-05-17,2024-06-06,2024-05-25,,2024-06-14,Rejected,-1423000,-1192000,0,11,0,0,Final,None,,Interiors
CO-00006,PRJ-001,CO-006,Design Error or Omission - Structural Area A6,Design Error or Omission,Construction Manager,Structural,Additive,Design Revision,2024-04-28,2024-05-12,2024-06-01,2024-05-16,2024-05-19,2024-05-22,Approved,838000,738000,736000,0,0,0,Final,Construction Change Directive,,General Conditions
CO-00007,PRJ-001,CO-007,Owner-Directed Change - General Area C9,Owner-Directed Change,Construction Manager,General,Additive,Owner Request,2025-01-01,2025-01-07,2025-01-27,2025-01-16,2025-01-23,2025-02-02,Approved,2692000,2376000,2410000,3,1,1,Final,Executed Change Order,2025-02-07,Equipment
CO-00008,PRJ-001,CO-008,Quantity Variation - Electrical Area C9,Quantity Variation,Architect,Electrical,Additive,RFI,2025-02-08,2025-02-17,2025-03-09,2025-02-27,2025-03-10,2025-03-14,Approved,366000,339000,327000,0,0,1,Final,Owner Authorization,,Envelope
CO-00009,PRJ-001,CO-009,Schedule Acceleration - Plumbing Area C2,Schedule Acceleration,Subcontractor,Plumbing,Additive,Schedule Recovery,2025-02-02,2025-02-04,2025-02-24,2025-02-09,2025-02-17,2025-02-21,Approved,413000,325000,329000,0,0,0,Final,Executed Change Order,2025-03-01,Envelope
CO-00010,PRJ-001,CO-010,Value Engineering - Controls Area B4,Value Engineering,General Contractor,Controls,Zero-Cost,Schedule Recovery,2024-09-25,2024-09-28,2024-10-18,2024-10-07,,,Pending,0,0,,0,0,0,Negotiating,None,,MEP
CO-00011,PRJ-001,CO-011,Schedule Acceleration - Fire Protection Area B4,Schedule Acceleration,Construction Manager,Fire Protection,Additive,Schedule Recovery,2024-10-12,2024-10-15,2024-11-04,2024-10-22,2024-10-07,2024-11-08,Approved,1562000,1403000,1395000,0,0,0,Final,Owner Authorization,,Specialties
CO-00012,PRJ-001,CO-012,Design Error or Omission - Mechanical Area B4,Design Error or Omission,Engineer,Mechanical,Time Only,Design Revision,2024-11-21,2024-11-24,2024-12-14,2024-12-01,2024-12-08,2024-12-11,Approved,0,0,0,9,8,0,Final,Executed Change Order,2024-12-11,Sitework
CO-00013,PRJ-001,CO-013,Quantity Variation - General Area D10,Quantity Variation,Engineer,General,Additive,RFI,2024-09-28,2024-10-03,2024-10-23,2024-10-05,2024-10-07,2024-10-13,Approved,497000,418000,418000,0,0,0,Final,Executed Change Order,2024-10-11,General Conditions
CO-00014,PRJ-001,CO-014,Unforeseen Condition - Architectural Area A9,Unforeseen Condition,General Contractor,Architectural,Additive,RFI,2024-12-03,2024-12-11,2024-12-31,2024-12-17,2024-12-29,2025-01-08,Approved,2193000,2053000,2048000,33,34,1,Final,Field Directive,2024-12-31,General Conditions
CO-00015,PRJ-001,CO-015,Value Engineering - Structural Area D4,VE,Subcontractor,Structural,Deductive,RFI,2024-07-15,2024-07-17,2024-08-06,2024-07-19,2024-07-21,2024-07-23,Approved,-165000,-127000,-123000,0,0,0,Final,Executed Change Order,2024-07-22,General Conditions
CO-00016,PRJ-001,CO-016,Owner-Directed Change - Architectural Area B4,Owner-Directed Change,Owner,Architectural,Additive,Owner Request,2024-12-15,2024-12-21,2025-01-10,2024-12-25,2024-12-29,2025-01-04,Approved,298000,253000,248000,34,23,0,Final,Executed Change Order,2025-01-03,Interiors
CO-00017,PRJ-002,CO-001,Code or Regulatory Requirement - Specialty Systems Area C7,Code or Regulatory Requirement,Construction Manager,Specialty Systems,Additive,Design Revision,2024-06-04,2024-06-09,2024-06-29,2024-06-28,2024-07-24,2024-08-01,Approved,1028000,860000,864000,5,3,1,Final,Construction Change Directive,2024-07-31,Metals
CO-00018,PRJ-002,CO-002,Quantity Variation - General Area B5,Quantity Variation,Architect,General,Additive,RFI,2023-04-04,2023-04-07,2023-04-27,2023-04-26,2023-05-12,2023-05-22,Approved,1066000,1061000,1079000,0,0,0,Final,Executed Change Order,2023-05-18,Specialties
CO-00019,PRJ-002,CO-003,Quantity Variation - Mechanical Area D3,Quantity Variation,Engineer,Mechanical,Additive,Owner Request,2023-04-25,2023-05-02,2023-05-22,2023-05-18,2023-05-25,2023-05-30,Approved,208000,205000,208000,0,0,1,Final,Construction Change Directive,2023-05-29,General Conditions
CO-00020,PRJ-002,CO-004,Design Error or Omission - Structural Area A2,Design Error or Omission,General Contractor,Structural,Additive,RFI,2023-07-30,2023-08-04,2023-08-24,2023-08-17,2023-09-02,2023-09-11,Approved,619000,616000,596000,5,3,1,Final,Owner Authorization,2023-09-05,General Conditions
CO-00021,PRJ-002,CO-005,Value Engineering - Plumbing Area D10,Value Engineering,General Contractor,Plumbing,Additive,Schedule Recovery,2022-09-14,2022-09-19,2022-10-09,2022-10-01,2022-10-12,2022-10-17,Approved,310000,284000,283000,0,0,1,Final,Owner Authorization,2022-10-15,Concrete
CO-00022,PRJ-002,CO-006,Value Engineering - Specialty Systems Area B7,Value Engineering,Construction Manager,Specialty Systems,Zero-Cost,Design Revision,2023-10-09,2023-10-11,2023-10-31,2023-10-23,2023-11-03,2023-11-05,Approved,0,0,0,3,2,2,Final,Construction Change Directive,,Interiors
CO-00023,PRJ-002,CO-007,Owner-Directed Change - Electrical Area D10,Owner-Directed Change,General Contractor,Electrical,Additive,Owner Request,2023-02-16,2023-02-26,2023-03-18,2023-03-14,,2023-03-23,Withdrawn,584000,,0,9,0,0,ROM,None,,Specialties
CO-00024,PRJ-002,CO-008,Code or Regulatory Requirement - Mechanical Area B2,Code or Regulatory Requirement,Engineer,Mechanical,Additive,RFI,2022-06-29,2022-07-11,2022-07-31,2022-07-24,2022-08-04,2022-08-06,Approved,1358000,1214000,1196000,0,0,0,Final,Executed Change Order,2022-08-14,Metals
CO-00025,PRJ-002,CO-009,Unforeseen Condition - Fire Protection Area D10,Unforeseen Condition,Subcontractor,Fire Protection,Additive,RFI,2023-11-02,2023-11-06,2023-11-26,2023-11-21,2023-12-05,2023-12-10,Approved,836000,864000,838000,0,0,2,Final,Construction Change Directive,,MEP
CO-00026,PRJ-002,CO-010,Quantity Variation - Architectural Area D1,Quantity Variation,Construction Manager,Architectural,Additive,RFI,2023-03-07,2023-03-12,2023-04-01,2023-03-18,2023-03-27,2023-03-30,Approved,935000,866000,875000,17,10,1,Final,Executed Change Order,2023-04-02,General Conditions
CO-00027,PRJ-002,CO-011,Substitution - Controls Area A9,Substitution,General Contractor,Controls,Additive,Design Revision,2022-08-04,2022-08-10,2022-08-30,2022-08-21,,,Pending,144000,,,0,0,0,Negotiating,None,,MEP
CO-00028,PRJ-002,CO-012,Design Error or Omission - Electrical Area B4,Design Error or Omission,Engineer,Electrical,Additive,RFI,2023-10-14,2023-10-18,2023-11-07,2023-10-29,,2023-11-23,Rejected,224000,130000,0,0,0,1,Final,None,,MEP
CO-00029,PRJ-002,CO-013,Code or Regulatory Requirement - Civil Area A6,Code or Regulatory Requirement,Engineer,Civil,Additive,Field Condition,2023-04-21,2023-04-27,2023-05-17,2023-05-09,,2023-05-25,Withdrawn,336000,,0,0,0,1,Pricing in Progress,None,,Interiors
CO-00030,PRJ-002,CO-014,Owner-Directed Change - Architectural Area D4,Owner-Directed Change,Owner,Architectural,Additive,Owner Request,2022-03-10,2022-03-21,2022-04-10,2022-04-06,2022-04-26,2022-04-30,Approved,237000,246000,241000,0,0,2,Final,Owner Authorization,,MEP
CO-00031,PRJ-002,CO-015,Unforeseen Condition - Structural Area C6,Unforeseen Condition,Owner,Structural,Zero-Cost,Field Condition,2023-10-31,2023-11-09,2023-11-29,2023-11-30,2023-12-18,2023-12-24,Approved,0,0,0,0,0,0,Final,Field Directive,2023-12-19,Envelope
CO-00032,PRJ-003,CO-001,Substitution - Plumbing Area D5,Substitution,Architect,Plumbing,Deductive,Field Condition,2023-10-19,2023-11-14,2023-12-04,2023-11-30,2023-12-19,2023-12-21,Approved,-160000,-161000,-161000,0,0,1,Final,Field Directive,2023-12-26,Equipment
CO-00033,PRJ-003,CO-002,Schedule Acceleration - Civil Area C2,Schedule Acceleration,Subcontractor,Civil,Additive,RFI,2022-06-28,2022-07-03,2022-07-23,2022-07-13,,2022-07-19,Withdrawn,116000,,0,0,0,1,ROM,None,,Envelope
CO-00034,PRJ-003,CO-003,Design Error or Omission - Electrical Area D2,Design Error or Omission,Architect,Electrical,Additive,Submittal Review,2023-07-19,2023-07-26,2023-08-15,2023-08-12,2023-08-20,2023-08-26,Approved,79000,75000,74000,0,0,0,Final,Owner Authorization,2023-08-24,General Conditions
CO-00035,PRJ-003,CO-004,Schedule Acceleration - Electrical Area C8,Schedule Acceleration,Construction Manager,Electrical,Additive,RFI,2023-08-01,2023-08-09,2023-08-29,2023-08-15,2023-08-25,2023-09-04,Approved,49000,49000,50000,0,0,0,Final,Executed Change Order,2023-08-30,Envelope
CO-00036,PRJ-003,CO-005,Substitution - Controls Area C8,Substitution,Owner,Controls,Additive,Design Revision,2023-05-31,2023-06-05,2023-06-25,2023-06-14,2023-06-26,2023-06-30,Approved,98000,81000,80000,0,0,0,Final,Owner Authorization,2023-06-28,Interiors
CO-00037,PRJ-003,CO-006,Quantity Variation - Electrical Area D3,Quantity Variation,Subcontractor,Electrical,Additive,Design Revision,2023-06-10,2023-06-14,2023-07-04,2023-06-28,2023-07-05,2023-07-12,Approved,35000,33000,32000,0,0,1,Final,Owner Authorization,2023-07-07,Concrete
CO-00038,PRJ-003,CO-007,Design Error or Omission - Civil Area C3,Design Error or Omission,Subcontractor,Civil,Additive,Submittal Review,2023-08-13,2023-08-20,2023-09-09,2023-08-25,2023-09-01,2023-09-02,Approved,26000,20000,20000,0,0,0,Final,Construction Change Directive,2023-09-07,MEP
CO-00039,PRJ-003,CO-008,Unforeseen Condition - Structural Area B5,Unforeseen Condition,Engineer,Structural,Additive,RFI,2023-06-23,2023-07-01,2023-07-21,2023-07-20,2023-07-30,2023-08-03,Approved,85000,83000,81000,11,6,0,Final,Executed Change Order,2023-08-08,Envelope
CO-00040,PRJ-003,CO-009,Code or Regulatory Requirement - Architectural Area A9,Code or Regulatory Requirement,Authority Having Jurisdiction,Architectural,Additive,RFI,2023-08-04,2023-08-15,2023-09-04,2023-09-02,2023-09-12,2023-09-14,Approved,296000,265000,269000,0,0,2,Final,Owner Authorization,2023-09-27,Interiors
CO-00041,PRJ-003,CO-010,Schedule Acceleration - Civil Area B7,Schedule Acceleration,General Contractor,Civil,Additive,RFI,2023-06-11,2023-06-15,2023-07-05,2023-06-21,2023-06-28,2023-07-02,Approved,133000,106000,107000,0,0,0,Final,Owner Authorization,2023-07-05,Sitework
CO-00042,PRJ-004,CO-001,Design Error or Omission - Structural Area A5,Design Error or Omission,Architect,Structural,Additive,RFI,2025-11-16,2025-11-21,2025-12-11,2025-11-25,,,Pending,823000,,,0,0,0,Negotiating,None,,General Conditions
CO-00043,PRJ-004,CO-002,Quantity Variation - Civil Area C8,Quantity Variation,Subcontractor,Civil,Deductive,Field Condition,2025-03-22,2025-03-27,2025-04-16,2025-04-02,2025-04-12,2025-04-19,Approved,-425000,-422000,-411000,0,0,1,Final,Executed Change Order,2025-04-15,Envelope
CO-00044,PRJ-004,CO-003,Unforeseen Condition - Mechanical Area D7,Unforeseen Condition,General Contractor,Mechanical,Additive,Field Condition,2025-06-10,2025-06-25,2025-07-15,2025-06-29,2025-07-03,2025-07-05,Approved,710000,717000,704000,0,0,0,Final,Executed Change Order,2025-07-07,Envelope
CO-00045,PRJ-004,CO-004,Design Error or Omission - Plumbing Area C10,Design Error or Omission,Architect,Plumbing,Additive,RFI,2024-10-19,2024-10-29,2024-11-18,2024-11-14,,2024-11-28,Withdrawn,136000,,0,0,0,0,ROM,None,,MEP
CO-00046,PRJ-004,CO-005,Owner-Directed Change - Architectural Area B9,Owner-Directed Change,Owner,Architectural,Additive,Owner Request,2024-12-27,2025-01-02,2025-01-22,2025-01-11,,2025-01-15,Withdrawn,493000,,0,0,0,0,ROM,None,,MEP
CO-00047,PRJ-004,CO-006,Substitution - Electrical Area B3,Substitution,Authority Having Jurisdiction,Electrical,Additive,Submittal Review,2024-07-01,2024-07-06,2024-07-26,2024-07-09,,2024-07-16,Withdrawn,123000,,0,0,0,0,Submitted,None,,Interiors
CO-00048,PRJ-004,CO-007,Owner-Directed Change - General Area D4,Owner-Directed Change,Architect,General,Additive,Owner Request,2024-06-15,2024-06-16,2024-07-06,2024-06-22,2024-06-30,2024-07-05,Approved,1781000,1385000,1345000,0,0,1,Final,Construction Change Directive,2024-07-05,Interiors
CO-00049,PRJ-004,CO-008,Code or Regulatory Requirement - Controls Area B5,Code or Regulatory Requirement,Subcontractor,Controls,Additive,Schedule Recovery,2025-02-23,2025-02-25,2025-03-17,2025-03-12,2025-03-22,2025-03-23,Approved,216000,210000,213000,5,3,0,Final,Owner Authorization,2025-04-03,MEP
CO-00050,PRJ-004,CO-009,Design Error or Omission - Architectural Area C10,Design Error or Omission,Subcontractor,Architectural,Zero-Cost,RFI,2025-01-11,2025-01-13,2025-02-02,2025-01-20,2025-01-29,2025-02-07,Approved,0,0,0,0,0,1,Final,Executed Change Order,2025-02-09,MEP
CO-00051,PRJ-004,CO-010,Owner-Directed Change - Civil Area A3,Owner-Directed Change,Owner,Civil,Additive,Owner Request,2025-08-16,2025-08-21,2025-09-10,2025-08-27,,,Pending,532000,,,0,0,0,Negotiating,None,,Interiors
CO-00052,PRJ-004,CO-011,Owner-Directed Change - Controls Area A10,Owner-Directed Change,Owner,Controls,Additive,Owner Request,2024-05-31,2024-06-02,2024-06-22,2024-06-07,2024-06-11,2024-06-17,Approved,334000,292000,288000,41,34,0,Final,Executed Change Order,2024-06-18,Equipment
CO-00053,PRJ-004,CO-012,Code or Regulatory Requirement - Plumbing Area A10,Code or Regulatory Requirement,General Contractor,Plumbing,Additive,Field Condition,2025-09-10,2025-09-14,2025-10-04,2025-09-29,2025-10-06,2025-10-16,Approved,309000,269000,271000,0,0,1,Final,Owner Authorization,2025-10-17,Sitework
CO-00054,PRJ-005,CO-001,Owner-Directed Change - Fire Protection Area A10,Owner-Directed Change,Owner,Fire Protection,Additive,Owner Request,2025-11-24,2025-11-26,2025-12-16,2025-12-14,,2025-12-27,Withdrawn,230000,,0,0,0,1,Submitted,None,,Concrete
CO-00055,PRJ-005,CO-002,Design Error or Omission - Structural Area B9,Design Error or Omission,Engineer,Structural,Additive,RFI,2024-06-22,2024-06-27,2024-07-17,2024-07-16,,,Pending,400000,426000,,0,0,0,Negotiating,None,,Envelope
CO-00056,PRJ-005,CO-003,Unforeseen Condition - General Area D10,Unforeseen Condition,General Contractor,General,Additive,Field Condition,2023-10-20,2023-10-26,2023-11-15,2023-11-06,,,Pending,323000,345000,,0,0,0,Negotiating,None,,Interiors
CO-00057,PRJ-005,CO-004,Unforeseen Condition - Civil Area C10,Unforeseen Condition,Subcontractor,Civil,Additive,RFI,2024-07-23,2024-07-28,2024-08-17,2024-08-14,2024-08-22,2024-08-27,Approved,113000,96000,96000,0,0,0,Final,Executed Change Order,2024-08-27,MEP
CO-00058,PRJ-005,CO-005,Design Error or Omission - General Area B10,Design Error or Omission,Construction Manager,General,Additive,RFI,2024-03-22,2024-03-26,2024-04-15,2024-04-10,2024-05-03,2024-05-08,Approved,706000,695000,698000,0,0,1,Final,Executed Change Order,2024-05-14,Metals
CO-00059,PRJ-005,CO-006,Value Engineering - Mechanical Area C8,Value Engineering,Architect,Mechanical,Additive,RFI,2025-10-18,2025-10-21,2025-11-10,2025-11-07,,,Pending,127000,101000,,0,0,0,Pricing in Progress,None,,Envelope
CO-00060,PRJ-005,CO-007,Owner-Directed Change - Specialty Systems Area A7,Owner-Directed Change,Construction Manager,Specialty Systems,Additive,Owner Request,2024-01-26,2024-02-03,2024-02-23,2024-02-15,2024-02-25,2024-02-29,Approved,278000,288000,285000,0,0,0,Final,Executed Change Order,2024-02-29,Specialties
CO-00061,PRJ-005,CO-008,Code or Regulatory Requirement - Architectural Area C4,Code or Regulatory Requirement,Owner,Architectural,Additive,Field Condition,2025-02-08,2025-02-12,2025-03-04,2025-02-22,,,Pending,243000,,,0,0,0,ROM,None,,MEP
CO-00062,PRJ-006,CO-001,Owner-Directed Change - Architectural Area C10,Owner-Directed Change,Owner,Architectural,Zero-Cost,Owner Request,2023-11-12,2023-11-14,2023-12-04,2023-12-04,2023-12-16,2023-12-18,Approved,0,0,0,0,0,0,Final,Executed Change Order,2023-12-21,MEP
CO-00063,PRJ-006,CO-002,Unforeseen Condition - Electrical Area B8,Unforeseen Condition,General Contractor,Electrical,Additive,Field Condition,2023-01-02,2023-01-08,2023-01-28,2023-02-04,,,Pending,897000,,,0,0,1,Pricing in Progress,None,,Sitework
CO-00064,PRJ-006,CO-003,Design Error or Omission - General Area A10,Design Error or Omission,Engineer,General,Additive,Design Revision,2022-07-20,2022-07-23,2022-08-12,2022-08-29,2022-10-03,2022-10-08,Approved,525000,442000,450000,0,0,1,Final,Owner Authorization,2022-10-06,MEP
CO-00065,PRJ-006,CO-004,Scope Clarification - Electrical Area B9,Scope Clarification,Construction Manager,Electrical,Additive,Submittal Review,2024-06-20,2024-06-27,2024-07-17,2024-08-02,,,Pending,62000,,,0,0,0,Negotiating,None,,MEP
CO-00066,PRJ-006,CO-005,Owner-Directed Change - Electrical Area C8,Owner-Directed Change,Owner,Electrical,Zero-Cost,Owner Request,2023-06-07,2023-06-12,2023-07-02,2023-06-26,2023-07-05,2023-07-06,Approved,0,0,0,11,6,0,Final,Executed Change Order,2023-08-14,MEP
CO-00067,PRJ-006,CO-006,Unforeseen Condition - General Area B1,Unforeseen Condition,General Contractor,General,Additive,RFI,2024-04-11,2024-04-16,2024-05-06,2024-05-11,2024-05-23,2024-05-26,Approved,366000,327000,322000,0,0,0,Final,Executed Change Order,2024-05-29,Sitework
CO-00068,PRJ-006,CO-007,Unforeseen Condition - Fire Protection Area B7,Unforeseen Condition,Engineer,Fire Protection,Additive,Field Condition,2023-09-15,2023-09-20,2023-10-10,2023-10-04,,,Pending,1464000,1217000,,0,0,1,Submitted,None,,General Conditions
CO-00069,PRJ-006,CO-008,Scope Clarification - Electrical Area B8,Scope Clarification,Owner,Electrical,Deductive,Owner Request,2022-04-03,2022-04-16,2022-05-06,2022-04-20,2022-04-29,2022-05-06,Approved,-9400,-8900,-8800,0,0,0,Final,Executed Change Order,2022-05-03,MEP
CO-00070,PRJ-006,CO-009,Design Error or Omission - Specialty Systems Area B4,Design Error or Omission,Architect,Specialty Systems,Deductive,Submittal Review,2024-08-02,2024-08-04,2024-08-24,2024-08-30,,2024-09-23,Rejected,-282000,-227000,0,0,0,2,Final,None,,General Conditions
CO-00071,PRJ-006,CO-010,Owner-Directed Change - Mechanical Area C6,Owner-Directed Change,Owner,Mechanical,Additive,Owner Request,2024-09-04,2024-09-11,2024-10-01,2024-09-28,2024-10-17,2024-10-19,Approved,664000,627000,637000,0,0,1,Final,Owner Authorization,2024-10-23,Equipment
CO-00072,PRJ-006,CO-011,Code or Regulatory Requirement - Specialty Systems Area B7,Code or Regulatory Requirement,Architect,Specialty Systems,Zero-Cost,Field Condition,2022-10-02,2022-10-09,2022-10-29,2022-10-15,2022-10-28,2022-11-06,Approved,0,0,0,2,1,0,Final,Construction Change Directive,2022-11-04,Concrete
CO-00073,PRJ-006,CO-012,Schedule Acceleration - General Area A6,Schedule Acceleration,Architect,General,Additive,Field Condition,2024-05-19,2024-05-25,2024-06-14,2024-06-24,,,Pending,413000,424000,,10,0,0,ROM,None,,Envelope
CO-00074,PRJ-006,CO-013,Unforeseen Condition - Plumbing Area C7,Unforeseen Condition,Subcontractor,Plumbing,Deductive,Field Condition,2022-03-09,2022-03-11,2022-03-31,2022-03-15,,2022-03-24,Rejected,-713000,-488000,0,0,0,0,Final,None,,Concrete
CO-00075,PRJ-006,CO-014,Value Engineering - Controls Area D4,Value Engineering,General Contractor,Controls,Additive,Design Revision,2024-01-27,2024-01-29,2024-02-18,2024-02-10,2024-02-26,2024-03-01,Approved,215000,205000,206000,0,0,1,Final,Executed Change Order,,Equipment
CO-00076,PRJ-007,CO-001,Scope Clarification - Structural Area D7,Scope Clarification,Owner,Structural,Time Only,Design Revision,2025-04-01,2025-04-14,2025-05-04,2025-04-28,2025-05-16,2025-05-22,Approved,0,0,0,12,8,1,Final,Owner Authorization,2025-05-23,Envelope
CO-00077,PRJ-007,CO-002,Substitution - Specialty Systems Area B7,Substitution,Engineer,Specialty Systems,Additive,Schedule Recovery,2024-06-22,2024-06-28,2024-07-18,2024-07-03,2024-07-10,2024-07-11,Approved,139000,123000,124000,0,0,0,Final,Executed Change Order,2024-07-28,Metals
CO-00078,PRJ-007,CO-003,Value Engineering - Mechanical Area C4,Value Engineering,Architect,Mechanical,Additive,Schedule Recovery,2025-01-08,2025-01-15,2025-02-04,2025-01-31,2025-02-22,2025-03-04,Approved,29000,28000,27000,0,0,1,Final,Owner Authorization,2025-03-06,Equipment
CO-00079,PRJ-007,CO-004,Owner-Directed Change - General Area C7,Owner-Directed Change,Owner,General,Additive,Owner Request,2024-12-05,2024-12-12,2025-01-01,2024-12-31,2025-01-18,2025-01-22,Approved,168000,146000,148000,0,0,1,Final,Executed Change Order,2025-02-07,Envelope
CO-00080,PRJ-007,CO-005,Scope Clarification - Plumbing Area B8,Scope Clarification,Construction Manager,Plumbing,Additive,RFI,2025-02-02,2025-02-05,2025-02-25,2025-02-11,2025-02-21,2025-02-22,Approved,1331000,1204000,1198000,7,4,0,Final,Executed Change Order,2025-02-24,Envelope
CO-00081,PRJ-007,CO-006,Quantity Variation - Plumbing Area A7,Quantity Variation,General Contractor,Plumbing,Additive,Owner Request,2025-05-21,2025-05-23,2025-06-12,2025-06-05,2025-06-11,2025-06-12,Approved,32000,27000,26000,0,0,1,Final,Owner Authorization,2025-06-24,Concrete
CO-00082,PRJ-007,CO-007,Owner-Directed Change - Structural Area D2,Owner-Directed Change,Owner,Structural,Additive,Owner Request,2025-11-13,2025-11-23,2025-12-13,2025-12-04,2025-12-16,2025-12-21,Approved,98000,90000,91000,0,0,1,Final,Executed Change Order,2025-12-18,Interiors
CO-00083,PRJ-007,CO-008,Scope Clarification - Architectural Area D1,Scope Clarification,Authority Having Jurisdiction,Architectural,Additive,Field Condition,2024-07-12,2024-07-22,2024-08-11,2024-07-30,2024-08-09,2024-08-17,Approved,252000,196000,190000,0,0,0,Final,Construction Change Directive,2024-08-12,Interiors
CO-00084,PRJ-007,CO-009,Code or Regulatory Requirement - Structural Area A6,Code or Regulatory Requirement,Engineer,Structural,Additive,Design Revision,2025-01-03,2025-01-07,2025-01-27,2025-02-02,2025-02-16,2025-02-25,Approved,104000,96000,97000,2,1,1,Final,Executed Change Order,2025-02-20,Equipment
CO-00085,PRJ-008,CO-001,Schedule Acceleration - Specialty Systems Area C3,Schedule Acceleration,Subcontractor,Specialty Systems,Additive,RFI,2022-06-28,2022-07-23,2022-08-12,2022-08-16,,,Pending,192000,180000,,0,0,0,Pricing in Progress,None,,General Conditions
CO-00086,PRJ-008,CO-002,Substitution - Mechanical Area A9,Substitution,Engineer,Mechanical,Additive,RFI,2022-11-17,2022-11-25,2022-12-15,2022-12-09,2022-12-27,2023-01-01,Approved,201000,159000,156000,0,0,1,Final,Owner Authorization,2023-01-10,Envelope
CO-00087,PRJ-008,CO-003,Scope Clarification - Plumbing Area C7,Scope Clarification,Construction Manager,Plumbing,Deductive,RFI,2023-06-28,2023-07-18,2023-08-07,2023-08-02,2023-08-25,2023-09-02,Approved,-239000,-213000,-206000,3,2,1,Final,Owner Authorization,2023-09-12,Equipment
CO-00088,PRJ-008,CO-004,Owner-Directed Change - Specialty Systems Area A10,Owner-Directed Change,Owner,Specialty Systems,Additive,Owner Request,2023-06-09,2023-06-28,2023-07-18,2023-07-20,2023-08-12,2023-08-17,Approved,502000,433000,426000,3,2,1,Final,Construction Change Directive,2023-08-18,MEP
CO-00089,PRJ-008,CO-005,Value Engineering - Mechanical Area A3,Value Engineering,General Contractor,Mechanical,Additive,RFI,2023-06-12,2023-06-17,2023-07-07,2023-07-01,2023-07-18,2023-07-26,Approved,255000,258000,262000,0,0,1,Final,Executed Change Order,2023-07-21,MEP
CO-00090,PRJ-008,CO-006,Quantity Variation - Electrical Area B8,Quantity Variation,Engineer,Electrical,Additive,Submittal Review,2022-09-20,2022-09-22,2022-10-12,2022-10-15,2022-11-28,2022-12-07,Approved,196000,181000,176000,0,0,0,Final,Executed Change Order,2022-12-10,Metals
CO-00091,PRJ-008,CO-007,Substitution - General Area C8,Substitution,Owner,General,Additive,Schedule Recovery,2022-08-02,2022-08-10,2022-08-30,2022-08-22,,2022-09-15,Rejected,58000,33000,0,0,0,1,Final,None,,Specialties
CO-00092,PRJ-008,CO-008,Design Error or Omission - Structural Area B10,Design Error or Omission,Engineer,Structural,Additive,RFI,2023-09-09,2023-09-13,2023-10-03,2023-10-21,2023-11-16,2023-11-20,Approved,129000,118000,118000,0,0,1,Final,Owner Authorization,2023-11-23,Envelope
CO-00093,PRJ-008,CO-009,Owner-Directed Change - Mechanical Area D9,Owner-Directed Change,Construction Manager,Mechanical,Additive,Owner Request,2022-05-23,2022-05-30,2022-06-19,2022-06-12,2022-06-24,2022-06-28,Approved,286000,236000,231000,0,0,0,Final,Executed Change Order,,Specialties
CO-00094,PRJ-008,CO-010,Code or Regulatory Requirement - Electrical Area C5,Code or Regulatory Requirement,Owner,Electrical,Additive,Design Revision,2023-05-24,2023-06-05,2023-06-25,2023-06-16,2023-06-25,2023-07-02,Approved,140000,145000,140000,0,0,0,Final,Construction Change Directive,2023-07-05,Interiors
CO-00095,PRJ-008,CO-011,Unforeseen Condition - Mechanical Area C3,Unforeseen Condition,Engineer,Mechanical,Additive,Field Condition,2023-08-04,2023-08-20,2023-09-09,2023-09-16,2023-10-09,2023-10-16,Approved,377000,319000,310000,0,0,1,Final,Executed Change Order,2023-10-15,Equipment
CO-00096,PRJ-008,CO-012,Owner-Directed Change - Civil Area D3,Owner-Directed Change,Owner,Civil,Additive,Owner Request,2022-07-28,2022-08-12,2022-09-01,2022-09-04,2022-09-15,2022-09-25,Approved,1274000,1162000,1173000,8,6,1,Final,Construction Change Directive,2022-09-20,Equipment
CO-00097,PRJ-008,CO-013,Quantity Variation - Plumbing Area C2,Quantity Variation,Engineer,Plumbing,Additive,Field Condition,2024-05-17,2024-05-29,2024-06-18,2024-07-23,,2024-08-24,Rejected,269000,203000,0,0,0,1,Final,None,,MEP
CO-00098,PRJ-008,CO-014,Owner-Directed Change - Architectural Area A10,Owner-Directed Change,Owner,Architectural,Additive,Owner Request,2024-04-05,2024-04-13,2024-05-03,2024-05-22,2024-06-20,2024-06-23,Approved,446000,383000,382000,0,0,1,Final,Owner Authorization,2024-06-26,Interiors
CO-00099,PRJ-008,CO-015,Schedule Acceleration - Mechanical Area D5,Schedule Acceleration,Architect,Mechanical,Zero-Cost,Owner Request,2022-10-08,2022-10-12,2022-11-01,2022-10-19,,,Pending,0,0,,0,0,0,Submitted,None,,General Conditions
CO-00100,PRJ-008,CO-016,Design Error or Omission - General Area D7,Design Error or Omission,Engineer,General,Additive,RFI,2022-09-23,2022-10-04,2022-10-24,2022-12-14,2023-01-29,2023-02-05,Approved,118000,91000,88000,0,0,0,Final,Owner Authorization,2023-02-05,General Conditions
CO-00101,PRJ-008,CO-017,Design Error or Omission - Civil Area C9,Design Error or Omission,Engineer,Civil,Deductive,RFI,2023-11-30,2023-12-05,2023-12-25,2023-12-24,2024-01-02,2024-01-03,Approved,-2468000,-2044000,-1997000,0,0,0,Final,Owner Authorization,2024-01-12,MEP
CO-00102,PRJ-008,CO-018,Owner-Directed Change - Civil Area D6,Owner-Directed Change,Owner,Civil,Additive,Owner Request,2022-07-23,2022-07-30,2022-08-19,2022-09-14,2022-10-03,2022-10-13,Approved,704000,721000,724000,0,0,2,Final,Executed Change Order,2022-10-07,MEP
CO-00103,PRJ-008,CO-019,Design Error or Omission - Mechanical Area C3,Design Error or Omission,Owner,Mechanical,Additive,RFI,2022-12-19,2022-12-25,2023-01-14,2023-01-21,2023-02-03,2023-02-08,Approved,156000,159000,159000,0,0,1,Final,Construction Change Directive,2023-02-11,Envelope
CO-00104,PRJ-008,CO-020,Design Error or Omission - Controls Area B3,Design Error or Omission,Architect,Controls,Additive,RFI,2023-07-07,2023-07-16,2023-08-05,2023-08-13,2023-09-05,2023-09-10,Approved,118000,121000,116000,0,0,1,Final,Executed Change Order,2023-09-24,Envelope
CO-00105,PRJ-009,CO-001,Design Error or Omission - General Area A6,Design Error or Omission,Architect,General,Additive,Submittal Review,2023-08-20,2023-08-26,2023-09-15,2023-09-15,2023-10-11,2023-10-12,Approved,30000,29000,28000,0,0,1,Final,Owner Authorization,2023-10-15,Envelope
CO-00106,PRJ-009,CO-002,Design Error or Omission - Mechanical Area B8,Design Error or Omission,Construction Manager,Mechanical,Additive,RFI,2022-06-16,2022-06-26,2022-07-16,2022-07-11,2022-07-22,2022-07-27,Approved,11000,11000,11000,0,0,1,Final,Construction Change Directive,,Envelope
CO-00107,PRJ-009,CO-003,Owner-Directed Change - Plumbing Area D4,Owner-Directed Change,Owner,Plumbing,Additive,Owner Request,2022-10-17,2022-10-27,2022-11-16,2022-11-12,,2022-11-23,Withdrawn,61000,,0,19,0,1,Pricing in Progress,None,,MEP
CO-00108,PRJ-009,CO-004,Owner-Directed Change - Electrical Area A3,Owner-Directed Change,Owner,Electrical,Additive,Owner Request,2022-05-10,2022-05-19,2022-06-08,2022-06-03,2022-06-15,2022-06-18,Approved,24000,22000,22000,6,3,0,Final,Owner Authorization,2022-06-22,Interiors
CO-00109,PRJ-009,CO-005,Value Engineering - Specialty Systems Area B9,Value Engineering,General Contractor,Specialty Systems,Additive,RFI,2023-09-14,2023-09-16,2023-10-06,2023-09-28,2023-10-09,2023-10-16,Approved,19000,19000,19000,5,3,0,Final,Executed Change Order,2023-10-12,MEP
CO-00110,PRJ-009,CO-006,Value Engineering - Architectural Area C7,Value Engineering,Owner,Architectural,Additive,Design Revision,2022-08-18,2022-08-30,2022-09-19,2022-09-15,2022-10-10,2022-10-17,Approved,125000,105000,106000,0,0,1,Final,Construction Change Directive,2022-10-14,Sitework
CO-00111,PRJ-009,CO-007,Unforeseen Condition - Architectural Area A6,Unforeseen Condition,Subcontractor,Architectural,Additive,Field Condition,2023-04-25,2023-04-28,2023-05-18,2023-05-06,,2023-05-18,Rejected,111000,85000,0,0,0,1,Final,None,,Concrete
CO-00112,PRJ-010,CO-001,Code or Regulatory Requirement - Controls Area B9,Code or Regulatory Requirement,Owner,Controls,Additive,Field Condition,2022-01-23,2022-01-29,2022-02-18,2022-02-06,2022-02-11,2022-02-13,Approved,142000,117000,118000,3,2,0,Final,Owner Authorization,2022-02-14,Sitework
CO-00113,PRJ-010,CO-002,Unforeseen Condition - Civil Area D4,Unforeseen Condition,Engineer,Civil,Additive,Field Condition,2023-05-22,2023-06-16,2023-07-06,2023-06-30,2023-07-13,2023-07-17,Approved,239000,223000,225000,5,5,2,Final,Executed Change Order,2023-07-16,Interiors
CO-00114,PRJ-010,CO-003,Code or Regulatory Requirement - Architectural Area D1,Code or Regulatory Requirement,General Contractor,Architectural,Additive,Field Condition,2022-07-03,2022-07-14,2022-08-03,2022-07-23,2022-08-02,2022-08-12,Approved,214000,166000,160000,9,9,0,Final,Field Directive,2022-08-08,Concrete
CO-00115,PRJ-010,CO-004,Owner-Directed Change - Civil Area C8,Owner-Directed Change,Owner,Civil,Additive,Owner Request,2022-05-03,2022-05-07,2022-05-27,2022-06-04,2022-06-22,2022-06-23,Approved,71000,59000,58000,0,0,0,Final,Executed Change Order,,MEP
CO-00116,PRJ-010,CO-005,Substitution - Specialty Systems Area C6,Substitution,Owner,Specialty Systems,Zero-Cost,RFI,2022-09-10,2022-09-24,2022-10-14,2022-10-13,2022-11-02,2022-11-10,Approved,0,0,0,0,0,2,Final,Executed Change Order,2022-11-07,MEP
CO-00117,PRJ-010,CO-006,Unforeseen Condition - Plumbing Area A4,Unforeseen Condition,General Contractor,Plumbing,Additive,RFI,2022-03-31,2022-04-01,2022-04-21,2022-04-16,2022-04-30,2022-05-01,Approved,42000,37000,37000,7,6,0,Final,Executed Change Order,2022-05-03,Interiors
CO-00118,PRJ-010,CO-007,Design Error or Omission - Electrical Area A5,Design Error or Omission,General Contractor,Electrical,Zero-Cost,RFI,2023-02-05,2023-02-14,2023-03-06,2023-03-04,2023-03-20,2023-03-30,Approved,0,0,0,30,16,1,Final,Executed Change Order,2023-03-28,Sitework
CO-00119,PRJ-010,CO-008,Scope Clarification - Controls Area A3,Scope Clarification,General Contractor,Controls,Additive,RFI,2023-11-18,2023-11-23,2023-12-13,2023-12-06,2023-12-23,2023-12-27,Approved,50000,45000,46000,0,0,1,Final,Owner Authorization,2023-12-30,Concrete
CO-00120,PRJ-010,CO-009,Unforeseen Condition - Specialty Systems Area A1,Unforeseen Condition,General Contractor,Specialty Systems,Zero-Cost,Field Condition,2023-12-26,2024-01-08,2024-01-28,2024-01-26,2024-02-14,2024-02-18,Approved,0,0,0,0,0,0,Final,Construction Change Directive,2024-02-16,MEP
CO-00121,PRJ-010,CO-010,Owner-Directed Change - Electrical Area B8,Owner-Directed Change,Owner,Electrical,Time Only,Owner Request,2023-04-01,2023-04-06,2023-04-26,2023-04-26,2023-05-27,2023-06-04,Approved,0,0,0,3,3,2,Final,Owner Authorization,2023-06-04,Specialties
CO-00122,PRJ-010,CO-011,Code or Regulatory Requirement - General Area B9,Code or Regulatory Requirement,Subcontractor,General,Additive,Submittal Review,2023-11-22,2023-11-27,2023-12-17,2023-12-14,,2024-01-10,Rejected,159000,66000,0,10,0,1,Final,None,,MEP
CO-00123,PRJ-011,CO-001,Scope Clarification - Plumbing Area B2,Scope Clarification,Subcontractor,Plumbing,Additive,Field Condition,2022-02-16,2022-02-19,2022-03-11,2022-02-27,2022-03-08,2022-03-13,Approved,52000,51000,51000,0,0,0,Final,Owner Authorization,2022-03-12,Specialties
CO-00124,PRJ-011,CO-002,Substitution - Architectural Area D8,Substitution,General Contractor,Architectural,Additive,Owner Request,2022-10-20,2022-10-23,2022-11-12,2022-10-29,2022-11-06,2022-11-12,Approved,26000,24000,23000,3,1,1,Final,Owner Authorization,2022-11-14,Interiors
CO-00125,PRJ-011,CO-003,Unforeseen Condition - Specialty Systems Area B4,Unforeseen Condition,Construction Manager,Specialty Systems,Additive,Field Condition,2022-09-15,2022-09-18,2022-10-08,2022-10-12,,2022-10-31,Rejected,230000,119000,0,0,0,1,Final,None,,Envelope
CO-00126,PRJ-011,CO-004,Unforeseen Condition - Controls Area B1,Unforeseen Condition,Owner,Controls,Additive,Field Condition,2022-01-20,2022-01-31,2022-02-20,2022-02-11,2022-03-03,2022-03-13,Approved,1156000,1086000,1044000,0,0,1,Final,Owner Authorization,2022-03-12,Interiors
CO-00127,PRJ-011,CO-005,Value Engineering - Architectural Area D5,Value Engineering,Construction Manager,Architectural,Deductive,Owner Request,2022-02-25,2022-03-07,2022-03-27,2022-03-23,,2022-04-20,Withdrawn,-20000,,0,0,0,1,ROM,None,,MEP
CO-00128,PRJ-011,CO-006,Scope Clarification - Mechanical Area B6,Scope Clarification,Owner,Mechanical,Additive,Field Condition,2023-12-10,2023-12-16,2024-01-05,2024-01-01,2024-01-12,2024-01-16,Approved,67000,57000,58000,1,1,0,Final,Construction Change Directive,2024-01-15,Metals
CO-00129,PRJ-011,CO-007,Owner-Directed Change - Structural Area B7,Owner-Directed Change,Architect,Structural,Additive,Owner Request,2023-01-01,2023-01-04,2023-01-24,2023-01-25,2023-02-21,2023-02-26,Approved,133000,115000,114000,5,4,3,Final,Owner Authorization,2023-02-22,Envelope
CO-00130,PRJ-011,CO-008,Unforeseen Condition - Architectural Area C5,Unforeseen Condition,General Contractor,Architectural,Zero-Cost,RFI,2023-05-26,2023-05-29,2023-06-18,2023-06-09,2023-06-26,2023-06-27,Approved,0,0,0,5,4,0,Final,Executed Change Order,2023-06-30,General Conditions
CO-00131,PRJ-011,CO-009,Design Error or Omission - Electrical Area A9,Design Error or Omission,Construction Manager,Electrical,Additive,Design Revision,2023-01-16,2023-01-24,2023-02-13,2023-02-12,,,Pending,59000,61000,,0,0,0,Negotiating,None,,MEP
CO-00132,PRJ-011,CO-010,Owner-Directed Change - Structural Area D10,Owner-Directed Change,Owner,Structural,Additive,Owner Request,2022-02-25,2022-02-27,2022-03-19,2022-03-10,2022-03-24,2022-03-30,Approved,351000,277000,268000,0,0,1,Final,Owner Authorization,2022-03-26,General Conditions
CO-00133,PRJ-011,CO-011,Schedule Acceleration - Controls Area A4,Schedule Acceleration,General Contractor,Controls,Additive,RFI,2023-11-30,2023-12-08,2023-12-28,2023-12-22,2024-01-05,2024-01-09,Approved,103000,104000,103000,0,0,0,Final,Owner Authorization,2024-01-10,Concrete
CO-00134,PRJ-011,CO-012,Design Error or Omission - Plumbing Area C5,Design Error or Omission,Engineer,Plumbing,Additive,Design Revision,2023-06-07,2023-06-10,2023-06-30,2023-06-20,,,Pending,52000,,,0,0,1,Submitted,None,,Concrete
CO-00135,PRJ-011,CO-013,Design Error or Omission - Mechanical Area D3,Design Error or Omission,Engineer,Mechanical,Deductive,Design Revision,2023-05-22,2023-05-25,2023-06-14,2023-06-15,2023-07-13,2023-07-21,Approved,-74000,-58000,-56000,3,1,1,Final,Field Directive,2023-07-22,Metals
CO-00136,PRJ-011,CO-014,Owner-Directed Change - Architectural Area D6,Owner-Directed Change,Owner,Architectural,Zero-Cost,Owner Request,2023-09-28,2023-10-02,2023-10-22,2023-10-19,,,Pending,0,,,7,0,0,Pricing in Progress,None,,Concrete
CO-00137,PRJ-011,CO-015,Schedule Acceleration - Structural Area B5,Schedule Acceleration,Architect,Structural,Additive,Design Revision,2023-10-10,2023-10-21,2023-11-10,2023-10-28,2023-11-01,2023-11-07,Approved,80000,68000,68000,5,3,0,Final,Executed Change Order,2023-11-09,Envelope
CO-00138,PRJ-012,CO-001,Value Engineering - Architectural Area B5,Value Engineering,Owner,Architectural,Additive,Owner Request,2024-10-29,2024-11-14,2024-12-04,2024-11-28,2024-12-21,2024-12-26,Approved,60000,61000,62000,8,6,1,Final,Owner Authorization,2024-12-27,Envelope
CO-00139,PRJ-012,CO-002,Scope Clarification - Structural Area A4,Scope Clarification,Engineer,Structural,Additive,Submittal Review,2025-11-21,2025-12-02,2025-12-22,2025-12-26,,,Under Review,38000,,,0,0,2,Submitted,None,,Interiors
CO-00140,PRJ-012,CO-003,Value Engineering - Electrical Area D9,Value Engineering,Owner,Electrical,Additive,Field Condition,2024-10-27,2024-11-06,2024-11-26,2024-11-26,2024-12-17,2024-12-25,Approved,230000,218000,220000,0,0,0,Final,Owner Authorization,2024-12-26,Envelope
CO-00141,PRJ-012,CO-004,Unforeseen Condition - General Area D10,Unforeseen Condition,Construction Manager,General,Deductive,Field Condition,2024-09-18,2024-09-23,2024-10-13,2024-10-15,2024-11-03,2024-11-05,Approved,-105000,-81000,-82000,0,0,0,Final,Field Directive,2024-11-13,Envelope
CO-00142,PRJ-012,CO-005,Unforeseen Condition - Electrical Area A8,Unforeseen Condition,General Contractor,Electrical,Additive,Field Condition,2025-01-25,2025-01-30,2025-02-19,2025-02-13,2025-03-01,2025-03-09,Approved,56000,49000,50000,0,0,1,Final,Owner Authorization,,MEP
CO-00143,PRJ-012,CO-006,Schedule Acceleration - Controls Area D4,Schedule Acceleration,Owner,Controls,Additive,Owner Request,2024-12-22,2025-01-03,2025-01-23,2025-01-31,2025-03-01,2025-03-06,Approved,105000,107000,104000,0,0,1,Final,Executed Change Order,2025-03-09,Sitework
CO-00144,PRJ-012,CO-007,Value Engineering - Electrical Area A9,VE,Subcontractor,Electrical,Additive,Field Condition,2025-03-05,2025-03-17,2025-04-06,2025-03-31,,,Pending,34000,28000,,0,0,2,Submitted,None,,General Conditions
CO-00145,PRJ-012,CO-008,Unforeseen Condition - General Area A2,Unforeseen Condition,General Contractor,General,Deductive,Field Condition,2025-07-12,2025-07-23,2025-08-12,2025-08-15,2025-09-21,2025-09-30,Approved,-17000,-15000,-15000,6,3,2,Final,Executed Change Order,2025-09-25,Interiors
CO-00146,PRJ-012,CO-009,Owner-Directed Change - Specialty Systems Area C5,Owner-Directed Change,Owner,Specialty Systems,Additive,Owner Request,2024-08-02,2024-08-14,2024-09-03,2024-08-27,,2024-09-20,Withdrawn,88000,,0,4,0,0,Submitted,None,,Sitework
CO-00147,PRJ-012,CO-010,Unforeseen Condition - General Area D5,Unforeseen Condition,Subcontractor,General,Deductive,Field Condition,2024-10-23,2024-11-21,2024-12-11,2024-12-12,2025-01-06,2025-01-08,Approved,-291000,-242000,-234000,4,3,1,Final,Executed Change Order,2025-01-11,Concrete
CO-00148,PRJ-012,CO-011,Scope Clarification - Mechanical Area D3,Scope Clarification,Owner,Mechanical,Additive,Field Condition,2025-06-01,2025-06-09,2025-06-29,2025-06-24,2025-07-05,2025-07-06,Approved,34000,27000,27000,0,0,1,Final,Executed Change Order,2025-07-09,General Conditions
CO-00149,PRJ-012,CO-012,Design Error or Omission - Mechanical Area C8,Design Error or Omission,Architect,Mechanical,Zero-Cost,RFI,2025-01-09,2025-01-21,2025-02-10,2025-02-05,2025-02-27,2025-03-03,Approved,0,0,0,0,0,1,Final,Executed Change Order,2025-02-28,Envelope
CO-00150,PRJ-012,CO-013,Design Error or Omission - Structural Area A5,Design Error or Omission,Construction Manager,Structural,Additive,Design Revision,2025-02-10,2025-02-14,2025-03-06,2025-03-15,,,Pending,50000,42000,,6,0,0,Negotiating,None,,MEP
CO-00151,PRJ-012,CO-014,Owner-Directed Change - General Area B8,Owner-Directed Change,Owner,General,Additive,Owner Request,2025-08-10,2025-08-19,2025-09-08,2025-09-04,2025-09-21,2025-09-26,Approved,132000,133000,128000,0,0,0,Final,Construction Change Directive,2025-10-05,MEP
CO-00152,PRJ-013,CO-001,Schedule Acceleration - Controls Area A2,Schedule Acceleration,General Contractor,Controls,Additive,RFI,2022-03-25,2022-03-30,2022-04-19,2022-04-10,2022-04-24,2022-04-30,Approved,106000,92000,92000,0,0,0,Final,Owner Authorization,,Specialties
CO-00153,PRJ-013,CO-002,Design Error or Omission - Electrical Area C9,Design Error or Omission,Architect,Electrical,Deductive,Design Revision,2022-11-30,2022-12-09,2022-12-29,2022-12-31,2023-01-25,2023-02-03,Approved,-109000,-95000,-95000,0,0,1,Final,Owner Authorization,2023-01-28,Sitework
CO-00154,PRJ-013,CO-003,Scope Clarification - Specialty Systems Area C1,Scope Clarification,Subcontractor,Specialty Systems,Additive,Submittal Review,2024-02-18,2024-02-22,2024-03-13,2024-02-26,,2024-03-07,Rejected,1991000,983000,0,0,0,0,Final,None,,Specialties
CO-00155,PRJ-013,CO-004,Quantity Variation - Specialty Systems Area D6,Quantity Variation,Owner,Specialty Systems,Additive,Owner Request,2023-04-03,2023-04-08,2023-04-28,2023-04-26,,,Pending,340000,,,4,0,1,ROM,None,,Interiors
CO-00156,PRJ-013,CO-005,Quantity Variation - Mechanical Area B9,Quantity Variation,Owner,Mechanical,Additive,Field Condition,2022-08-31,2022-09-04,2022-09-24,2022-09-18,,,Pending,419000,,,0,0,1,Submitted,None,,Envelope
CO-00157,PRJ-013,CO-006,Code or Regulatory Requirement - Specialty Systems Area B9,Code or Regulatory Requirement,Engineer,Specialty Systems,Zero-Cost,Design Revision,2023-07-30,2023-08-01,2023-08-21,2023-08-16,2023-08-24,2023-08-25,Approved,0,0,0,0,0,0,Final,Owner Authorization,2023-08-29,MEP
CO-00158,PRJ-013,CO-007,Code or Regulatory Requirement - Structural Area B9,Code or Regulatory Requirement,Owner,Structural,Additive,RFI,2023-06-13,2023-06-16,2023-07-06,2023-06-27,2023-07-15,2023-07-22,Approved,6201000,6188000,6136000,0,0,1,Final,Executed Change Order,2023-07-21,Envelope
CO-00159,PRJ-013,CO-008,Owner-Directed Change - Mechanical Area C1,Owner-Directed Change,General Contractor,Mechanical,Additive,Owner Request,2022-09-29,2022-10-02,2022-10-22,2022-10-29,2022-11-13,2022-11-15,Approved,2774000,2653000,2616000,0,0,1,Final,Owner Authorization,2022-11-23,Equipment
CO-00160,PRJ-013,CO-009,Unforeseen Condition - Specialty Systems Area C4,Unforeseen Condition,Engineer,Specialty Systems,Additive,Field Condition,2022-05-23,2022-06-11,2022-07-01,2022-06-22,,2022-06-28,Withdrawn,1172000,,0,0,0,0,Submitted,None,,General Conditions
CO-00161,PRJ-013,CO-010,Quantity Variation - Specialty Systems Area A7,Quantity Variation,Construction Manager,Specialty Systems,Additive,RFI,2024-01-08,2024-01-15,2024-02-04,2024-01-23,2024-02-01,2024-02-11,Approved,604000,567000,573000,1,0,1,Final,Executed Change Order,2024-02-13,Equipment
CO-00162,PRJ-013,CO-011,Code or Regulatory Requirement - Architectural Area B6,Code or Regulatory Requirement,Owner,Architectural,Additive,RFI,2022-05-24,2022-05-26,2022-06-15,2022-06-05,,,Pending,355000,315000,,0,0,0,Negotiating,None,,MEP
CO-00163,PRJ-013,CO-012,Owner-Directed Change - Mechanical Area B4,Owner-Directed Change,Architect,Mechanical,Deductive,Owner Request,2023-01-18,2023-01-29,2023-02-18,2023-02-14,2023-02-22,2023-03-02,Approved,-391000,-339000,-340000,0,0,1,Final,Owner Authorization,,Envelope
CO-00164,PRJ-014,CO-001,Quantity Variation - Specialty Systems Area D6,Quantity Variation,Engineer,Specialty Systems,Additive,Design Revision,2023-12-04,2023-12-06,2023-12-26,2023-12-13,,2023-12-23,Rejected,165000,68000,0,0,0,0,Final,None,,Interiors
CO-00165,PRJ-014,CO-002,Substitution - Architectural Area C4,Substitution,Owner,Architectural,Time Only,Submittal Review,2025-05-18,2025-05-20,2025-06-09,2025-06-03,,2025-06-14,Rejected,0,0,0,2,0,0,Final,None,,Interiors
CO-00166,PRJ-014,CO-003,Code or Regulatory Requirement - Structural Area B4,Code or Regulatory Requirement,Owner,Structural,Additive,RFI,2025-07-03,2025-07-12,2025-08-01,2025-07-22,,2025-07-30,Rejected,471000,378000,0,0,0,0,Final,None,,Sitework
CO-00167,PRJ-014,CO-004,Schedule Acceleration - Mechanical Area A7,Schedule Acceleration,General Contractor,Mechanical,Additive,Field Condition,2025-06-01,2025-06-06,2025-06-26,2025-06-21,2025-07-05,2025-07-13,Approved,485000,504000,491000,8,7,0,Final,Owner Authorization,2025-07-07,MEP
CO-00168,PRJ-014,CO-005,Owner-Directed Change - Electrical Area C1,Owner-Directed Change,Construction Manager,Electrical,Zero-Cost,Owner Request,2024-06-13,2024-06-29,2024-07-19,2024-07-15,,,Pending,0,0,,0,0,0,Negotiating,None,,MEP
CO-00169,PRJ-014,CO-006,Quantity Variation - Controls Area C3,Quantity Variation,Owner,Controls,Additive,RFI,2023-10-29,2023-11-05,2023-11-25,2023-11-17,2023-11-22,2023-12-02,Approved,401000,352000,345000,15,12,1,Final,Executed Change Order,2023-11-29,General Conditions
CO-00170,PRJ-014,CO-007,Design Error or Omission - Plumbing Area B1,Design Error or Omission,Engineer,Plumbing,Zero-Cost,RFI,2024-10-01,2024-10-10,2024-10-30,2024-10-20,,2024-11-10,Rejected,0,0,0,5,0,1,Final,None,,Envelope
CO-00171,PRJ-014,CO-008,Scope Clarification - Structural Area C6,Scope Clarification,Subcontractor,Structural,Deductive,RFI,2023-10-29,2023-11-01,2023-11-21,2023-11-16,2023-11-30,2023-12-06,Approved,-234000,-219000,-219000,0,0,1,Final,Executed Change Order,2023-12-14,MEP
CO-00172,PRJ-014,CO-009,Quantity Variation - Civil Area C7,Quantity Variation,Subcontractor,Civil,Additive,Owner Request,2024-09-26,2024-09-29,2024-10-19,2024-10-21,2024-11-07,2024-11-09,Approved,123000,99000,97000,0,0,0,Final,Construction Change Directive,2024-11-10,Sitework
CO-00173,PRJ-015,CO-001,Code or Regulatory Requirement - Plumbing Area D1,Code or Regulatory Requirement,Owner,Plumbing,Deductive,RFI,2025-09-24,2025-09-29,2025-10-19,2025-10-08,2025-10-20,2025-10-24,Approved,-17000,-16000,-16000,6,4,1,Final,Field Directive,2025-10-21,Concrete
CO-00174,PRJ-015,CO-002,Code or Regulatory Requirement - Electrical Area A8,Code or Regulatory Requirement,Architect,Electrical,Additive,Submittal Review,2024-06-09,2024-06-17,2024-07-07,2024-07-05,2024-07-14,2024-07-17,Approved,8200,7200,7100,0,0,0,Final,Executed Change Order,2024-07-17,General Conditions
CO-00175,PRJ-015,CO-003,Design Error or Omission - Architectural Area C4,Design Error or Omission,Engineer,Architectural,Additive,RFI,2024-12-05,2024-12-11,2024-12-31,2024-12-16,2024-12-24,2025-01-03,Approved,23000,21000,21000,0,0,0,Final,Executed Change Order,2025-01-01,Metals
CO-00176,PRJ-015,CO-004,Owner-Directed Change - Fire Protection Area C3,Owner-Directed Change,Engineer,Fire Protection,Additive,Owner Request,2025-06-29,2025-07-16,2025-08-05,2025-07-31,,,Pending,12000,11000,,10,0,0,Submitted,None,,Equipment
CO-00177,PRJ-015,CO-005,Design Error or Omission - Mechanical Area A10,Design Error or Omission,Engineer,Mechanical,Additive,Design Revision,2024-04-18,2024-04-24,2024-05-14,2024-04-30,2024-04-23,2024-05-11,Approved,17000,14000,14000,0,0,0,Final,Executed Change Order,2024-05-04,Concrete
CO-00178,PRJ-015,CO-006,Value Engineering - Civil Area B3,Value Engineering,Engineer,Civil,Additive,Field Condition,2025-11-15,2025-11-22,2025-12-12,2025-11-27,2025-12-05,2025-12-13,Approved,27000,21000,20000,5,4,1,Final,Owner Authorization,2025-12-12,General Conditions
CO-00179,PRJ-015,CO-007,Quantity Variation - Fire Protection Area B10,Quantity Variation,Construction Manager,Fire Protection,Additive,RFI,2024-10-11,2024-10-15,2024-11-04,2024-10-25,2024-11-01,2024-11-06,Approved,7700,6500,6400,0,0,1,Final,Owner Authorization,2024-11-04,MEP
CO-00180,PRJ-016,CO-001,Scope Clarification - Architectural Area C1,Scope Clarification,Architect,Architectural,Additive,Schedule Recovery,2023-03-29,2023-04-03,2023-04-23,2023-04-14,,,Pending,1224000,1201000,,0,0,0,Pricing in Progress,None,,MEP
CO-00181,PRJ-016,CO-002,Owner-Directed Change - Fire Protection Area D5,Owner-Directed Change,Owner,Fire Protection,Additive,Owner Request,2024-04-19,2024-04-23,2024-05-13,2024-05-17,,,Pending,910000,,,11,0,0,Pricing in Progress,None,,Envelope
CO-00182,PRJ-016,CO-003,Schedule Acceleration - Structural Area D9,Schedule Acceleration,Owner,Structural,Deductive,Schedule Recovery,2024-02-14,2024-02-19,2024-03-10,2024-03-18,2024-04-06,2024-04-08,Approved,-1488000,-1447000,-1453000,0,0,1,Final,Executed Change Order,2024-04-14,Envelope
CO-00183,PRJ-016,CO-004,Substitution - Civil Area C8,Substitution,Owner,Civil,Deductive,Submittal Review,2023-12-07,2023-12-10,2023-12-30,2023-12-25,,,Pending,-85000,,,0,0,0,Negotiating,None,,Equipment
CO-00184,PRJ-016,CO-005,Value Engineering - Controls Area C7,Value Engineering,Owner,Controls,Additive,Submittal Review,2023-06-13,2023-06-18,2023-07-08,2023-07-02,,2023-07-15,Withdrawn,351000,,0,0,0,1,Submitted,None,,Envelope
CO-00185,PRJ-016,CO-006,Substitution - Architectural Area B9,Substitution,Engineer,Architectural,Zero-Cost,Schedule Recovery,2023-07-17,2023-07-27,2023-08-16,2023-08-06,2023-08-17,2023-08-23,Approved,0,0,0,0,0,1,Final,Executed Change Order,2023-08-22,Interiors
CO-00186,PRJ-016,CO-007,Value Engineering - Fire Protection Area D4,Value Engineering,Architect,Fire Protection,Additive,Owner Request,2024-02-22,2024-02-28,2024-03-19,2024-03-20,2024-04-03,2024-04-08,Approved,338000,311000,313000,0,0,1,Final,Executed Change Order,2024-04-07,Concrete
CO-00187,PRJ-016,CO-008,Substitution - Architectural Area D4,Substitution,Engineer,Architectural,Additive,Owner Request,2023-05-22,2023-06-08,2023-06-28,2023-06-14,2023-06-18,2023-06-20,Approved,299000,281000,286000,0,0,0,Final,Construction Change Directive,2023-06-21,Equipment
CO-00188,PRJ-016,CO-009,Owner-Directed Change - Architectural Area D7,Owner-Directed Change,Owner,Architectural,Additive,Owner Request,2024-04-01,2024-04-06,2024-04-26,2024-04-17,,,Pending,1151000,,,13,0,0,ROM,None,,Metals
CO-00189,PRJ-016,CO-010,Unforeseen Condition - Civil Area C3,Unforeseen Condition,Subcontractor,Civil,Deductive,Field Condition,2024-06-10,2024-06-12,2024-07-02,2024-06-29,2024-07-21,2024-07-31,Approved,-131000,-112000,-108000,0,0,1,Final,Construction Change Directive,2024-07-24,Equipment
CO-00190,PRJ-016,CO-011,Unforeseen Condition - Fire Protection Area C8,Unforeseen Condition,Subcontractor,Fire Protection,Zero-Cost,Field Condition,2023-01-22,2023-01-28,2023-02-17,2023-02-12,2023-02-27,2023-03-09,Approved,0,0,0,0,0,1,Final,Owner Authorization,2023-03-06,Concrete
CO-00191,PRJ-016,CO-012,Design Error or Omission - Electrical Area C7,Design Error or Omission,Architect,Electrical,Additive,Submittal Review,2022-01-07,2022-01-11,2022-01-31,2022-02-12,,2022-03-17,Rejected,351000,218000,0,0,0,1,Final,None,,Envelope
CO-00192,PRJ-016,CO-013,Substitution - Mechanical Area D10,Substitution,General Contractor,Mechanical,Additive,Submittal Review,2023-05-20,2023-07-09,2023-07-29,2023-08-01,2023-08-20,2023-08-28,Approved,564000,506000,497000,0,0,1,Final,Owner Authorization,2023-08-23,Concrete
CO-00193,PRJ-016,CO-014,Unforeseen Condition - Specialty Systems Area B2,Unforeseen Condition,General Contractor,Specialty Systems,Additive,Field Condition,2023-05-07,2023-05-10,2023-05-30,2023-06-14,,2023-07-01,Rejected,595000,263000,0,0,0,1,Final,None,,Sitework
CO-00194,PRJ-016,CO-015,Code or Regulatory Requirement - Electrical Area A2,Code or Regulatory Requirement,Architect,Electrical,Additive,Schedule Recovery,2022-05-09,2022-05-12,2022-06-01,2022-05-31,,2022-06-11,Withdrawn,1671000,,0,0,0,0,Pricing in Progress,None,,Envelope
CO-00195,PRJ-016,CO-016,Owner-Directed Change - Mechanical Area D4,Owner-Directed Change,Owner,Mechanical,Additive,Owner Request,2024-06-26,2024-07-02,2024-07-22,2024-07-26,2024-08-19,2024-08-23,Approved,303000,268000,271000,0,0,1,Final,Owner Authorization,,General Conditions
CO-00196,PRJ-016,CO-017,Unforeseen Condition - General Area B9,Unforeseen Condition,Engineer,General,Additive,RFI,2023-01-30,2023-02-05,2023-02-25,2023-03-02,2023-03-24,2023-03-26,Approved,1910000,1722000,1690000,5,4,2,Final,Construction Change Directive,2023-03-30,Concrete
CO-00197,PRJ-016,CO-018,Design Error or Omission - Specialty Systems Area D1,Design Error or Omission,Architect,Specialty Systems,Additive,Submittal Review,2024-05-20,2024-05-30,2024-06-19,2024-06-15,,,Pending,141000,,,0,0,1,Submitted,None,,MEP
CO-00198,PRJ-016,CO-019,Code or Regulatory Requirement - Plumbing Area B8,Code or Regulatory Requirement,General Contractor,Plumbing,Time Only,Owner Request,2022-03-01,2022-03-14,2022-04-03,2022-04-02,2022-04-20,2022-04-28,Approved,0,0,0,1,0,0,Final,Owner Authorization,2022-04-25,General Conditions
CO-00199,PRJ-017,CO-001,Schedule Acceleration - Specialty Systems Area B8,Schedule Acceleration,Architect,Specialty Systems,Deductive,Design Revision,2023-04-04,2023-04-14,2023-05-04,2023-05-15,2023-06-04,2023-06-08,Approved,-526000,-497000,-495000,0,0,2,Final,Field Directive,2023-06-19,Sitework
CO-00200,PRJ-017,CO-002,Substitution - Mechanical Area B8,Substitution,Subcontractor,Mechanical,Time Only,RFI,2023-03-25,2023-03-31,2023-04-20,2023-04-15,2023-05-13,2023-05-22,Approved,0,0,0,3,2,1,Final,Owner Authorization,2023-05-19,Specialties
CO-00201,PRJ-017,CO-003,Unforeseen Condition - Architectural Area A5,Unforeseen Condition,Construction Manager,Architectural,Additive,RFI,2022-06-26,2022-07-03,2022-07-23,2022-08-17,,,Pending,188000,190000,,0,0,0,Submitted,None,,Equipment
CO-00202,PRJ-017,CO-004,Value Engineering - Architectural Area D9,Value Engineering,Engineer,Architectural,Deductive,RFI,2023-07-20,2023-07-23,2023-08-12,2023-08-08,,2023-09-07,Withdrawn,-285000,,0,0,0,1,Submitted,None,,MEP
CO-00203,PRJ-017,CO-005,Scope Clarification - Mechanical Area A6,Scope Clarification,Architect,Mechanical,Additive,RFI,2023-06-04,2023-06-17,2023-07-07,2023-06-30,2023-07-12,2023-07-20,Approved,135000,116000,117000,0,0,0,Final,Executed Change Order,2023-07-15,Interiors
CO-00204,PRJ-017,CO-006,Code or Regulatory Requirement - Controls Area A10,Code or Regulatory Requirement,Authority Having Jurisdiction,Controls,Additive,Schedule Recovery,2023-06-13,2023-06-25,2023-07-15,2023-07-10,,,Pending,267000,,,7,0,0,Pricing in Progress,None,,MEP
CO-00205,PRJ-017,CO-007,Design Error or Omission - Electrical Area C8,Design Error or Omission,Construction Manager,Electrical,Additive,RFI,2023-01-25,2023-02-11,2023-03-03,2023-02-25,,,Pending,380000,,,0,0,0,Pricing in Progress,None,,Metals
CO-00206,PRJ-017,CO-008,Owner-Directed Change - Plumbing Area C3,Owner-Directed Change,General Contractor,Plumbing,Time Only,Owner Request,2022-05-29,2022-06-06,2022-06-26,2022-06-18,2022-06-27,2022-06-30,Approved,0,0,0,15,11,0,Final,Owner Authorization,2022-07-02,MEP
CO-00207,PRJ-017,CO-009,Scope Clarification - Fire Protection Area C1,Scope Clarification,General Contractor,Fire Protection,Deductive,Owner Request,2023-07-31,2023-08-08,2023-08-28,2023-09-12,,2023-10-04,Rejected,-136000,-71000,0,8,0,1,Final,None,,MEP
CO-00208,PRJ-017,CO-010,Value Engineering - Plumbing Area B7,Value Engineering,Engineer,Plumbing,Additive,Schedule Recovery,2023-11-27,2023-12-10,2023-12-30,2023-12-20,2024-01-08,2024-01-12,Approved,344000,335000,324000,6,5,1,Final,Construction Change Directive,2024-01-13,MEP
CO-00209,PRJ-017,CO-011,Design Error or Omission - Mechanical Area D7,Design Error or Omission,Architect,Mechanical,Additive,Submittal Review,2022-05-04,2022-05-10,2022-05-30,2022-06-11,,,Pending,311000,251000,,0,0,1,Pricing in Progress,None,,MEP
CO-00210,PRJ-017,CO-012,Quantity Variation - Specialty Systems Area D6,Quantity Variation,Owner,Specialty Systems,Additive,Owner Request,2023-10-04,2023-10-12,2023-11-01,2023-10-31,,2023-11-21,Rejected,1839000,954000,0,0,0,1,Final,None,,Metals
CO-00211,PRJ-017,CO-013,Value Engineering - Architectural Area D6,Value Engineering,Owner,Architectural,Additive,Owner Request,2022-11-14,2022-11-25,2022-12-15,2022-12-07,2022-12-26,2023-01-02,Approved,115000,109000,107000,0,0,0,Final,Field Directive,,Metals
CO-00212,PRJ-017,CO-014,Scope Clarification - Controls Area D7,Scope Clarification,General Contractor,Controls,Time Only,RFI,2022-06-24,2022-06-30,2022-07-20,2022-07-25,,2022-08-12,Rejected,0,0,0,8,0,0,Final,None,,General Conditions
CO-00213,PRJ-017,CO-015,Owner-Directed Change - Controls Area C10,Owner-Directed Change,Owner,Controls,Additive,Owner Request,2022-10-31,2022-11-15,2022-12-05,2022-11-30,2022-12-25,2022-12-28,Approved,649000,617000,601000,0,0,0,Final,Executed Change Order,2023-01-01,General Conditions
CO-00214,PRJ-017,CO-016,Code or Regulatory Requirement - General Area D1,Code or Regulatory Requirement,Engineer,General,Additive,Design Revision,2022-04-07,2022-05-04,2022-05-24,2022-05-21,2022-06-02,2022-06-10,Approved,186000,142000,141000,0,0,0,Final,Construction Change Directive,2022-06-07,Interiors
CO-00215,PRJ-017,CO-017,Substitution - Plumbing Area C10,Substitution,General Contractor,Plumbing,Additive,Field Condition,2023-08-26,2023-09-08,2023-09-28,2023-09-19,2023-10-10,2023-10-20,Approved,142000,116000,,0,0,0,Final,Executed Change Order,2023-10-13,MEP
CO-00216,PRJ-017,CO-018,Quantity Variation - Structural Area C7,Quantity Variation,Architect,Structural,Deductive,RFI,2023-12-05,2023-12-12,2024-01-01,2023-12-25,2024-01-12,2024-01-15,Approved,-39000,-40000,-40000,0,0,0,Final,Owner Authorization,2024-01-21,Interiors
CO-00217,PRJ-018,CO-001,Code or Regulatory Requirement - General Area C3,Code or Regulatory Requirement,General Contractor,General,Additive,Schedule Recovery,2022-02-23,2022-02-27,2022-03-19,2022-03-05,2022-03-09,2022-03-14,Approved,896000,855000,839000,0,0,0,Final,Owner Authorization,2022-03-14,Concrete
CO-00218,PRJ-018,CO-002,Owner-Directed Change - General Area D6,Owner-Directed Change,Engineer,General,Additive,Owner Request,2022-03-13,2022-03-15,2022-04-04,2022-03-26,2022-04-01,2022-04-06,Approved,2170000,1797000,1811000,0,0,0,Final,Construction Change Directive,2022-04-09,Interiors
CO-00219,PRJ-018,CO-003,Owner-Directed Change - Specialty Systems Area A3,Owner-Directed Change,Owner,Specialty Systems,Additive,Owner Request,2022-02-14,2022-02-16,2022-03-08,2022-02-22,2022-03-01,2022-03-04,Approved,855000,717000,692000,0,0,0,Final,Field Directive,2022-03-09,Sitework
CO-00220,PRJ-018,CO-004,Substitution - Specialty Systems Area C2,Substitution,Engineer,Specialty Systems,Additive,Schedule Recovery,2022-01-18,2022-01-23,2022-02-12,2022-01-25,,,Pending,150000,159000,,0,0,0,ROM,None,,Envelope
CO-00221,PRJ-018,CO-005,Unforeseen Condition - Structural Area B1,Unforeseen Condition,General Contractor,Structural,Time Only,Field Condition,2022-04-25,2022-04-26,2022-05-16,2022-05-09,2022-05-15,2022-05-18,Approved,0,0,0,3,2,1,Final,Executed Change Order,2022-05-21,General Conditions
CO-00222,PRJ-018,CO-006,Value Engineering - Architectural Area D1,Value Engineering,Architect,Architectural,Additive,RFI,2022-02-13,2022-02-21,2022-03-13,2022-02-27,2022-03-04,2022-03-12,Approved,416000,392000,384000,0,0,0,Final,Construction Change Directive,2022-03-09,Specialties
CO-00223,PRJ-018,CO-007,Value Engineering - General Area C6,Value Engineering,Subcontractor,General,Additive,Owner Request,2022-04-07,2022-04-09,2022-04-29,2022-04-26,2022-05-04,2022-05-06,Approved,1258000,1241000,1217000,5,4,1,Final,Construction Change Directive,2022-05-10,MEP
CO-00224,PRJ-018,CO-008,Owner-Directed Change - Controls Area D5,Owner-Directed Change,Owner,Controls,Time Only,Owner Request,2022-04-07,2022-05-02,2022-05-22,2022-05-10,2022-05-22,2022-05-24,Approved,0,0,0,8,5,1,Final,Executed Change Order,2022-05-26,Metals
CO-00225,PRJ-018,CO-009,Owner-Directed Change - Specialty Systems Area D2,Owner-Directed Change,General Contractor,Specialty Systems,Additive,Owner Request,2022-03-01,2022-03-05,2022-03-25,2022-03-11,2022-03-15,2022-03-24,Approved,5386000,4503000,4424000,0,0,0,Final,Owner Authorization,2022-03-21,Interiors
CO-00226,PRJ-019,CO-001,Unforeseen Condition - Structural Area C4,Unforeseen Condition,Owner,Structural,Additive,RFI,2023-03-13,2023-03-20,2023-04-09,2023-04-01,2023-04-13,2023-04-22,Approved,1047000,904000,920000,0,0,1,Final,Field Directive,2023-04-18,Sitework
CO-00227,PRJ-019,CO-002,Design Error or Omission - Specialty Systems Area D10,Design Error or Omission,General Contractor,Specialty Systems,Additive,RFI,2024-07-03,2024-07-11,2024-07-31,2024-07-23,2024-08-12,2024-08-19,Approved,832000,728000,719000,0,0,1,Final,Executed Change Order,2024-08-24,MEP
CO-00228,PRJ-019,CO-003,Substitution - Specialty Systems Area B4,Substitution,Construction Manager,Specialty Systems,Additive,RFI,2022-11-07,2022-11-11,2022-12-01,2022-11-25,,,Pending,484000,412000,,0,0,0,Submitted,None,,MEP
CO-00229,PRJ-019,CO-004,Quantity Variation - Architectural Area C9,Quantity Variation,Construction Manager,Architectural,Additive,Schedule Recovery,2023-09-07,2023-09-18,2023-10-08,2023-10-11,,,Pending,469000,,,8,0,0,Submitted,None,,Concrete
CO-00230,PRJ-019,CO-005,Design Error or Omission - Architectural Area C3,Design Error or Omission,Architect,Architectural,Additive,RFI,2022-10-24,2022-10-28,2022-11-17,2022-11-11,2022-11-30,2022-12-03,Approved,6541000,6044000,6032000,0,0,0,Final,Executed Change Order,2022-12-09,Equipment
CO-00231,PRJ-019,CO-006,Scope Clarification - Plumbing Area D3,Scope Clarification,Subcontractor,Plumbing,Zero-Cost,Design Revision,2023-02-02,2023-02-17,2023-03-09,2023-03-18,,,Pending,0,,,0,0,0,Negotiating,None,,Envelope
CO-00232,PRJ-019,CO-007,Design Error or Omission - Fire Protection Area C2,Design Error or Omission,Construction Manager,Fire Protection,Additive,Design Revision,2023-12-22,2024-01-04,2024-01-24,2024-01-19,,,Pending,253000,,,2,0,2,Pricing in Progress,None,,MEP
CO-00233,PRJ-019,CO-008,Design Error or Omission - General Area D8,Design Error or Omission,Engineer,General,Zero-Cost,RFI,2023-07-01,2023-07-04,2023-07-24,2023-07-21,2023-08-19,2023-08-21,Approved,0,0,0,25,14,1,Final,Executed Change Order,2023-08-21,Envelope
CO-00234,PRJ-019,CO-009,Owner-Directed Change - Civil Area D7,Owner-Directed Change,Owner,Civil,Time Only,Owner Request,2023-03-18,2023-03-26,2023-04-15,2023-04-18,2023-04-30,2023-05-03,Approved,0,0,0,9,5,1,Final,Construction Change Directive,2023-05-05,Sitework
CO-00235,PRJ-019,CO-010,Owner-Directed Change - Architectural Area C4,Owner-Directed Change,Owner,Architectural,Zero-Cost,Owner Request,2024-07-26,2024-08-01,2024-08-21,2024-09-05,2024-09-21,2024-09-29,Approved,0,0,0,0,0,2,Final,Owner Authorization,2024-09-29,Interiors
CO-00236,PRJ-019,CO-011,Substitution - Specialty Systems Area B3,Substitution,Authority Having Jurisdiction,Specialty Systems,Additive,Owner Request,2023-08-19,2023-08-29,2023-09-18,2023-09-04,,,Pending,981000,,,0,0,0,ROM,None,,Interiors
CO-00237,PRJ-019,CO-012,Quantity Variation - Controls Area A8,Quantity Variation,Architect,Controls,Zero-Cost,Schedule Recovery,2024-05-08,2024-05-19,2024-06-08,2024-05-30,2024-06-06,2024-06-10,Approved,0,0,0,0,0,1,Final,Owner Authorization,,Specialties
CO-00238,PRJ-019,CO-013,Unforeseen Condition - Plumbing Area A5,Unforeseen Condition,General Contractor,Plumbing,Additive,RFI,2024-05-18,2024-05-27,2024-06-16,2024-06-28,,2024-07-12,Withdrawn,968000,,0,2,0,0,Pricing in Progress,None,,Interiors
CO-00239,PRJ-019,CO-014,Unforeseen Condition - Specialty Systems Area C10,Unforeseen Condition,Engineer,Specialty Systems,Additive,Field Condition,2025-02-13,2025-03-02,2025-03-22,2025-03-26,2025-04-15,2025-04-23,Approved,4547000,4504000,4565000,0,0,1,Final,Field Directive,2025-04-22,General Conditions
CO-00240,PRJ-019,CO-015,Substitution - Specialty Systems Area C7,Substitution,Engineer,Specialty Systems,Additive,Submittal Review,2024-11-14,2024-11-16,2024-12-06,2024-12-21,2025-01-20,2025-01-26,Approved,602000,533000,512000,0,0,2,Final,Owner Authorization,2025-01-26,General Conditions
CO-00241,PRJ-019,CO-016,Owner-Directed Change - General Area D5,Owner-Directed Change,Authority Having Jurisdiction,General,Zero-Cost,Owner Request,2023-02-07,2023-02-15,2023-03-07,2023-03-01,2023-03-22,2023-03-24,Approved,0,0,0,10,5,1,Final,Executed Change Order,2023-03-29,Metals
CO-00242,PRJ-019,CO-017,Code or Regulatory Requirement - Plumbing Area A4,Code or Regulatory Requirement,Construction Manager,Plumbing,Additive,Owner Request,2025-01-11,2025-01-16,2025-02-05,2025-01-23,2025-01-30,2025-02-03,Approved,1418000,1439000,1405000,11,9,0,Final,Field Directive,2025-02-01,MEP
CO-00243,PRJ-019,CO-018,Owner-Directed Change - Electrical Area B9,Owner-Directed Change,Owner,Electrical,Additive,Owner Request,2023-12-14,2023-12-21,2024-01-10,2024-01-08,2024-01-29,2024-01-30,Approved,2462000,1879000,1806000,0,0,0,Final,Executed Change Order,2024-02-16,General Conditions
CO-00244,PRJ-019,CO-019,Owner-Directed Change - Civil Area B10,Owner-Directed Change,Owner,Civil,Additive,Owner Request,2023-09-28,2023-10-03,2023-10-23,2023-10-09,2023-10-18,2023-10-22,Approved,332000,340000,337000,6,5,0,Final,Executed Change Order,2023-10-25,MEP
CO-00245,PRJ-019,CO-020,Design Error or Omission - Architectural Area C4,Design Error or Omission,Engineer,Architectural,Zero-Cost,Submittal Review,2025-02-12,2025-02-23,2025-03-15,2025-03-05,2025-03-16,2025-03-23,Approved,0,0,0,13,9,1,Final,Construction Change Directive,2025-03-17,Envelope
CO-00246,PRJ-019,CO-021,Code or Regulatory Requirement - Electrical Area C9,Code or Regulatory Requirement,Construction Manager,Electrical,Additive,Design Revision,2024-01-29,2024-02-12,2024-03-03,2024-02-21,,,Pending,579000,,,6,0,0,Submitted,None,,MEP
CO-00247,PRJ-019,CO-022,Value Engineering - Electrical Area C4,Value Engineering,Engineer,Electrical,Additive,RFI,2023-10-27,2023-11-16,2023-12-06,2023-12-10,,,Pending,945000,,,2,0,0,Negotiating,None,,General Conditions
CO-00248,PRJ-019,CO-023,Design Error or Omission - Mechanical Area C10,Design Error or Omission,Construction Manager,Mechanical,Additive,Design Revision,2024-10-06,2024-10-27,2024-11-16,2024-12-02,2024-12-31,2025-01-09,Approved,2003000,1882000,1885000,0,0,1,Final,Executed Change Order,2025-01-04,MEP
CO-00249,PRJ-020,CO-001,Design Error or Omission - Architectural Area B1,Design Error or Omission,Architect,Architectural,Additive,RFI,2023-03-18,2023-03-26,2023-04-15,2023-04-05,2023-04-20,2023-04-28,Approved,453000,406000,399000,0,0,1,Final,Executed Change Order,2023-04-29,General Conditions
CO-00250,PRJ-020,CO-002,Quantity Variation - Structural Area D5,Quantity Variation,Construction Manager,Structural,Additive,Design Revision,2024-07-26,2024-08-03,2024-08-23,2024-08-05,,2024-08-15,Rejected,173000,129000,0,0,0,0,Final,None,,General Conditions
CO-00251,PRJ-020,CO-003,Owner-Directed Change - Architectural Area A3,Owner-Directed Change,Owner,Architectural,Additive,Owner Request,2023-03-10,2023-03-16,2023-04-05,2023-03-28,2023-04-06,2023-04-11,Approved,162000,129000,125000,0,0,1,Final,Executed Change Order,2023-04-07,MEP
CO-00252,PRJ-020,CO-004,Unforeseen Condition - Specialty Systems Area C4,Unforeseen Condition,General Contractor,Specialty Systems,Additive,RFI,2023-08-22,2023-08-25,2023-09-14,2023-09-02,2023-09-08,2023-09-14,Approved,280000,236000,237000,0,0,0,Final,Executed Change Order,2023-09-17,MEP
CO-00253,PRJ-020,CO-005,Unforeseen Condition - Fire Protection Area A2,Unforeseen Condition,Engineer,Fire Protection,Additive,Field Condition,2024-01-30,2024-02-02,2024-02-22,2024-02-16,,2024-03-02,Rejected,246000,203000,0,16,0,0,Final,None,,MEP
CO-00254,PRJ-020,CO-006,Value Engineering - Civil Area C8,Value Engineering,General Contractor,Civil,Additive,RFI,2023-11-22,2023-12-01,2023-12-21,2023-12-06,,,Pending,46000,,,35,0,0,Negotiating,None,,Interiors
CO-00255,PRJ-020,CO-007,Unforeseen Condition - Civil Area D9,Unforeseen Condition,Subcontractor,Civil,Deductive,Field Condition,2024-10-11,2024-10-13,2024-11-02,2024-10-16,2024-10-22,2024-10-25,Approved,-572000,-588000,-598000,6,3,0,Final,Construction Change Directive,2024-10-23,Sitework
CO-00256,PRJ-020,CO-008,Substitution - Controls Area C8,Substitution,Construction Manager,Controls,Additive,Design Revision,2023-03-02,2023-03-08,2023-03-28,2023-03-11,2023-03-14,2023-03-22,Approved,320000,332000,333000,0,0,0,Final,Executed Change Order,2023-03-16,Interiors
CO-00257,PRJ-020,CO-009,Unforeseen Condition - Fire Protection Area C3,Unforeseen Condition,General Contractor,Fire Protection,Additive,Field Condition,2023-07-20,2023-07-26,2023-08-15,2023-08-06,2023-08-15,2023-08-20,Approved,797000,786000,760000,24,21,1,Final,Owner Authorization,2023-08-16,MEP
CO-00258,PRJ-020,CO-010,Design Error or Omission - Electrical Area B6,Design Error or Omission,Architect,Electrical,Additive,Submittal Review,2024-03-21,2024-03-25,2024-04-14,2024-04-09,,2024-04-25,Rejected,681000,536000,0,6,0,2,Final,None,,Interiors
CO-00259,PRJ-020,CO-011,Schedule Acceleration - Controls Area D1,Schedule Acceleration,Construction Manager,Controls,Additive,Field Condition,2023-05-28,2023-06-03,2023-06-23,2023-06-08,,2023-06-17,Rejected,2141000,1641000,0,12,0,0,Final,None,,General Conditions
CO-00260,PRJ-020,CO-012,Scope Clarification - Controls Area D5,Scope Clarification,Architect,Controls,Additive,Design Revision,2024-11-26,2024-12-07,2024-12-27,2024-12-12,,,Pending,125000,,,0,0,0,Negotiating,None,,Interiors
CO-00261,PRJ-020,CO-013,Quantity Variation - General Area B4,Quantity Variation,Engineer,General,Additive,Owner Request,2024-10-15,2024-10-20,2024-11-09,2024-10-28,,,Pending,1076000,869000,,4,0,0,Pricing in Progress,None,,Concrete
CO-00262,PRJ-020,CO-014,Code or Regulatory Requirement - Structural Area A4,Code or Regulatory Requirement,General Contractor,Structural,Additive,Design Revision,2023-04-17,2023-04-22,2023-05-12,2023-05-06,2023-05-15,2023-05-23,Approved,503000,398000,399000,0,0,1,Final,Executed Change Order,2023-05-19,Metals
CO-00263,PRJ-020,CO-015,Schedule Acceleration - Fire Protection Area A8,Schedule Acceleration,Subcontractor,Fire Protection,Additive,Design Revision,2024-04-18,2024-04-22,2024-05-12,2024-04-29,,2024-05-09,Withdrawn,999000,,0,0,0,0,Submitted,None,,MEP
CO-00264,PRJ-021,CO-001,Code or Regulatory Requirement - Civil Area C8,Code or Regulatory Requirement,Engineer,Civil,Additive,Schedule Recovery,2023-01-28,2023-02-05,2023-02-25,2023-02-27,2023-04-05,2023-04-10,Approved,40000,40000,39000,1,0,2,Final,Owner Authorization,2023-04-25,Specialties
CO-00265,PRJ-021,CO-002,Substitution - Electrical Area C1,Substitution,General Contractor,Electrical,Time Only,Field Condition,2023-05-07,2023-05-16,2023-06-05,2023-06-09,2023-06-29,2023-07-01,Approved,0,0,0,26,22,1,Final,Field Directive,2023-07-05,Metals
CO-00266,PRJ-021,CO-003,Code or Regulatory Requirement - Plumbing Area B5,Code or Regulatory Requirement,Subcontractor,Plumbing,Additive,RFI,2022-06-25,2022-06-29,2022-07-19,2022-07-12,2022-07-23,2022-08-02,Approved,917000,697000,669000,5,5,0,Final,Field Directive,2022-08-09,Sitework
CO-00267,PRJ-021,CO-004,Unforeseen Condition - Mechanical Area C4,Unforeseen Condition,Subcontractor,Mechanical,Additive,RFI,2023-07-18,2023-07-24,2023-08-13,2023-08-08,2023-08-22,2023-08-23,Approved,582000,528000,515000,6,4,0,Final,Executed Change Order,2023-09-05,Metals
CO-00268,PRJ-021,CO-005,Unforeseen Condition - General Area A9,Unforeseen Condition,General Contractor,General,Time Only,Field Condition,2023-11-24,2023-11-29,2023-12-19,2023-12-21,2024-01-22,2024-02-01,Approved,0,0,0,4,3,1,Final,Owner Authorization,2024-01-27,Sitework
CO-00269,PRJ-021,CO-006,Value Engineering - Plumbing Area A8,Value Engineering,Subcontractor,Plumbing,Additive,Design Revision,2023-02-14,2023-02-19,2023-03-11,2023-04-02,2023-05-08,2023-05-13,Approved,250000,199000,197000,0,0,1,Final,Field Directive,2023-05-13,General Conditions
CO-00270,PRJ-021,CO-007,Owner-Directed Change - Specialty Systems Area D3,Owner-Directed Change,Owner,Specialty Systems,Additive,Owner Request,2023-03-04,2023-03-08,2023-03-28,2023-03-31,2023-04-10,2023-04-18,Approved,232000,187000,190000,0,0,1,Final,Field Directive,,MEP
CO-00271,PRJ-021,CO-008,Scope Clarification - Controls Area B2,Scope Clarification,Engineer,Controls,Additive,Design Revision,2023-01-10,2023-01-21,2023-02-10,2023-01-31,2023-02-05,2023-02-06,Approved,265000,225000,223000,0,0,0,Final,Executed Change Order,2023-02-26,Interiors
CO-00272,PRJ-021,CO-009,Unforeseen Condition - Civil Area C6,Unforeseen Condition,Subcontractor,Civil,Additive,RFI,2023-08-04,2023-08-14,2023-09-03,2023-08-25,2023-09-07,2023-09-11,Approved,395000,360000,365000,0,0,0,Final,Owner Authorization,2023-09-22,Interiors
CO-00273,PRJ-021,CO-010,Substitution - Structural Area A6,Substitution,Subcontractor,Structural,Additive,RFI,2022-05-21,2022-06-05,2022-06-25,2022-06-11,,,Pending,44000,,,0,0,0,Negotiating,None,,Concrete
CO-00274,PRJ-021,CO-011,Substitution - Plumbing Area D5,Substitution,Construction Manager,Plumbing,Additive,RFI,2023-08-27,2023-09-05,2023-09-25,2023-09-26,,,Pending,137000,108000,,0,0,1,Negotiating,None,,Metals
CO-00275,PRJ-021,CO-012,Design Error or Omission - Mechanical Area A10,Design Error or Omission,Architect,Mechanical,Deductive,Submittal Review,2022-11-14,2022-11-17,2022-12-07,2022-12-24,,2023-01-10,Withdrawn,-134000,,0,0,0,1,Submitted,None,,Specialties
CO-00276,PRJ-021,CO-013,Design Error or Omission - Mechanical Area D8,Design Error or Omission,Engineer,Mechanical,Deductive,Design Revision,2022-08-29,2022-08-31,2022-09-20,2022-09-15,2022-09-22,2022-09-27,Approved,-106000,-109000,-107000,0,0,0,Final,Executed Change Order,2022-09-26,MEP
CO-00277,PRJ-021,CO-014,Owner-Directed Change - Mechanical Area A1,Owner-Directed Change,General Contractor,Mechanical,Deductive,Owner Request,2023-06-14,2023-06-21,2023-07-11,2023-06-28,2023-07-10,2023-07-16,Approved,-276000,-229000,-221000,0,0,0,Final,Owner Authorization,2023-07-13,Equipment
CO-00278,PRJ-022,CO-001,Schedule Acceleration - Controls Area B10,Schedule Acceleration,Engineer,Controls,Additive,RFI,2022-01-15,2022-01-18,2022-02-07,2022-01-31,2022-02-07,2022-02-16,Approved,1089000,893000,892000,0,0,0,Final,Owner Authorization,2022-02-10,Concrete
CO-00279,PRJ-022,CO-002,Unforeseen Condition - Civil Area A1,Unforeseen Condition,General Contractor,Civil,Additive,Field Condition,2022-03-10,2022-03-14,2022-04-03,2022-03-22,2022-03-30,2022-04-07,Approved,410000,418000,415000,4,3,1,Final,Owner Authorization,2022-04-01,MEP
CO-00280,PRJ-022,CO-003,Scope Clarification - Architectural Area A4,Scope Clarification,Construction Manager,Architectural,Zero-Cost,Owner Request,2022-06-22,2022-06-30,2022-07-20,2022-07-07,,,Pending,0,,,0,0,1,Submitted,None,,Specialties
CO-00281,PRJ-022,CO-004,Unforeseen Condition - Electrical Area D9,Unforeseen Condition,Engineer,Electrical,Additive,RFI,2022-01-29,2022-01-30,2022-02-19,2022-02-07,2022-02-12,2022-02-20,Approved,158000,140000,142000,0,0,0,Final,Executed Change Order,2022-02-19,General Conditions
CO-00282,PRJ-022,CO-005,Quantity Variation - Civil Area A1,Quantity Variation,Owner,Civil,Additive,Field Condition,2022-02-06,2022-02-10,2022-03-02,2022-02-19,2022-02-27,2022-03-01,Approved,708000,720000,716000,3,2,0,Final,Executed Change Order,2022-03-07,General Conditions
CO-00283,PRJ-022,CO-006,Design Error or Omission - Civil Area C6,Design Error or Omission,Engineer,Civil,Additive,Design Revision,2022-03-03,2022-03-04,2022-03-24,2022-03-07,2022-03-13,2022-03-23,Approved,430000,377000,382000,0,0,0,Final,Owner Authorization,2022-03-18,Interiors
CO-00284,PRJ-022,CO-007,Substitution - Fire Protection Area B8,Substitution,Engineer,Fire Protection,Additive,Submittal Review,2022-05-30,2022-05-31,2022-06-20,2022-06-05,2022-06-14,2022-06-20,Approved,710000,600000,604000,16,9,0,Final,Executed Change Order,2022-06-26,Sitework
CO-00285,PRJ-022,CO-008,Unforeseen Condition - Structural Area A3,Unforeseen Condition,General Contractor,Structural,Zero-Cost,RFI,2022-01-03,2022-01-05,2022-01-25,2022-01-09,2022-01-16,2022-01-24,Approved,0,0,0,0,0,0,Final,Executed Change Order,,Interiors
CO-00286,PRJ-022,CO-009,Scope Clarification - Mechanical Area A10,Scope Clarification,Subcontractor,Mechanical,Additive,RFI,2022-01-08,2022-01-16,2022-02-05,2022-02-02,,,Pending,403000,,,2,0,1,Submitted,None,,Sitework
CO-00287,PRJ-022,CO-010,Code or Regulatory Requirement - Plumbing Area D9,Code or Regulatory Requirement,Engineer,Plumbing,Zero-Cost,Field Condition,2022-04-18,2022-04-21,2022-05-11,2022-04-26,,2022-04-30,Withdrawn,0,,0,0,0,0,Submitted,None,,General Conditions
CO-00288,PRJ-023,CO-001,Unforeseen Condition - Electrical Area D2,Unforeseen Condition,Architect,Electrical,Additive,Field Condition,2024-05-30,2024-06-13,2024-07-03,2024-07-31,2024-08-23,2024-08-27,Approved,47000,40000,39000,0,0,1,Final,Owner Authorization,2024-08-29,Interiors
CO-00289,PRJ-023,CO-002,Owner-Directed Change - Controls Area A1,Owner-Directed Change,General Contractor,Controls,Additive,Owner Request,2024-07-22,2024-07-28,2024-08-17,2024-08-22,,2024-09-19,Rejected,207000,167000,0,13,0,1,Final,None,,Interiors
CO-00290,PRJ-023,CO-003,Scope Clarification - Controls Area B6,Scope Clarification,Construction Manager,Controls,Time Only,Schedule Recovery,2024-07-19,2024-08-06,2024-08-26,2024-08-30,2024-09-18,2024-09-22,Approved,0,0,0,4,3,2,Final,Owner Authorization,2024-09-22,Concrete
CO-00291,PRJ-023,CO-004,Quantity Variation - Architectural Area C2,Quantity Variation,Subcontractor,Architectural,Additive,RFI,2023-02-21,2023-02-27,2023-03-19,2023-03-11,2023-03-28,2023-04-01,Approved,56000,43000,43000,4,2,0,Final,Executed Change Order,2023-03-31,Sitework
CO-00292,PRJ-023,CO-005,Unforeseen Condition - Mechanical Area C5,Unforeseen Condition,Subcontractor,Mechanical,Deductive,RFI,2024-05-17,2024-05-22,2024-06-11,2024-06-06,2024-06-30,2024-07-07,Approved,-298000,-305000,-294000,4,3,1,Final,Owner Authorization,2024-07-04,MEP
CO-00293,PRJ-023,CO-006,Substitution - Architectural Area A1,Substitution,Authority Having Jurisdiction,Architectural,Additive,Schedule Recovery,2022-11-28,2022-12-03,2022-12-23,2023-01-17,2023-02-23,2023-03-05,Approved,43000,33000,33000,6,5,2,Final,Executed Change Order,2023-02-28,Interiors
CO-00294,PRJ-023,CO-007,Design Error or Omission - Structural Area C1,Design Error or Omission,Architect,Structural,Additive,Submittal Review,2023-03-22,2023-03-25,2023-04-14,2023-04-13,2023-04-24,2023-04-30,Approved,108000,98000,97000,0,0,0,Final,Owner Authorization,2023-05-18,MEP
CO-00295,PRJ-023,CO-008,Unforeseen Condition - Architectural Area A7,Unforeseen Condition,General Contractor,Architectural,Additive,Field Condition,2022-11-28,2022-12-12,2023-01-01,2022-12-26,2023-01-02,2023-01-11,Approved,37000,31000,30000,0,0,0,Final,Owner Authorization,2023-01-08,General Conditions
CO-00296,PRJ-023,CO-009,Unforeseen Condition - Mechanical Area B4,Unforeseen Condition,Construction Manager,Mechanical,Additive,RFI,2023-07-26,2023-08-09,2023-08-29,2023-08-30,2023-09-08,2023-09-18,Approved,155000,138000,136000,6,3,1,Final,Owner Authorization,2023-09-12,Specialties
CO-00297,PRJ-023,CO-010,Design Error or Omission - Electrical Area C1,Design Error or Omission,Engineer,Electrical,Zero-Cost,Submittal Review,2024-10-12,2024-10-21,2024-11-10,2024-11-06,2024-12-02,2024-12-12,Approved,0,0,0,0,0,0,Final,Executed Change Order,2024-12-14,Equipment
CO-00298,PRJ-023,CO-011,Code or Regulatory Requirement - Specialty Systems Area A9,Code or Regulatory Requirement,General Contractor,Specialty Systems,Additive,Schedule Recovery,2024-10-12,2024-10-19,2024-11-08,2024-11-09,2024-11-27,2024-12-01,Approved,140000,113000,113000,0,0,0,Final,Executed Change Order,2024-12-07,MEP
CO-00299,PRJ-023,CO-012,Unforeseen Condition - Electrical Area C3,Unforeseen Condition,General Contractor,Electrical,Additive,Field Condition,2024-04-01,2024-04-09,2024-04-29,2024-04-21,2024-05-08,2024-05-12,Approved,35000,33000,33000,11,10,0,Final,Executed Change Order,2024-05-26,Specialties
CO-00300,PRJ-023,CO-013,Unforeseen Condition - Mechanical Area D1,Unforeseen Condition,Construction Manager,Mechanical,Zero-Cost,Field Condition,2023-09-30,2023-10-04,2023-10-24,2023-10-24,,2023-11-10,Rejected,0,0,0,0,0,1,Final,None,,MEP
CO-00301,PRJ-023,CO-014,Scope Clarification - General Area D7,Scope Clarification,Authority Having Jurisdiction,General,Time Only,Design Revision,2024-02-11,2024-03-26,2024-04-15,2024-03-30,2024-04-08,2024-04-14,Approved,0,0,0,1,0,0,Final,Construction Change Directive,2024-04-12,Concrete
CO-00302,PRJ-023,CO-015,Design Error or Omission - Plumbing Area B2,Design Error or Omission,Architect,Plumbing,Additive,RFI,2024-08-10,2024-08-26,2024-09-15,2024-09-22,,2024-10-16,Rejected,66000,33000,0,0,0,0,Final,None,,Concrete
CO-00303,PRJ-024,CO-001,Owner-Directed Change - Civil Area A10,Owner-Directed Change,Owner,Civil,Additive,Owner Request,2024-04-18,2024-04-21,2024-05-11,2024-04-28,,,Pending,196000,,,0,0,0,Pricing in Progress,None,,Interiors
CO-00304,PRJ-024,CO-002,Owner-Directed Change - Structural Area D6,Owner-Directed Change,Owner,Structural,Zero-Cost,Owner Request,2024-05-27,2024-06-04,2024-06-24,2024-07-01,2024-07-20,2024-07-28,Approved,0,0,0,0,0,1,Final,Owner Authorization,2024-07-24,MEP
CO-00305,PRJ-024,CO-003,Quantity Variation - Structural Area B4,Quantity Variation,Subcontractor,Structural,Additive,Field Condition,2022-10-07,2022-10-09,2022-10-29,2022-10-19,,2022-10-26,Rejected,284000,226000,0,0,0,0,Final,None,,Concrete
CO-00306,PRJ-024,CO-004,Quantity Variation - Specialty Systems Area C5,Quantity Variation,Subcontractor,Specialty Systems,Additive,Owner Request,2023-03-05,2023-03-10,2023-03-30,2023-03-19,2023-03-24,2023-03-29,Approved,66000,63000,64000,0,0,0,Final,Executed Change Order,2023-03-28,Specialties
CO-00307,PRJ-024,CO-005,Code or Regulatory Requirement - Architectural Area B5,Code or Regulatory Requirement,Subcontractor,Architectural,Deductive,Schedule Recovery,2022-11-19,2022-11-25,2022-12-15,2022-12-13,,2022-12-31,Withdrawn,-61000,,0,0,0,1,Pricing in Progress,None,,Concrete
CO-00308,PRJ-024,CO-006,Code or Regulatory Requirement - Architectural Area B8,Code or Regulatory Requirement,Engineer,Architectural,Additive,Schedule Recovery,2023-03-19,2023-03-27,2023-04-16,2023-04-03,2023-04-10,2023-04-15,Approved,315000,243000,238000,3,1,0,Final,Owner Authorization,2023-04-18,MEP
CO-00309,PRJ-024,CO-007,Code or Regulatory Requirement - Structural Area A7,Code or Regulatory Requirement,Architect,Structural,Time Only,Design Revision,2023-04-17,2023-04-20,2023-05-10,2023-05-11,2023-05-24,2023-05-28,Approved,0,0,0,4,2,0,Final,Executed Change Order,2023-05-30,Sitework
CO-00310,PRJ-024,CO-008,Substitution - Civil Area D1,Substitution,Subcontractor,Civil,Additive,Schedule Recovery,2023-08-20,2023-08-29,2023-09-18,2023-09-13,2023-09-21,2023-09-23,Approved,176000,145000,143000,3,2,1,Final,Executed Change Order,2023-09-22,MEP
CO-00311,PRJ-024,CO-009,Owner-Directed Change - Structural Area D8,Owner-Directed Change,Owner,Structural,Additive,Owner Request,2024-03-18,2024-03-20,2024-04-09,2024-04-16,2024-05-20,2024-05-23,Approved,428000,402000,389000,18,18,0,Final,Construction Change Directive,2024-05-24,Concrete
CO-00312,PRJ-024,CO-010,Owner-Directed Change - Plumbing Area D5,Owner-Directed Change,Owner,Plumbing,Additive,Owner Request,2022-12-22,2022-12-28,2023-01-17,2023-01-05,2023-01-17,2023-01-26,Approved,163000,152000,152000,0,0,0,Final,Field Directive,2023-02-04,Specialties
CO-00313,PRJ-024,CO-011,Quantity Variation - Mechanical Area C4,Quantity Variation,General Contractor,Mechanical,Deductive,Field Condition,2023-06-17,2023-06-23,2023-07-13,2023-06-30,2023-07-12,2023-07-18,Approved,-44000,-41000,-40000,0,0,0,Final,Owner Authorization,2023-07-19,Sitework
CO-00314,PRJ-024,CO-012,Unforeseen Condition - Controls Area A2,Unforeseen Condition,Construction Manager,Controls,Additive,Field Condition,2023-04-16,2023-04-19,2023-05-09,2023-04-30,2023-05-13,2023-05-17,Approved,39000,34000,33000,3,2,1,Final,Executed Change Order,2023-05-22,General Conditions
CO-00315,PRJ-024,CO-013,Unforeseen Condition - Mechanical Area B1,Unforeseen Condition,Subcontractor,Mechanical,Additive,RFI,2023-10-11,2023-10-14,2023-11-03,2023-11-09,,2023-11-25,Rejected,250000,174000,0,2,0,1,Final,None,,Sitework
CO-00316,PRJ-024,CO-014,Unforeseen Condition - Plumbing Area B4,Unforeseen Condition,Subcontractor,Plumbing,Additive,Field Condition,2023-12-25,2023-12-30,2024-01-19,2024-01-13,2024-01-23,2024-01-29,Approved,164000,141000,136000,0,0,0,Final,Owner Authorization,2024-01-25,MEP
CO-00317,PRJ-024,CO-015,Quantity Variation - Fire Protection Area A7,Quantity Variation,Owner,Fire Protection,Additive,Schedule Recovery,2023-06-17,2023-06-21,2023-07-11,2023-07-04,2023-07-22,2023-07-27,Approved,161000,125000,123000,0,0,1,Final,Owner Authorization,2023-07-31,Metals
CO-00318,PRJ-024,CO-016,Design Error or Omission - Electrical Area C5,Design E&O,Owner,Electrical,Additive,RFI,2022-10-08,2022-10-11,2022-10-31,2022-10-21,2022-11-04,2022-11-13,Approved,119000,99000,96000,0,0,0,Final,Executed Change Order,2022-11-11,Envelope
CO-00319,PRJ-025,CO-001,Owner-Directed Change - Plumbing Area A8,Owner-Directed Change,Owner,Plumbing,Additive,Owner Request,2024-01-19,2024-01-27,2024-02-16,2024-03-07,2024-04-08,2024-04-12,Approved,123000,108000,107000,6,4,1,Final,Executed Change Order,2024-04-11,Interiors
CO-00320,PRJ-025,CO-002,Unforeseen Condition - Plumbing Area A8,Unforeseen Condition,Construction Manager,Plumbing,Additive,Field Condition,2024-05-25,2024-06-07,2024-06-27,2024-06-29,,,Pending,371000,296000,,0,0,2,Negotiating,None,,Concrete
CO-00321,PRJ-025,CO-003,Design Error or Omission - General Area D10,Design Error or Omission,Architect,General,Additive,Submittal Review,2023-09-28,2023-10-15,2023-11-04,2023-11-14,,2023-12-15,Rejected,180000,94000,0,13,0,0,Final,None,,MEP
CO-00322,PRJ-025,CO-004,Design Error or Omission - Specialty Systems Area A7,Design Error or Omission,General Contractor,Specialty Systems,Additive,Design Revision,2024-05-16,2024-05-20,2024-06-09,2024-05-29,2024-06-04,2024-06-10,Approved,91000,73000,74000,0,0,0,Final,Executed Change Order,2024-06-10,Envelope
CO-00323,PRJ-025,CO-005,Schedule Acceleration - Electrical Area B5,Schedule Acceleration,Construction Manager,Electrical,Time Only,RFI,2024-05-03,2024-05-12,2024-06-01,2024-06-30,2024-07-24,2024-07-26,Approved,0,0,0,16,9,0,Final,Construction Change Directive,2024-07-26,MEP
CO-00324,PRJ-025,CO-006,Code or Regulatory Requirement - Specialty Systems Area D8,Code or Regulatory Requirement,Authority Having Jurisdiction,Specialty Systems,Additive,Field Condition,2024-05-22,2024-05-27,2024-06-16,2024-07-08,2024-08-01,2024-08-02,Approved,553000,457000,462000,1,0,2,Final,Construction Change Directive,2024-08-06,Specialties
CO-00325,PRJ-025,CO-007,Quantity Variation - Controls Area C1,Quantity Variation,Engineer,Controls,Additive,Design Revision,2024-05-10,2024-05-28,2024-06-17,2024-06-15,2024-07-03,2024-07-13,Approved,56000,55000,53000,0,0,1,Final,Executed Change Order,2024-07-26,Interiors
CO-00326,PRJ-025,CO-008,Unforeseen Condition - Plumbing Area B1,Unforeseen Condition,Subcontractor,Plumbing,Additive,Field Condition,2024-06-08,2024-06-14,2024-07-04,2024-06-26,,,Pending,729000,,,0,0,0,Negotiating,None,,General Conditions
CO-00327,PRJ-025,CO-009,Owner-Directed Change - Civil Area B1,Owner-Directed Change,Architect,Civil,Additive,Owner Request,2024-03-19,2024-04-04,2024-04-24,2024-05-26,2024-06-22,2024-06-27,Approved,109000,101000,100000,0,0,0,Final,Executed Change Order,2024-06-27,Envelope
CO-00328,PRJ-025,CO-010,Scope Clarification - Architectural Area B7,Scope Clarification,Architect,Architectural,Additive,Field Condition,2024-03-09,2024-03-24,2024-04-13,2024-04-17,2024-05-04,2024-05-14,Approved,154000,128000,130000,0,0,0,Final,Executed Change Order,2024-05-07,General Conditions
CO-00329,PRJ-025,CO-011,Design Error or Omission - Electrical Area D8,Design Error or Omission,Architect,Electrical,Additive,Design Revision,2023-11-11,2023-11-20,2023-12-10,2024-01-05,,,Pending,70000,,,3,0,1,Pricing in Progress,None,,Metals
CO-00330,PRJ-025,CO-012,Design Error or Omission - General Area B7,Design Error or Omission,Construction Manager,General,Additive,Submittal Review,2024-06-12,2024-06-14,2024-07-04,2024-06-25,,,Pending,112000,,,17,0,0,Submitted,None,,MEP
CO-00331,PRJ-025,CO-013,Value Engineering - Structural Area A5,Value Engineering,Owner,Structural,Additive,Owner Request,2023-08-29,2023-09-07,2023-09-27,2023-09-28,,,Pending,77000,,,0,0,1,Pricing in Progress,None,,Envelope
CO-00332,PRJ-025,CO-014,Design Error or Omission - Structural Area D4,Design Error or Omission,General Contractor,Structural,Additive,Design Revision,2023-09-12,2023-09-16,2023-10-06,2023-10-29,,2023-11-30,Withdrawn,154000,,0,0,0,2,Pricing in Progress,None,,General Conditions
CO-00333,PRJ-025,CO-015,Code or Regulatory Requirement - Mechanical Area D4,Code or Regulatory Requirement,Construction Manager,Mechanical,Additive,RFI,2023-12-30,2024-01-05,2024-01-25,2024-01-28,2024-02-15,2024-02-19,Approved,84000,73000,72000,0,0,1,Final,Construction Change Directive,2024-02-21,Metals
CO-00334,PRJ-025,CO-016,Substitution - Controls Area A2,Substitution,Subcontractor,Controls,Additive,RFI,2024-03-14,2024-03-21,2024-04-10,2024-04-05,2024-04-26,2024-05-03,Approved,11000,9800,9900,0,0,0,Final,Executed Change Order,2024-04-29,MEP
CO-00335,PRJ-026,CO-001,Scope Clarification - Plumbing Area A9,Scope Clarification,Construction Manager,Plumbing,Additive,Design Revision,2025-09-01,2025-09-03,2025-09-23,2025-09-07,,,Pending,244000,,,3,0,0,Negotiating,None,,General Conditions
CO-00336,PRJ-026,CO-002,Substitution - Plumbing Area B5,Substitution,Construction Manager,Plumbing,Additive,Design Revision,2025-10-28,2025-11-07,2025-11-27,2025-11-10,,,Pending,94000,87000,,1,0,0,Pricing in Progress,None,,General Conditions
CO-00337,PRJ-026,CO-003,Design Error or Omission - Architectural Area B10,Design Error or Omission,Engineer,Architectural,Additive,Submittal Review,2024-05-23,2024-05-29,2024-06-18,2024-06-05,2024-06-18,2024-06-25,Approved,106000,102000,98000,0,0,0,Final,Executed Change Order,2024-06-23,Interiors
CO-00338,PRJ-026,CO-004,Quantity Variation - Architectural Area B6,Quantity Variation,Engineer,Architectural,Additive,Design Revision,2023-11-20,2023-11-24,2023-12-14,2023-12-06,2023-12-17,2023-12-22,Approved,233000,240000,234000,0,0,1,Final,Executed Change Order,2023-12-26,MEP
CO-00339,PRJ-026,CO-005,Owner-Directed Change - Electrical Area B9,Owner-Directed Change,Owner,Electrical,Additive,Owner Request,2024-06-12,2024-06-14,2024-07-04,2024-06-20,2024-06-26,2024-06-28,Approved,323000,310000,307000,0,0,0,Final,Owner Authorization,2024-07-06,Concrete
CO-00340,PRJ-026,CO-006,Design Error or Omission - Controls Area A5,Design Error or Omission,Architect,Controls,Additive,RFI,2024-03-14,2024-03-17,2024-04-06,2024-04-05,2024-04-14,2024-04-19,Approved,2753000,2318000,2301000,6,3,0,Final,Executed Change Order,,Specialties
CO-00341,PRJ-026,CO-007,Substitution - Mechanical Area A8,Substitution,General Contractor,Mechanical,Additive,RFI,2025-05-08,2025-05-09,2025-05-29,2025-05-14,,,Pending,207000,,,6,0,0,ROM,None,,Envelope
CO-00342,PRJ-027,CO-001,Quantity Variation - General Area D9,Quantity Variation,Owner,General,Deductive,RFI,2022-02-17,2022-03-03,2022-03-23,2022-03-15,,,Pending,-431000,,,4,0,1,Pricing in Progress,None,,Interiors
CO-00343,PRJ-027,CO-002,Owner-Directed Change - General Area A7,Owner-Directed Change,Owner,General,Additive,Owner Request,2022-05-30,2022-06-08,2022-06-28,2022-06-15,,,Pending,2104000,,,0,0,0,ROM,None,,Equipment
CO-00344,PRJ-027,CO-003,Owner-Directed Change - Controls Area A9,Owner-Directed Change,Construction Manager,Controls,Additive,Owner Request,2022-05-10,2022-05-12,2022-06-01,2022-06-13,2022-07-06,2022-07-16,Approved,564000,511000,506000,11,8,0,Final,Executed Change Order,2022-07-12,Concrete
CO-00345,PRJ-027,CO-004,Quantity Variation - Specialty Systems Area A2,Quantity Variation,General Contractor,Specialty Systems,Additive,Owner Request,2022-05-06,2022-05-10,2022-05-30,2022-05-16,2022-05-25,2022-05-27,Approved,776000,607000,606000,0,0,0,Final,Construction Change Directive,2022-06-03,Interiors
CO-00346,PRJ-027,CO-005,Unforeseen Condition - Mechanical Area B3,Unforeseen Condition,Owner,Mechanical,Additive,Field Condition,2022-03-22,2022-04-02,2022-04-22,2022-04-22,,,Pending,352000,,,0,0,1,Negotiating,None,,Sitework
CO-00347,PRJ-027,CO-006,Substitution - Structural Area D6,Substitution,Construction Manager,Structural,Zero-Cost,Design Revision,2022-03-06,2022-03-08,2022-03-28,2022-03-20,2022-04-05,2022-04-11,Approved,0,0,0,0,0,0,Final,Executed Change Order,2022-04-10,MEP
CO-00348,PRJ-027,CO-007,Schedule Acceleration - Structural Area C1,Schedule Acceleration,Owner,Structural,Zero-Cost,Submittal Review,2022-01-13,2022-01-20,2022-02-09,2022-01-28,,2022-02-04,Withdrawn,0,,0,0,0,0,ROM,None,,Envelope
CO-00349,PRJ-027,CO-008,Substitution - Civil Area D4,Substitution,Owner,Civil,Additive,RFI,2022-05-15,2022-05-21,2022-06-10,2022-06-15,2022-07-19,2022-07-21,Approved,305000,278000,273000,0,0,1,Final,Owner Authorization,2022-08-01,Interiors
CO-00350,PRJ-027,CO-009,Code or Regulatory Requirement - Specialty Systems Area D3,Code or Regulatory Requirement,Subcontractor,Specialty Systems,Deductive,Owner Request,2022-01-16,2022-01-23,2022-02-12,2022-02-04,,,Pending,-216000,,,0,0,0,Submitted,None,,Envelope
CO-00351,PRJ-027,CO-010,Quantity Variation - Plumbing Area D4,Quantity Variation,Architect,Plumbing,Additive,Schedule Recovery,2022-02-25,2022-02-28,2022-03-20,2022-03-12,,,Pending,1276000,,,0,0,1,Negotiating,None,,Metals
CO-00352,PRJ-027,CO-011,Design Error or Omission - Structural Area C10,Design Error or Omission,Construction Manager,Structural,Additive,RFI,2022-01-01,2022-01-10,2022-01-30,2022-01-22,2022-02-02,2022-02-08,Approved,255000,220000,223000,0,0,0,Final,Field Directive,2022-02-05,Concrete
CO-00353,PRJ-027,CO-012,Design Error or Omission - Mechanical Area D3,Design Error or Omission,Engineer,Mechanical,Zero-Cost,Design Revision,2022-02-26,2022-03-02,2022-03-22,2022-03-22,,2022-04-09,Withdrawn,0,,0,4,0,1,Submitted,None,,Envelope
CO-00354,PRJ-027,CO-013,Schedule Acceleration - Specialty Systems Area B5,Schedule Acceleration,Owner,Specialty Systems,Additive,RFI,2022-04-19,2022-04-24,2022-05-14,2022-05-05,2022-05-25,2022-05-30,Approved,572000,500000,505000,8,5,1,Final,Owner Authorization,2022-05-27,Metals
CO-00355,PRJ-027,CO-014,Design Error or Omission - Specialty Systems Area B1,Design Error or Omission,Engineer,Specialty Systems,Additive,Design Revision,2022-03-08,2022-03-27,2022-04-16,2022-04-06,,,Pending,1111000,1125000,,0,0,0,Pricing in Progress,None,,General Conditions
CO-00356,PRJ-027,CO-015,Unforeseen Condition - Electrical Area B8,Unforeseen Condition,General Contractor,Electrical,Additive,Field Condition,2022-01-05,2022-01-09,2022-01-29,2022-01-25,2022-02-12,2022-02-17,Approved,667000,670000,657000,0,0,1,Final,Executed Change Order,2022-02-17,Concrete
CO-00357,PRJ-027,CO-016,Code or Regulatory Requirement - Electrical Area A5,Code or Regulatory Requirement,Authority Having Jurisdiction,Electrical,Additive,Schedule Recovery,2022-04-15,2022-04-22,2022-05-12,2022-05-12,,2022-05-29,Withdrawn,508000,,0,12,0,1,ROM,None,,Metals
CO-00358,PRJ-027,CO-017,Scope Clarification - Structural Area C9,Scope Clarification,General Contractor,Structural,Additive,Schedule Recovery,2022-01-11,2022-01-13,2022-02-02,2022-01-22,2022-02-05,2022-02-12,Approved,359000,277000,272000,0,0,1,Final,Executed Change Order,2022-02-06,General Conditions
CO-00359,PRJ-027,CO-018,Scope Clarification - Mechanical Area D8,Scope Clarification,Architect,Mechanical,Additive,Field Condition,2022-04-02,2022-04-14,2022-05-04,2022-04-29,2022-05-10,2022-05-15,Approved,339000,322000,315000,0,0,1,Final,Owner Authorization,2022-05-14,Specialties
CO-00360,PRJ-027,CO-019,Quantity Variation - General Area B6,Quantity Variation,Owner,General,Additive,Design Revision,2022-02-22,2022-02-27,2022-03-19,2022-03-13,,2022-03-20,Withdrawn,671000,,0,0,0,0,ROM,None,,Specialties
CO-00361,PRJ-028,CO-001,Scope Clarification - Electrical Area D4,Scope Clarification,Engineer,Electrical,Additive,Design Revision,2022-07-04,2022-07-10,2022-07-30,2022-07-22,,,Pending,296000,270000,,0,0,0,Pricing in Progress,None,,MEP
CO-00362,PRJ-028,CO-002,Unforeseen Condition - Architectural Area C1,Unforeseen Condition,Subcontractor,Architectural,Additive,RFI,2023-02-06,2023-02-13,2023-03-05,2023-02-25,,,Pending,141000,148000,,0,0,1,Submitted,None,,General Conditions
CO-00363,PRJ-028,CO-003,Substitution - Fire Protection Area D2,Substitution,Engineer,Fire Protection,Zero-Cost,Design Revision,2022-11-06,2022-11-13,2022-12-03,2022-11-19,,2022-12-05,Rejected,0,0,0,0,0,0,Final,None,,Envelope
CO-00364,PRJ-028,CO-004,Value Engineering - Civil Area A9,Value Engineering,Authority Having Jurisdiction,Civil,Additive,Owner Request,2022-12-18,2022-12-22,2023-01-11,2023-01-14,,,Pending,522000,,,0,0,0,Negotiating,None,,Sitework
CO-00365,PRJ-028,CO-005,Scope Clarification - Plumbing Area B8,Scope Clarification,Architect,Plumbing,Additive,Field Condition,2022-12-15,2022-12-26,2023-01-15,2022-12-30,2023-01-08,2023-01-16,Approved,60000,60000,59000,6,4,0,Final,Field Directive,2023-01-09,Envelope
CO-00366,PRJ-028,CO-006,Substitution - Fire Protection Area A1,Substitution,Authority Having Jurisdiction,Fire Protection,Additive,Design Revision,2022-04-04,2022-04-08,2022-04-28,2022-04-23,,2022-04-30,Withdrawn,203000,,0,3,0,0,Submitted,None,,General Conditions
CO-00367,PRJ-028,CO-007,Value Engineering - Plumbing Area B3,Value Engineering,Owner,Plumbing,Deductive,Owner Request,2022-05-25,2022-05-27,2022-06-16,2022-06-04,2022-06-09,2022-06-19,Approved,-154000,-147000,-150000,0,0,0,Final,Owner Authorization,2022-06-12,Concrete
CO-00368,PRJ-028,CO-008,Unforeseen Condition - Civil Area C6,Unforeseen Condition,Construction Manager,Civil,Deductive,Field Condition,2022-02-05,2022-02-12,2022-03-04,2022-02-20,2022-02-26,2022-03-01,Approved,-240000,-243000,-247000,0,0,0,Final,Owner Authorization,2022-03-04,MEP
CO-00369,PRJ-028,CO-009,Substitution - Mechanical Area B6,Substitution,Construction Manager,Mechanical,Additive,Schedule Recovery,2023-02-04,2023-02-10,2023-03-02,2023-02-20,,2023-03-07,Withdrawn,85000,,0,3,0,0,Submitted,None,,Metals
CO-00370,PRJ-028,CO-010,Design Error or Omission - Specialty Systems Area A8,Design Error or Omission,Engineer,Specialty Systems,Additive,RFI,2022-05-21,2022-05-25,2022-06-14,2022-06-10,2022-06-30,2022-07-07,Approved,676000,537000,545000,3,2,1,Final,Field Directive,2022-07-07,Sitework
CO-00371,PRJ-029,CO-001,Owner-Directed Change - Mechanical Area D10,Owner-Directed Change,Owner,Mechanical,Additive,Owner Request,2023-01-05,2023-02-03,2023-02-23,2023-02-19,2023-03-07,2023-03-11,Approved,1031000,799000,808000,0,0,1,Final,Owner Authorization,2023-03-12,Sitework
CO-00372,PRJ-029,CO-002,Quantity Variation - Mechanical Area D5,Quantity Variation,Construction Manager,Mechanical,Additive,Schedule Recovery,2022-04-08,2022-04-20,2022-05-10,2022-05-14,,2022-05-28,Withdrawn,53000,,0,0,0,0,ROM,None,,Concrete
CO-00373,PRJ-029,CO-003,Substitution - Mechanical Area B6,Substitution,General Contractor,Mechanical,Additive,Owner Request,2023-07-09,2023-07-12,2023-08-01,2023-07-18,2023-07-23,2023-07-24,Approved,26000,27000,27000,0,0,0,Final,Executed Change Order,2023-08-02,MEP
CO-00374,PRJ-029,CO-004,Code or Regulatory Requirement - Controls Area A10,Code or Regulatory Requirement,Subcontractor,Controls,Additive,Field Condition,2022-05-01,2022-05-16,2022-06-05,2022-05-31,,2022-06-29,Rejected,93000,67000,0,0,0,1,Final,None,,General Conditions
CO-00375,PRJ-029,CO-005,Design Error or Omission - General Area A4,Design Error or Omission,Engineer,General,Deductive,Submittal Review,2022-08-03,2022-08-29,2022-09-18,2022-09-07,,2022-09-24,Rejected,-247000,-105000,0,6,0,0,Final,None,,Interiors
CO-00376,PRJ-029,CO-006,Owner-Directed Change - Structural Area A8,Owner-Directed Change,Owner,Structural,Additive,Owner Request,2022-06-08,2022-06-11,2022-07-01,2022-07-03,2022-07-18,2022-07-28,Approved,274000,230000,226000,0,0,0,Final,Owner Authorization,2022-07-21,MEP
CO-00377,PRJ-029,CO-007,Design Error or Omission - Structural Area A9,Design Error or Omission,Architect,Structural,Additive,RFI,2022-12-16,2022-12-24,2023-01-13,2023-01-08,2023-01-16,2023-01-21,Approved,41000,33000,33000,0,0,1,Final,Executed Change Order,2023-01-19,Interiors
CO-00378,PRJ-029,CO-008,Owner-Directed Change - Structural Area A2,Owner-Directed Change,Owner,Structural,Additive,Owner Request,2023-01-13,2023-01-31,2023-02-20,2023-02-13,,,Pending,793000,761000,,1,0,1,Submitted,None,,Metals
CO-00379,PRJ-029,CO-009,Substitution - Mechanical Area A10,Substitution,General Contractor,Mechanical,Additive,RFI,2023-05-08,2023-05-14,2023-06-03,2023-05-23,2023-05-31,2023-06-03,Approved,832000,679000,656000,4,3,0,Final,Executed Change Order,2023-06-02,Envelope
CO-00380,PRJ-029,CO-010,Unforeseen Condition - Plumbing Area D2,Unforeseen Condition,General Contractor,Plumbing,Additive,Field Condition,2022-10-10,2022-10-21,2022-11-10,2022-10-26,,2022-11-09,Rejected,237000,113000,0,15,0,0,Final,None,,General Conditions
CO-00381,PRJ-029,CO-011,Design Error or Omission - Civil Area C5,Design Error or Omission,Engineer,Civil,Additive,Submittal Review,2023-08-28,2023-09-05,2023-09-25,2023-09-10,2023-09-19,2023-09-23,Approved,154000,125000,124000,0,0,0,Final,Owner Authorization,2023-09-20,Specialties
CO-00382,PRJ-029,CO-012,Owner-Directed Change - General Area C4,Owner-Directed Change,Owner,General,Deductive,Owner Request,2022-12-19,2022-12-24,2023-01-13,2022-12-29,,2023-01-04,Rejected,-173000,-106000,0,0,0,0,Final,None,,Interiors
CO-00383,PRJ-029,CO-013,Owner-Directed Change - Plumbing Area B4,Owner-Directed Change,General Contractor,Plumbing,Additive,Owner Request,2022-09-17,2022-09-27,2022-10-17,2022-10-05,,2022-10-23,Rejected,341000,178000,0,36,0,0,Final,None,,MEP
CO-00384,PRJ-029,CO-014,Design Error or Omission - Plumbing Area A5,Design Error or Omission,Engineer,Plumbing,Additive,Design Revision,2022-08-16,2022-08-17,2022-09-06,2022-09-11,,2022-10-03,Withdrawn,170000,,0,1,0,0,Pricing in Progress,None,,General Conditions
CO-00385,PRJ-029,CO-015,Owner-Directed Change - Architectural Area A4,Owner-Directed Change,Owner,Architectural,Additive,Owner Request,2022-05-27,2022-06-01,2022-06-21,2022-07-09,,,Pending,1686000,,,0,0,0,Negotiating,None,,Metals
CO-00386,PRJ-030,CO-001,Design Error or Omission - Controls Area B9,Design Error or Omission,General Contractor,Controls,Additive,Submittal Review,2022-03-10,2022-03-21,2022-04-10,2022-03-29,2022-04-10,2022-04-20,Approved,155000,121000,120000,0,0,0,Final,Executed Change Order,2022-04-13,Concrete
CO-00387,PRJ-030,CO-002,Quantity Variation - General Area B3,Quantity Variation,Subcontractor,General,Additive,RFI,2023-08-27,2023-09-04,2023-09-24,2023-09-18,2023-10-10,2023-10-15,Approved,13000,13000,13000,6,6,2,Final,Executed Change Order,,Equipment
CO-00388,PRJ-030,CO-003,Scope Clarification - Fire Protection Area D10,Scope Clarification,Engineer,Fire Protection,Additive,Design Revision,2023-07-17,2023-07-21,2023-08-10,2023-07-29,2023-08-05,2023-08-10,Approved,31000,27000,26000,6,3,0,Final,Owner Authorization,2023-08-08,General Conditions
CO-00389,PRJ-030,CO-004,Owner-Directed Change - Specialty Systems Area B1,Owner-Directed Change,Architect,Specialty Systems,Additive,Owner Request,2023-04-21,2023-04-28,2023-05-18,2023-05-07,2023-05-16,2023-05-20,Approved,60000,49000,48000,0,0,1,Final,Executed Change Order,2023-05-17,MEP
CO-00390,PRJ-030,CO-005,Scope Clarification - Architectural Area D7,Scope Clarification,General Contractor,Architectural,Additive,Field Condition,2022-01-02,2022-01-10,2022-01-30,2022-01-18,,,Pending,9800,,,4,0,0,Pricing in Progress,None,,MEP
CO-00391,PRJ-030,CO-006,Code or Regulatory Requirement - Controls Area C2,Code or Regulatory Requirement,Authority Having Jurisdiction,Controls,Additive,RFI,2022-06-07,2022-06-13,2022-07-03,2022-06-23,2022-07-02,2022-07-09,Approved,28000,25000,24000,2,1,0,Final,Executed Change Order,,Sitework
CO-00392,PRJ-030,CO-007,Design Error or Omission - Specialty Systems Area C10,Design Error or Omission,Architect,Specialty Systems,Deductive,Submittal Review,2023-03-15,2023-03-30,2023-04-19,2023-04-19,2023-04-28,2023-05-06,Approved,-57000,-53000,-51000,0,0,0,Final,Executed Change Order,2023-05-01,Envelope
CO-00393,PRJ-030,CO-008,Code or Regulatory Requirement - Architectural Area B8,Code or Regulatory Requirement,General Contractor,Architectural,Additive,RFI,2023-06-17,2023-06-21,2023-07-11,2023-07-06,2023-07-16,2023-07-25,Approved,107000,92000,93000,0,0,1,Final,Executed Change Order,2023-07-17,Sitework
CO-00394,PRJ-031,CO-001,Schedule Acceleration - General Area A5,Schedule Acceleration,Owner,General,Additive,Field Condition,2024-06-22,2024-06-26,2024-07-16,2024-07-22,,,Pending,274000,271000,,2,0,1,Pricing in Progress,None,,Specialties
CO-00395,PRJ-031,CO-002,Owner-Directed Change - Plumbing Area B5,Owner Directed,Owner,Plumbing,Additive,Owner Request,2023-11-22,2023-11-25,2023-12-15,2023-12-20,,,Pending,63000,,,0,0,1,Negotiating,None,,Envelope
CO-00396,PRJ-031,CO-003,Scope Clarification - Plumbing Area C7,Scope Clarification,General Contractor,Plumbing,Time Only,Schedule Recovery,2023-12-10,2023-12-12,2024-01-01,2023-12-21,2023-12-30,2024-01-01,Approved,0,0,0,3,1,0,Final,Field Directive,2024-01-03,MEP
CO-00397,PRJ-031,CO-004,Quantity Variation - Structural Area D10,Quantity Variation,General Contractor,Structural,Additive,Submittal Review,2023-10-28,2023-11-02,2023-11-22,2023-11-08,2023-11-11,2023-11-17,Approved,17000,17000,17000,0,0,0,Final,Owner Authorization,2023-11-13,General Conditions
CO-00398,PRJ-031,CO-005,Design Error or Omission - General Area D3,Design Error or Omission,Construction Manager,General,Time Only,Design Revision,2024-03-01,2024-03-07,2024-03-27,2024-03-21,2024-03-27,2024-03-28,Approved,0,0,0,9,6,0,Final,Owner Authorization,2024-03-31,Interiors
CO-00399,PRJ-031,CO-006,Owner-Directed Change - Fire Protection Area C8,Owner-Directed Change,Owner,Fire Protection,Additive,Owner Request,2024-01-02,2024-01-11,2024-01-31,2024-01-15,2024-01-20,2024-01-22,Approved,276000,263000,255000,0,0,0,Final,Executed Change Order,2024-01-21,MEP
CO-00400,PRJ-031,CO-007,Owner-Directed Change - Architectural Area C7,Owner-Directed Change,Owner,Architectural,Deductive,Owner Request,2024-06-22,2024-06-29,2024-07-19,2024-07-24,2024-08-11,2024-08-17,Approved,-68000,-54000,-53000,0,0,1,Final,Owner Authorization,2024-08-15,MEP
CO-00401,PRJ-031,CO-008,Owner-Directed Change - Architectural Area D5,Owner-Directed Change,Owner,Architectural,Additive,Owner Request,2023-11-09,2023-11-20,2023-12-10,2023-11-28,2023-12-07,2023-12-14,Approved,144000,115000,111000,0,0,0,Final,Executed Change Order,2023-12-16,Envelope
CO-00402,PRJ-031,CO-009,Design Error or Omission - Electrical Area B1,Design Error or Omission,Subcontractor,Electrical,Additive,RFI,2024-07-15,2024-07-24,2024-08-13,2024-08-08,2024-08-29,2024-09-01,Approved,220000,217000,220000,0,0,2,Final,Executed Change Order,2024-08-31,Envelope
CO-00403,PRJ-031,CO-010,Unforeseen Condition - Mechanical Area D9,Unforeseen Condition,Owner,Mechanical,Deductive,Field Condition,2024-01-02,2024-01-05,2024-01-25,2024-01-14,2024-01-21,2024-01-28,Approved,-87000,-80000,-79000,0,0,0,Final,Construction Change Directive,2024-01-24,Metals
CO-00404,PRJ-031,CO-011,Owner-Directed Change - General Area C2,Owner-Directed Change,Construction Manager,General,Additive,Owner Request,2024-06-06,2024-06-13,2024-07-03,2024-06-23,,2024-07-10,Rejected,335000,212000,0,0,0,0,Final,None,,Equipment
CO-00405,PRJ-032,CO-001,Quantity Variation - Civil Area D7,Quantity Variation,General Contractor,Civil,Deductive,Design Revision,2023-11-27,2023-11-29,2023-12-19,2023-12-09,2023-12-27,2023-12-29,Approved,-128000,-100000,-100000,0,0,1,Final,Construction Change Directive,2024-01-01,Concrete
CO-00406,PRJ-032,CO-002,Design Error or Omission - Controls Area B4,Design Error or Omission,General Contractor,Controls,Additive,RFI,2023-06-10,2023-06-17,2023-07-07,2023-06-28,,,Pending,264000,,,0,0,0,Pricing in Progress,None,,MEP
CO-00407,PRJ-032,CO-003,Schedule Acceleration - Architectural Area A9,Schedule Acceleration,Architect,Architectural,Additive,Design Revision,2023-09-27,2023-09-30,2023-10-20,2023-10-21,2023-10-30,2023-11-07,Approved,1643000,1409000,1391000,0,0,0,Final,Field Directive,2023-11-07,Specialties
CO-00408,PRJ-032,CO-004,Scope Clarification - Architectural Area D8,Scope Clarification,General Contractor,Architectural,Zero-Cost,RFI,2023-06-12,2023-06-14,2023-07-04,2023-06-22,2023-06-28,2023-06-29,Approved,0,0,0,2,2,0,Final,Owner Authorization,2023-07-01,MEP
CO-00409,PRJ-032,CO-005,Substitution - Controls Area D1,Substitution,General Contractor,Controls,Additive,Owner Request,2023-06-08,2023-06-15,2023-07-05,2023-07-04,2023-07-15,2023-07-16,Approved,20000,19000,18000,0,0,1,Final,Construction Change Directive,2023-07-20,Interiors
CO-00410,PRJ-032,CO-006,Design Error or Omission - Controls Area B7,Design Error or Omission,Architect,Controls,Deductive,Design Revision,2024-01-15,2024-01-18,2024-02-07,2024-02-03,,,Pending,-273000,,,0,0,1,Submitted,None,,MEP
CO-00411,PRJ-032,CO-007,Design Error or Omission - Architectural Area D9,Design Error or Omission,General Contractor,Architectural,Additive,Design Revision,2024-02-18,2024-02-24,2024-03-15,2024-03-06,,,Pending,115000,100000,,28,0,1,Pricing in Progress,None,,MEP
CO-00412,PRJ-032,CO-008,Schedule Acceleration - Architectural Area A5,Schedule Acceleration,General Contractor,Architectural,Time Only,Design Revision,2024-01-02,2024-01-06,2024-01-26,2024-01-21,2024-02-03,2024-02-06,Approved,0,0,0,50,28,1,Final,Owner Authorization,2024-02-08,MEP
CO-00413,PRJ-032,CO-009,Design Error or Omission - Civil Area C5,Design Error or Omission,Engineer,Civil,Additive,RFI,2023-02-23,2023-02-26,2023-03-18,2023-03-03,2023-03-09,2023-03-12,Approved,133000,115000,116000,0,0,0,Final,Executed Change Order,,Concrete
CO-00414,PRJ-032,CO-010,Owner-Directed Change - Civil Area D8,Owner-Directed Change,Owner,Civil,Additive,Owner Request,2024-04-28,2024-05-07,2024-05-27,2024-06-02,2024-07-09,2024-07-10,Approved,116000,90000,86000,7,4,1,Final,Executed Change Order,2024-08-09,Sitework
CO-00415,PRJ-032,CO-011,Unforeseen Condition - Specialty Systems Area D7,Unforeseen Condition,General Contractor,Specialty Systems,Additive,Field Condition,2024-05-24,2024-05-29,2024-06-18,2024-06-12,,2024-06-28,Withdrawn,530000,,0,4,0,1,Submitted,None,,MEP
CO-00416,PRJ-032,CO-012,Value Engineering - Architectural Area B2,Value Engineering,Construction Manager,Architectural,Additive,Owner Request,2024-05-08,2024-05-18,2024-06-07,2024-05-25,2024-05-31,2024-06-02,Approved,177000,152000,153000,0,0,0,Final,Owner Authorization,2024-06-03,Concrete
CO-00417,PRJ-033,CO-001,Schedule Acceleration - Electrical Area A3,Schedule Acceleration,Subcontractor,Electrical,Additive,Design Revision,2023-08-10,2023-08-18,2023-09-07,2023-08-30,,,Pending,346000,,,0,0,1,Negotiating,None,,General Conditions
CO-00418,PRJ-033,CO-002,Substitution - Fire Protection Area B2,Substitution,Architect,Fire Protection,Additive,Design Revision,2023-11-27,2023-11-30,2023-12-20,2023-12-14,,2023-12-22,Withdrawn,204000,,0,0,0,1,Submitted,None,,Envelope
CO-00419,PRJ-033,CO-003,Substitution - Architectural Area B4,Substitution,Owner,Architectural,Zero-Cost,RFI,2023-10-25,2023-11-03,2023-11-23,2023-11-11,2023-11-16,2023-11-17,Approved,0,0,0,0,0,0,Final,Owner Authorization,2023-11-23,MEP
CO-00420,PRJ-033,CO-004,Value Engineering - Mechanical Area C8,Value Engineering,Engineer,Mechanical,Additive,Field Condition,2024-02-05,2024-02-11,2024-03-02,2024-02-26,,2024-03-22,Withdrawn,165000,,0,0,0,1,Submitted,None,,General Conditions
CO-00421,PRJ-033,CO-005,Owner-Directed Change - Electrical Area B7,Owner-Directed Change,Architect,Electrical,Zero-Cost,Owner Request,2023-08-13,2023-08-16,2023-09-05,2023-08-23,2023-08-30,2023-09-09,Approved,0,0,0,0,0,0,Final,Executed Change Order,2023-09-07,Envelope
CO-00422,PRJ-033,CO-006,Unforeseen Condition - Electrical Area C8,Unforeseen Condition,General Contractor,Electrical,Additive,Field Condition,2023-09-10,2023-09-17,2023-10-07,2023-09-26,,,Pending,127000,116000,,8,0,0,ROM,None,,Concrete
CO-00423,PRJ-033,CO-007,Owner-Directed Change - Mechanical Area A3,Owner-Directed Change,Architect,Mechanical,Additive,Owner Request,2023-08-11,2023-08-13,2023-09-02,2023-09-04,2023-09-22,2023-10-01,Approved,675000,561000,550000,0,0,0,Final,Executed Change Order,2023-09-30,MEP
CO-00424,PRJ-033,CO-008,Design Error or Omission - Mechanical Area C5,Design Error or Omission,General Contractor,Mechanical,Zero-Cost,RFI,2022-12-25,2022-12-31,2023-01-20,2023-01-15,2023-01-30,2023-02-01,Approved,0,0,0,0,0,0,Final,Executed Change Order,2023-02-04,General Conditions
CO-00425,PRJ-033,CO-009,Owner-Directed Change - Fire Protection Area A2,Owner-Directed Change,Owner,Fire Protection,Additive,Owner Request,2022-12-31,2023-01-07,2023-01-27,2023-01-23,,,Pending,1182000,938000,,0,0,1,ROM,None,,MEP
CO-00426,PRJ-033,CO-010,Unforeseen Condition - Specialty Systems Area A10,Unforeseen Condition,General Contractor,Specialty Systems,Additive,RFI,2022-12-31,2023-01-04,2023-01-24,2023-01-09,2023-01-15,2023-01-25,Approved,140000,133000,133000,0,0,0,Final,Construction Change Directive,2023-01-24,Sitework
CO-00427,PRJ-033,CO-011,Code or Regulatory Requirement - Electrical Area C2,Code / Regulatory,Owner,Electrical,Additive,RFI,2023-02-21,2023-03-03,2023-03-23,2023-03-14,2023-03-27,2023-03-29,Approved,202000,195000,196000,0,0,1,Final,Owner Authorization,2023-03-30,Metals
CO-00428,PRJ-033,CO-012,Owner-Directed Change - Structural Area B1,Owner-Directed Change,Owner,Structural,Additive,Owner Request,2023-07-02,2023-07-04,2023-07-24,2023-08-10,2023-08-26,2023-09-05,Approved,203000,170000,166000,15,9,0,Final,Owner Authorization,2023-09-16,Specialties
CO-00429,PRJ-033,CO-013,Scope Clarification - Structural Area D4,Scope Clarification,General Contractor,Structural,Deductive,Owner Request,2023-01-27,2023-01-30,2023-02-19,2023-02-21,2023-03-12,2023-03-14,Approved,-480000,-476000,-474000,0,0,1,Final,Owner Authorization,2023-03-17,General Conditions
CO-00430,PRJ-034,CO-001,Value Engineering - Civil Area D3,Value Engineering,Authority Having Jurisdiction,Civil,Additive,RFI,2025-08-29,2025-09-06,2025-09-26,2025-09-12,2025-09-20,2025-09-29,Approved,60000,50000,50000,2,1,0,Final,Construction Change Directive,2025-09-22,Interiors
CO-00431,PRJ-034,CO-002,Owner-Directed Change - Electrical Area B9,Owner-Directed Change,Owner,Electrical,Additive,Owner Request,2025-08-14,2025-08-21,2025-09-10,2025-09-03,2025-09-13,2025-09-15,Approved,44000,37000,37000,0,0,0,Final,Owner Authorization,2025-09-19,MEP
CO-00432,PRJ-034,CO-003,Owner-Directed Change - Structural Area C7,Owner Directed,Owner,Structural,Additive,Owner Request,2024-12-15,2025-01-01,2025-01-21,2025-01-20,2025-02-02,2025-02-07,Approved,41000,38000,37000,0,0,1,Final,Executed Change Order,2025-02-03,Sitework
CO-00433,PRJ-034,CO-004,Code or Regulatory Requirement - Architectural Area A5,Code or Regulatory Requirement,Subcontractor,Architectural,Deductive,Design Revision,2025-01-16,2025-01-25,2025-02-14,2025-02-17,2025-03-13,2025-03-23,Approved,-92000,-75000,-75000,0,0,0,Final,Executed Change Order,2025-03-18,Concrete
CO-00434,PRJ-034,CO-005,Unforeseen Condition - Electrical Area B7,Unforeseen Conditions,Subcontractor,Electrical,Additive,Field Condition,2025-09-07,2025-09-09,2025-09-29,2025-09-21,,2025-10-05,Rejected,129000,99000,0,0,0,1,Final,None,,General Conditions
CO-00435,PRJ-034,CO-006,Unforeseen Condition - Fire Protection Area A10,Unforeseen Condition,Engineer,Fire Protection,Deductive,Field Condition,2024-11-29,2024-12-11,2024-12-31,2025-01-03,2025-01-15,2025-01-17,Approved,-87000,-74000,-74000,0,0,0,Final,Executed Change Order,2025-01-22,Sitework
CO-00436,PRJ-034,CO-007,Owner-Directed Change - Electrical Area C8,Owner-Directed Change,Owner,Electrical,Additive,Owner Request,2024-12-07,2024-12-11,2024-12-31,2024-12-25,2025-01-07,2025-01-12,Approved,163000,147000,145000,0,0,0,Final,Owner Authorization,2025-01-14,Equipment
CO-00437,PRJ-034,CO-008,Unforeseen Condition - Mechanical Area B1,Unforeseen Condition,Construction Manager,Mechanical,Time Only,Field Condition,2024-10-08,2024-10-11,2024-10-31,2024-10-19,2024-10-29,2024-11-07,Approved,0,0,0,4,2,1,Final,Executed Change Order,2024-11-03,MEP
CO-00438,PRJ-034,CO-009,Design Error or Omission - Electrical Area B6,Design Error or Omission,Owner,Electrical,Additive,Design Revision,2024-10-22,2024-10-25,2024-11-14,2024-11-07,2024-12-03,2024-12-04,Approved,314000,239000,235000,0,0,0,Final,Owner Authorization,2024-12-04,Equipment
CO-00439,PRJ-034,CO-010,Value Engineering - Structural Area C2,Value Engineering,Owner,Structural,Additive,Submittal Review,2024-06-07,2024-06-12,2024-07-02,2024-07-08,2024-07-21,2024-07-22,Approved,58000,52000,52000,3,2,1,Final,Owner Authorization,2024-07-31,Concrete
CO-00440,PRJ-034,CO-011,Design Error or Omission - Architectural Area A4,Design Error or Omission,Architect,Architectural,Additive,RFI,2025-02-11,2025-02-15,2025-03-07,2025-03-12,2025-03-28,2025-04-03,Approved,141000,142000,143000,0,0,2,Final,Executed Change Order,2025-04-02,MEP
CO-00441,PRJ-034,CO-012,Design Error or Omission - Architectural Area A10,Design Error or Omission,Construction Manager,Architectural,Deductive,RFI,2024-04-25,2024-04-29,2024-05-19,2024-05-08,2024-05-21,2024-05-27,Approved,-494000,-454000,-461000,0,0,1,Final,Executed Change Order,2024-05-28,Equipment
CO-00442,PRJ-035,CO-001,Schedule Acceleration - Mechanical Area A1,Schedule Acceleration,Architect,Mechanical,Additive,Field Condition,2024-07-21,2024-07-24,2024-08-13,2024-09-07,,,Pending,247000,237000,,2,0,1,Submitted,None,,Interiors
CO-00443,PRJ-035,CO-002,Quantity Variation - Specialty Systems Area D7,Quantity Variation,General Contractor,Specialty Systems,Zero-Cost,Field Condition,2024-03-05,2024-03-09,2024-03-29,2024-03-27,,2024-04-13,Rejected,0,0,0,0,0,1,Final,None,,MEP
CO-00444,PRJ-035,CO-003,Owner-Directed Change - Specialty Systems Area A9,Owner-Directed Change,Owner,Specialty Systems,Additive,Owner Request,2024-10-01,2024-10-08,2024-10-28,2024-10-28,2024-12-02,2024-12-12,Approved,50000,47000,47000,0,0,0,Final,Construction Change Directive,2024-12-03,General Conditions
CO-00445,PRJ-035,CO-004,Quantity Variation - General Area A2,Quantity Variation,Authority Having Jurisdiction,General,Additive,Owner Request,2022-06-04,2022-06-07,2022-06-27,2022-06-17,2022-07-01,2022-07-04,Approved,137000,131000,132000,12,10,0,Final,Owner Authorization,2022-07-08,Concrete
CO-00446,PRJ-035,CO-005,Code or Regulatory Requirement - Structural Area A2,Code or Regulatory Requirement,Engineer,Structural,Additive,Field Condition,2024-09-02,2024-09-12,2024-10-02,2024-11-07,2024-12-13,2024-12-17,Approved,273000,211000,211000,0,0,1,Final,Construction Change Directive,2024-12-16,Interiors
CO-00447,PRJ-035,CO-006,Code or Regulatory Requirement - Fire Protection Area D4,Code or Regulatory Requirement,Owner,Fire Protection,Additive,Field Condition,2023-05-07,2023-05-18,2023-06-07,2023-06-11,2023-07-05,2023-07-09,Approved,38000,39000,39000,4,3,1,Final,Executed Change Order,2023-07-06,MEP
CO-00448,PRJ-035,CO-007,Value Engineering - Structural Area C4,Value Engineering,Subcontractor,Structural,Deductive,RFI,2024-08-27,2024-08-29,2024-09-18,2024-09-13,,,Pending,-47000,-39000,,0,0,0,Submitted,None,,MEP
CO-00449,PRJ-035,CO-008,Code or Regulatory Requirement - Fire Protection Area B10,Code or Regulatory Requirement,Architect,Fire Protection,Additive,Schedule Recovery,2024-07-25,2024-08-07,2024-08-27,2024-09-01,2024-09-15,2024-09-18,Approved,111000,111000,108000,0,0,1,Final,Field Directive,2024-09-18,Sitework
CO-00450,PRJ-035,CO-009,Unforeseen Condition - Specialty Systems Area D5,Unforeseen Condition,General Contractor,Specialty Systems,Zero-Cost,Field Condition,2024-08-01,2024-08-10,2024-08-30,2024-08-24,2024-09-08,2024-09-15,Approved,0,0,0,0,0,1,Final,Executed Change Order,2024-09-11,MEP
CO-00451,PRJ-035,CO-010,Scope Clarification - Controls Area B7,Scope Clarification,Subcontractor,Controls,Additive,Submittal Review,2024-12-13,2024-12-24,2025-01-13,2025-01-11,2025-02-07,2025-02-12,Approved,86000,85000,86000,3,2,1,Final,Executed Change Order,2025-02-09,Specialties
CO-00452,PRJ-035,CO-011,Value Engineering - General Area C3,VE,Architect,General,Additive,Owner Request,2023-06-11,2023-07-03,2023-07-23,2023-07-21,,,Pending,69000,73000,,0,0,1,Pricing in Progress,None,,Sitework
CO-00453,PRJ-036,CO-001,Substitution - Specialty Systems Area A7,Substitution,General Contractor,Specialty Systems,Additive,RFI,2024-01-28,2024-02-04,2024-02-24,2024-02-27,2024-03-14,2024-03-18,Approved,81000,75000,75000,9,6,1,Final,Owner Authorization,2024-03-19,MEP
CO-00454,PRJ-036,CO-002,Code or Regulatory Requirement - Electrical Area D1,Code or Regulatory Requirement,Subcontractor,Electrical,Deductive,Owner Request,2024-10-23,2024-10-28,2024-11-17,2024-11-06,,2024-11-23,Rejected,-740000,-596000,0,0,0,0,Final,None,,MEP
CO-00455,PRJ-036,CO-003,Scope Clarification - Electrical Area C8,Scope Clarification,Construction Manager,Electrical,Additive,RFI,2025-10-23,2025-10-31,2025-11-20,2025-11-09,2025-11-22,2025-11-24,Approved,65000,65000,,0,0,0,Final,Owner Authorization,2025-12-01,Metals
CO-00456,PRJ-036,CO-004,Schedule Acceleration - Plumbing Area D7,Schedule Acceleration,Architect,Plumbing,Additive,Design Revision,2024-07-24,2024-08-05,2024-08-25,2024-08-16,2024-08-28,2024-09-07,Approved,305000,317000,312000,6,3,1,Final,Executed Change Order,2024-09-01,Metals
CO-00457,PRJ-036,CO-005,Design Error or Omission - Specialty Systems Area C10,Design Error or Omission,Engineer,Specialty Systems,Additive,Design Revision,2024-10-01,2024-10-11,2024-10-31,2024-10-23,2024-10-30,2024-11-07,Approved,206000,180000,182000,0,0,0,Final,Owner Authorization,2024-11-11,Envelope
CO-00458,PRJ-036,CO-006,Value Engineering - Controls Area D10,Value Engineering,Construction Manager,Controls,Additive,Schedule Recovery,2025-11-23,2025-11-28,2025-12-18,2025-12-12,2025-12-24,2025-12-28,Approved,65000,55000,55000,1,0,1,Final,Field Directive,,Concrete
CO-00459,PRJ-036,CO-007,Owner-Directed Change - General Area B7,Owner-Directed Change,General Contractor,General,Additive,Owner Request,2025-03-01,2025-03-05,2025-03-25,2025-04-01,,,Pending,249000,,,0,0,0,Submitted,None,,Metals
CO-00460,PRJ-036,CO-008,Quantity Variation - Structural Area C10,Quantity Variation,Architect,Structural,Additive,Field Condition,2024-09-24,2024-09-29,2024-10-19,2024-10-04,2024-10-14,2024-10-21,Approved,73000,65000,64000,0,0,0,Final,Executed Change Order,2024-10-21,Specialties
CO-00461,PRJ-036,CO-009,Scope Clarification - Specialty Systems Area D3,Scope Clarification,Owner,Specialty Systems,Additive,Field Condition,2024-07-12,2024-07-19,2024-08-08,2024-08-04,2024-08-23,2024-08-29,Approved,550000,495000,480000,0,0,0,Final,Field Directive,2024-08-28,Specialties
CO-00462,PRJ-036,CO-010,Design Error or Omission - Structural Area A1,Design Error or Omission,Subcontractor,Structural,Additive,Submittal Review,2025-10-04,2025-10-07,2025-10-27,2025-10-21,,,Pending,415000,429000,,0,0,1,Pricing in Progress,None,,General Conditions
CO-00463,PRJ-036,CO-011,Design Error or Omission - General Area C5,Design Error or Omission,Owner,General,Additive,Submittal Review,2025-07-06,2025-07-09,2025-07-29,2025-07-20,2025-08-02,2025-08-03,Approved,338000,264000,267000,0,0,0,Final,Construction Change Directive,2025-08-09,General Conditions
CO-00464,PRJ-037,CO-001,Design Error or Omission - Structural Area A2,Design Error or Omission,Construction Manager,Structural,Additive,RFI,2024-04-01,2024-04-10,2024-04-30,2024-04-25,2024-05-16,2024-05-17,Approved,818000,709000,714000,10,10,0,Final,Owner Authorization,2024-05-19,MEP
CO-00465,PRJ-037,CO-002,Owner-Directed Change - Mechanical Area B9,Owner-Directed Change,Owner,Mechanical,Additive,Owner Request,2025-04-23,2025-04-26,2025-05-16,2025-05-13,2025-05-28,2025-06-06,Approved,833000,750000,738000,17,16,1,Final,Owner Authorization,2025-05-31,Metals
CO-00466,PRJ-037,CO-003,Schedule Acceleration - General Area D1,Schedule Acceleration,General Contractor,General,Additive,Submittal Review,2025-01-05,2025-01-10,2025-01-30,2025-02-02,2025-02-12,2025-02-15,Approved,263000,231000,224000,17,9,0,Final,Owner Authorization,2025-02-16,General Conditions
CO-00467,PRJ-037,CO-004,Design Error or Omission - Architectural Area D6,Design Error or Omission,General Contractor,Architectural,Additive,RFI,2024-11-25,2024-12-02,2024-12-22,2024-12-13,2024-12-31,2025-01-01,Approved,397000,324000,317000,0,0,0,Final,Owner Authorization,2025-01-03,Equipment
CO-00468,PRJ-037,CO-005,Code or Regulatory Requirement - Structural Area C5,Code or Regulatory Requirement,Owner,Structural,Additive,Owner Request,2024-01-14,2024-01-15,2024-02-04,2024-01-31,2024-02-23,2024-02-28,Approved,223000,203000,195000,0,0,0,Final,Field Directive,2024-02-26,MEP
CO-00469,PRJ-037,CO-006,Quantity Variation - Structural Area D10,Quantity Variation,Engineer,Structural,Additive,Design Revision,2024-09-09,2024-09-15,2024-10-05,2024-09-24,,2024-10-02,Withdrawn,251000,,0,0,0,0,Pricing in Progress,None,,Specialties
CO-00470,PRJ-037,CO-007,Value Engineering - Specialty Systems Area A1,Value Engineering,Architect,Specialty Systems,Deductive,RFI,2024-08-12,2024-08-22,2024-09-11,2024-09-17,2024-09-29,2024-10-08,Approved,-66000,-60000,-59000,0,0,2,Final,Owner Authorization,2024-10-03,General Conditions
CO-00471,PRJ-037,CO-008,Quantity Variation - Mechanical Area D10,Quantity Variation,General Contractor,Mechanical,Additive,RFI,2024-12-08,2024-12-22,2025-01-11,2025-01-05,,,Pending,96000,,,1,0,1,Pricing in Progress,None,,Interiors
CO-00472,PRJ-037,CO-009,Owner-Directed Change - Specialty Systems Area D4,Owner-Directed Change,Owner,Specialty Systems,Deductive,Owner Request,2023-10-19,2023-10-23,2023-11-12,2023-11-15,,,Pending,-117000,-101000,,12,0,0,Submitted,None,,Interiors
CO-00473,PRJ-037,CO-010,Quantity Variation - Mechanical Area B9,Quantity Variation,General Contractor,Mechanical,Zero-Cost,Schedule Recovery,2024-09-18,2024-09-23,2024-10-13,2024-10-02,,,Pending,0,0,,0,0,1,Pricing in Progress,None,,General Conditions
CO-00474,PRJ-037,CO-011,Unforeseen Condition - Mechanical Area C7,Unforeseen Condition,General Contractor,Mechanical,Additive,RFI,2024-01-30,2024-02-03,2024-02-23,2024-02-20,,2024-03-06,Rejected,108000,65000,0,17,0,0,Final,None,,Concrete
CO-00475,PRJ-037,CO-012,Scope Clarification - General Area A2,Scope Clarification,Owner,General,Additive,RFI,2024-12-25,2025-01-03,2025-01-23,2025-01-16,,2025-02-01,Withdrawn,229000,,0,3,0,1,Pricing in Progress,None,,Envelope
CO-00476,PRJ-037,CO-013,Design Error or Omission - Electrical Area B10,Design Error or Omission,Engineer,Electrical,Time Only,RFI,2025-09-27,2025-09-29,2025-10-19,2025-10-13,2025-10-31,2025-11-09,Approved,0,0,0,12,11,1,Final,Owner Authorization,2025-11-08,Interiors
CO-00477,PRJ-038,CO-001,Owner-Directed Change - Mechanical Area A2,Owner-Directed Change,Owner,Mechanical,Additive,Owner Request,2024-05-09,2024-05-12,2024-06-01,2024-05-19,,,Pending,207000,175000,,0,0,0,Negotiating,None,,Sitework
CO-00478,PRJ-038,CO-002,Owner-Directed Change - Plumbing Area D1,Owner-Directed Change,Owner,Plumbing,Additive,Owner Request,2025-07-01,2025-07-05,2025-07-25,2025-07-25,2025-08-04,2025-08-09,Approved,396000,398000,405000,0,0,0,Final,Owner Authorization,2025-08-17,Specialties
CO-00479,PRJ-038,CO-003,Quantity Variation - Electrical Area D5,Quantity Variation,Construction Manager,Electrical,Additive,RFI,2024-05-15,2024-05-23,2024-06-12,2024-06-01,2024-06-06,2024-06-08,Approved,211000,173000,170000,0,0,0,Final,Owner Authorization,2024-06-11,Specialties
CO-00480,PRJ-038,CO-004,Quantity Variation - Controls Area D10,Quantity Variation,Authority Having Jurisdiction,Controls,Additive,Owner Request,2025-01-25,2025-01-30,2025-02-19,2025-02-07,2025-02-12,2025-02-14,Approved,236000,238000,231000,0,0,1,Final,Owner Authorization,2025-02-15,Sitework
CO-00481,PRJ-038,CO-005,Owner-Directed Change - Specialty Systems Area D3,Owner-Directed Change,Owner,Specialty Systems,Additive,Owner Request,2025-04-22,2025-04-26,2025-05-16,2025-05-15,2025-05-23,2025-05-30,Approved,29000,28000,27000,0,0,0,Final,Executed Change Order,2025-06-04,MEP
CO-00482,PRJ-038,CO-006,Design Error or Omission - Electrical Area C10,Design Error or Omission,Engineer,Electrical,Additive,RFI,2025-02-14,2025-02-17,2025-03-09,2025-02-22,2025-02-28,2025-03-06,Approved,550000,518000,499000,0,0,0,Final,Owner Authorization,2025-03-14,Equipment
CO-00483,PRJ-038,CO-007,Owner-Directed Change - Architectural Area B3,Owner-Directed Change,Owner,Architectural,Additive,Owner Request,2025-04-14,2025-04-16,2025-05-06,2025-05-07,2025-05-28,2025-06-02,Approved,260000,243000,248000,0,0,1,Final,Owner Authorization,2025-05-29,Sitework
CO-00484,PRJ-038,CO-008,Owner-Directed Change - Structural Area B5,Owner-Directed Change,Owner,Structural,Additive,Owner Request,2025-02-16,2025-02-18,2025-03-10,2025-03-05,2025-03-29,2025-04-05,Approved,959000,860000,864000,2,1,1,Final,Owner Authorization,,Interiors
CO-00485,PRJ-038,CO-009,Design Error or Omission - Structural Area D6,Design Error or Omission,Construction Manager,Structural,Additive,RFI,2025-05-20,2025-05-22,2025-06-11,2025-06-04,2025-06-13,2025-06-14,Approved,260000,256000,251000,3,2,0,Final,Owner Authorization,2025-06-18,MEP
CO-00486,PRJ-038,CO-010,Design Error or Omission - General Area B1,Design Error or Omission,Engineer,General,Deductive,Design Revision,2025-03-29,2025-04-01,2025-04-21,2025-04-29,,,Pending,-119000,-114000,,0,0,2,Submitted,None,,Sitework
CO-00487,PRJ-039,CO-001,Scope Clarification - Architectural Area C2,Scope Clarification,Architect,Architectural,Additive,Design Revision,2025-05-30,2025-06-04,2025-06-24,2025-07-19,,2025-08-23,Rejected,82000,44000,0,0,0,2,Final,None,,General Conditions
CO-00488,PRJ-039,CO-002,Design Error or Omission - Specialty Systems Area A9,Design Error or Omission,Engineer,Specialty Systems,Additive,RFI,2024-10-26,2024-10-31,2024-11-20,2024-11-29,2024-12-15,2024-12-23,Approved,400000,361000,357000,0,0,2,Final,Executed Change Order,2024-12-22,Envelope
CO-00489,PRJ-039,CO-003,Design Error or Omission - Specialty Systems Area C9,Design Error or Omission,Engineer,Specialty Systems,Additive,Design Revision,2024-06-10,2024-06-22,2024-07-12,2024-06-29,,2024-07-12,Withdrawn,774000,,0,0,0,0,Pricing in Progress,None,,Interiors
CO-00490,PRJ-039,CO-004,Owner-Directed Change - Mechanical Area A9,Owner-Directed Change,General Contractor,Mechanical,Additive,Owner Request,2024-12-09,2024-12-18,2025-01-07,2024-12-28,2025-01-09,2025-01-10,Approved,225000,185000,187000,6,6,0,Final,Executed Change Order,2025-01-28,Interiors
CO-00491,PRJ-039,CO-005,Unforeseen Condition - Architectural Area A8,Unforeseen Condition,General Contractor,Architectural,Additive,Field Condition,2024-07-25,2024-08-18,2024-09-07,2024-09-01,2024-09-20,2024-09-29,Approved,215000,177000,178000,0,0,1,Final,Executed Change Order,,General Conditions
CO-00492,PRJ-039,CO-006,Scope Clarification - Structural Area D5,Scope Clarification,Architect,Structural,Additive,Field Condition,2025-07-06,2025-07-07,2025-07-27,2025-07-23,2025-07-31,2025-08-06,Approved,115000,89000,86000,0,0,1,Final,Executed Change Order,2025-08-08,Concrete
CO-00493,PRJ-039,CO-007,Unforeseen Condition - Electrical Area D8,Unforeseen Condition,General Contractor,Electrical,Deductive,Field Condition,2024-12-11,2024-12-16,2025-01-05,2025-01-21,,2025-02-21,Rejected,-104000,-50000,0,2,0,1,Final,None,,Interiors
CO-00494,PRJ-039,CO-008,Quantity Variation - Civil Area A9,Quantity Variation,General Contractor,Civil,Additive,Submittal Review,2024-12-01,2024-12-11,2024-12-31,2025-01-12,2025-01-26,2025-02-05,Approved,354000,362000,349000,11,10,2,Final,Executed Change Order,2025-02-02,Specialties
CO-00495,PRJ-039,CO-009,Unforeseen Condition - Fire Protection Area A6,Unforeseen Condition,General Contractor,Fire Protection,Additive,Field Condition,2024-07-05,2024-07-12,2024-08-01,2024-07-28,,,Pending,1124000,,,8,0,0,Submitted,None,,Interiors
CO-00496,PRJ-039,CO-010,Design Error or Omission - Structural Area A8,Design Error or Omission,Owner,Structural,Zero-Cost,Design Revision,2025-01-26,2025-01-30,2025-02-19,2025-03-08,2025-04-06,2025-04-16,Approved,0,0,0,0,0,1,Final,Executed Change Order,2025-04-14,MEP
CO-00497,PRJ-040,CO-001,Unforeseen Condition - Civil Area A1,Unforeseen Condition,General Contractor,Civil,Additive,Field Condition,2024-07-13,2024-07-19,2024-08-08,2024-08-13,,2024-09-27,Rejected,61000,47000,0,0,0,1,Final,None,,Concrete
CO-00498,PRJ-040,CO-002,Owner-Directed Change - Specialty Systems Area A9,Owner-Directed Change,Owner,Specialty Systems,Additive,Owner Request,2025-05-26,2025-05-31,2025-06-20,2025-06-19,,2025-06-29,Withdrawn,80000,,0,0,0,1,Pricing in Progress,None,,Equipment
CO-00499,PRJ-040,CO-003,Quantity Variation - Structural Area A9,Quantity Variation,Construction Manager,Structural,Additive,Field Condition,2025-08-06,2025-08-09,2025-08-29,2025-08-16,2025-08-27,2025-09-01,Approved,62000,52000,52000,0,0,0,Final,Construction Change Directive,2025-09-05,Sitework
CO-00500,PRJ-040,CO-004,Quantity Variation - Mechanical Area C6,Quantity Variation,Subcontractor,Mechanical,Additive,Owner Request,2024-09-11,2024-09-24,2024-10-14,2024-10-11,2024-10-23,2024-11-01,Approved,52000,43000,42000,0,0,1,Final,Executed Change Order,2024-11-07,Sitework
CO-00501,PRJ-040,CO-005,Owner-Directed Change - Controls Area B6,Owner-Directed Change,Owner,Controls,Additive,Owner Request,2024-04-08,2024-04-11,2024-05-01,2024-04-23,,2024-05-13,Withdrawn,81000,,0,0,0,0,Pricing in Progress,None,,MEP
CO-00502,PRJ-040,CO-006,Schedule Acceleration - Mechanical Area B7,Schedule Acceleration,General Contractor,Mechanical,Additive,Schedule Recovery,2025-07-25,2025-08-07,2025-08-27,2025-08-26,2025-09-07,2025-09-15,Approved,2011000,1911000,1882000,0,0,0,Final,Construction Change Directive,2025-09-13,Specialties
CO-00503,PRJ-040,CO-007,Scope Clarification - Electrical Area C1,Scope Clarification,General Contractor,Electrical,Zero-Cost,Submittal Review,2024-07-11,2024-07-18,2024-08-07,2024-07-29,,,Pending,0,,,1,0,0,Submitted,None,,Interiors
CO-00504,PRJ-040,CO-008,Owner-Directed Change - Architectural Area C4,Owner-Directed Change,Owner,Architectural,Time Only,Owner Request,2025-03-21,2025-03-31,2025-04-20,2025-04-18,2025-05-19,2025-05-26,Approved,0,0,0,3,2,1,Final,Owner Authorization,2025-05-31,MEP
CO-00505,PRJ-040,CO-009,Value Engineering - Plumbing Area C7,VE,Engineer,Plumbing,Deductive,RFI,2024-04-10,2024-04-23,2024-05-13,2024-05-08,2024-05-25,2024-05-26,Approved,-235000,-214000,-208000,4,3,0,Final,Construction Change Directive,2024-05-29,Concrete
CO-00506,PRJ-040,CO-010,Value Engineering - Architectural Area C1,Value Engineering,Engineer,Architectural,Additive,Design Revision,2024-03-31,2024-04-16,2024-05-06,2024-05-01,,2024-05-16,Withdrawn,42000,,0,0,0,0,Pricing in Progress,None,,Sitework
CO-00507,PRJ-040,CO-011,Design Error or Omission - Electrical Area A10,Design Error or Omission,Engineer,Electrical,Additive,Design Revision,2024-02-09,2024-02-15,2024-03-06,2024-03-07,,,Pending,101000,,,13,0,1,Pricing in Progress,None,,MEP
CO-00508,PRJ-040,CO-012,Scope Clarification - Structural Area D1,Scope Clarification,Owner,Structural,Additive,Schedule Recovery,2024-10-07,2024-10-11,2024-10-31,2024-11-01,,,Pending,122000,115000,,2,0,1,Submitted,None,,MEP
CO-00509,PRJ-040,CO-013,Unforeseen Condition - Mechanical Area C3,Unforeseen Condition,Subcontractor,Mechanical,Zero-Cost,RFI,2025-11-01,2025-11-19,2025-12-09,2025-12-15,,,Pending,0,,,26,0,1,Submitted,None,,MEP
CO-00510,PRJ-041,CO-001,Substitution - General Area B10,Substitution,Engineer,General,Additive,RFI,2022-04-05,2022-04-08,2022-04-28,2022-04-16,,,Pending,147000,139000,,0,0,1,Negotiating,None,,Interiors
CO-00511,PRJ-041,CO-002,Design Error or Omission - Civil Area D8,Design Error or Omission,Architect,Civil,Additive,Design Revision,2022-09-06,2022-09-10,2022-09-30,2022-09-29,2022-10-19,2022-10-20,Approved,53000,41000,41000,2,1,1,Final,Owner Authorization,2022-10-25,Equipment
CO-00512,PRJ-041,CO-003,Substitution - Specialty Systems Area D2,Substitution,Owner,Specialty Systems,Additive,RFI,2022-09-24,2022-09-28,2022-10-18,2022-10-01,2022-10-07,2022-10-09,Approved,584000,456000,446000,0,0,0,Final,Executed Change Order,2022-10-12,MEP
CO-00513,PRJ-041,CO-004,Quantity Variation - Specialty Systems Area A5,Quantity Variation,Authority Having Jurisdiction,Specialty Systems,Additive,Schedule Recovery,2022-12-14,2022-12-18,2023-01-07,2022-12-24,,,Pending,437000,,,0,0,1,Negotiating,None,,Interiors
CO-00514,PRJ-041,CO-005,Value Engineering - Mechanical Area C1,Value Engineering,General Contractor,Mechanical,Deductive,RFI,2022-07-12,2022-07-16,2022-08-05,2022-07-18,,,Pending,-597000,-640000,,1,0,0,Submitted,None,,MEP
CO-00515,PRJ-041,CO-006,Design Error or Omission - Architectural Area B8,Design Error or Omission,General Contractor,Architectural,Additive,RFI,2022-05-20,2022-06-02,2022-06-22,2022-06-11,2022-06-25,2022-07-04,Approved,2483000,2275000,2307000,0,0,2,Final,Construction Change Directive,2022-07-01,General Conditions
CO-00516,PRJ-041,CO-007,Owner-Directed Change - Controls Area C2,Owner-Directed Change,Owner,Controls,Additive,Owner Request,2022-05-22,2022-05-24,2022-06-13,2022-05-31,,,Pending,1411000,1440000,,0,0,0,Submitted,None,,General Conditions
CO-00517,PRJ-041,CO-008,Scope Clarification - Specialty Systems Area B7,Scope Clarification,Owner,Specialty Systems,Zero-Cost,Field Condition,2022-10-07,2022-10-14,2022-11-03,2022-10-21,,2022-10-27,Withdrawn,0,,0,0,0,1,ROM,None,,General Conditions
CO-00518,PRJ-041,CO-009,Quantity Variation - Civil Area D8,Quantity Variation,Engineer,Civil,Deductive,Schedule Recovery,2022-02-20,2022-02-23,2022-03-15,2022-03-10,2022-03-23,2022-03-29,Approved,-678000,-518000,-504000,0,0,0,Final,Executed Change Order,2022-03-25,Specialties
CO-00519,PRJ-041,CO-010,Unforeseen Condition - Structural Area D9,Unforeseen Condition,General Contractor,Structural,Additive,RFI,2022-08-16,2022-08-19,2022-09-08,2022-08-29,,,Pending,1915000,,,25,0,1,Submitted,None,,Envelope
CO-00520,PRJ-041,CO-011,Schedule Acceleration - Mechanical Area B2,Schedule Acceleration,Architect,Mechanical,Additive,Design Revision,2022-03-13,2022-03-17,2022-04-06,2022-03-24,2022-03-28,2022-04-03,Approved,731000,573000,579000,0,0,0,Final,Owner Authorization,2022-03-31,MEP
CO-00521,PRJ-041,CO-012,Quantity Variation - Civil Area D4,Quantity Variation,Engineer,Civil,Additive,Owner Request,2022-02-28,2022-03-02,2022-03-22,2022-03-05,2022-03-08,2022-03-17,Approved,530000,440000,432000,0,0,0,Final,Executed Change Order,2022-03-09,Sitework
CO-00522,PRJ-042,CO-001,Owner-Directed Change - Electrical Area A9,Owner-Directed Change,Owner,Electrical,Additive,Owner Request,2023-06-29,2023-07-08,2023-07-28,2023-07-19,,2023-07-29,Rejected,68000,41000,0,4,0,1,Final,None,,Envelope
CO-00523,PRJ-042,CO-002,Schedule Acceleration - Fire Protection Area B8,Schedule Acceleration,Engineer,Fire Protection,Deductive,Field Condition,2023-10-19,2023-10-28,2023-11-17,2023-11-27,2023-12-11,2023-12-17,Approved,-195000,-158000,-155000,0,0,1,Final,Owner Authorization,2023-12-16,Interiors
CO-00524,PRJ-042,CO-003,Design Error or Omission - Mechanical Area A5,Design Error or Omission,Architect,Mechanical,Additive,RFI,2022-11-26,2022-11-29,2022-12-19,2022-12-10,,,Pending,88000,,,11,0,0,Submitted,None,,Specialties
CO-00525,PRJ-042,CO-004,Design Error or Omission - Electrical Area C6,Design Error or Omission,Architect,Electrical,Deductive,RFI,2023-10-04,2023-10-17,2023-11-06,2023-11-15,2023-11-27,2023-12-01,Approved,-297000,-262000,-256000,0,0,0,Final,Owner Authorization,2023-12-04,MEP
CO-00526,PRJ-042,CO-005,Owner-Directed Change - Architectural Area B5,Owner-Directed Change,Owner,Architectural,Additive,Owner Request,2023-01-15,2023-01-19,2023-02-08,2023-02-16,2023-03-14,2023-03-19,Approved,151000,135000,132000,0,0,0,Final,Executed Change Order,2023-03-21,General Conditions
CO-00527,PRJ-042,CO-006,Design Error or Omission - Specialty Systems Area B3,Design Error or Omission,Engineer,Specialty Systems,Additive,Submittal Review,2023-07-22,2023-07-29,2023-08-18,2023-08-15,,2023-09-02,Withdrawn,13000,,0,0,0,2,Pricing in Progress,None,,MEP
CO-00528,PRJ-042,CO-007,Unforeseen Condition - Controls Area C9,Unforeseen Condition,General Contractor,Controls,Additive,Field Condition,2023-10-05,2023-10-13,2023-11-02,2023-11-01,,2023-11-15,Rejected,86000,41000,0,0,0,0,Final,None,,Concrete
CO-00529,PRJ-042,CO-008,Design Error or Omission - Mechanical Area A10,Design Error or Omission,Architect,Mechanical,Additive,Design Revision,2023-05-31,2023-06-19,2023-07-09,2023-07-03,2023-07-27,2023-08-06,Approved,24000,19000,19000,0,0,1,Final,Executed Change Order,2023-08-16,MEP
CO-00530,PRJ-042,CO-009,Schedule Acceleration - Mechanical Area B4,Schedule Acceleration,Architect,Mechanical,Zero-Cost,RFI,2023-08-15,2023-08-17,2023-09-06,2023-10-01,2023-10-20,2023-10-21,Approved,0,0,0,0,0,1,Final,Executed Change Order,2023-10-25,Envelope
CO-00531,PRJ-042,CO-010,Code or Regulatory Requirement - Controls Area C5,Code or Regulatory Requirement,Architect,Controls,Additive,Field Condition,2023-05-24,2023-06-02,2023-06-22,2023-06-23,2023-07-29,2023-07-31,Approved,70000,65000,66000,0,0,2,Final,Owner Authorization,2023-08-04,MEP
CO-00532,PRJ-042,CO-011,Unforeseen Condition - Electrical Area B6,Unforeseen Condition,General Contractor,Electrical,Additive,Field Condition,2023-10-14,2023-10-24,2023-11-13,2023-11-02,2023-11-15,2023-11-18,Approved,579000,497000,493000,0,0,0,Final,Field Directive,,Equipment
CO-00533,PRJ-043,CO-001,Design Error or Omission - Civil Area B10,Design Error or Omission,Architect,Civil,Additive,RFI,2024-01-08,2024-01-14,2024-02-03,2024-02-01,2024-02-20,2024-02-26,Approved,594000,560000,546000,0,0,2,Final,Field Directive,2024-02-23,Interiors
CO-00534,PRJ-043,CO-002,Scope Clarification - General Area A2,Scope Clarification,Owner,General,Additive,Design Revision,2024-10-30,2024-11-07,2024-11-27,2024-11-23,2024-12-02,2024-12-10,Approved,91000,79000,80000,0,0,1,Final,Construction Change Directive,2024-12-15,MEP
CO-00535,PRJ-043,CO-003,Scope Clarification - Civil Area C7,Scope Clarification,Owner,Civil,Additive,RFI,2024-09-02,2024-09-16,2024-10-06,2024-10-15,,,Pending,55000,49000,,0,0,0,Submitted,None,,Metals
CO-00536,PRJ-043,CO-004,Schedule Acceleration - General Area B9,Schedule Acceleration,Construction Manager,General,Additive,Submittal Review,2024-09-18,2024-09-26,2024-10-16,2024-10-05,2024-10-18,2024-10-22,Approved,80000,83000,81000,13,10,1,Final,Executed Change Order,2024-10-21,Concrete
CO-00537,PRJ-043,CO-005,Owner-Directed Change - Specialty Systems Area B4,Owner-Directed Change,Owner,Specialty Systems,Additive,Owner Request,2024-03-31,2024-04-11,2024-05-01,2024-04-25,2024-05-10,2024-05-11,Approved,134000,126000,124000,0,0,0,Final,Owner Authorization,,Concrete
CO-00538,PRJ-043,CO-006,Quantity Variation - Plumbing Area B7,Quantity Variation,Authority Having Jurisdiction,Plumbing,Additive,Submittal Review,2023-06-21,2023-06-25,2023-07-15,2023-07-09,2023-06-17,2023-07-26,Approved,378000,344000,337000,0,0,1,Final,Owner Authorization,2023-07-28,Metals
CO-00539,PRJ-043,CO-007,Schedule Acceleration - Architectural Area A2,Schedule Acceleration,General Contractor,Architectural,Deductive,Design Revision,2025-02-26,2025-03-05,2025-03-25,2025-03-23,,2025-04-04,Rejected,-2116000,-1762000,0,0,0,1,Final,None,,MEP
CO-00540,PRJ-043,CO-008,Unforeseen Condition - General Area A4,Unforeseen Condition,Engineer,General,Time Only,Field Condition,2023-11-21,2023-12-08,2023-12-28,2023-12-16,2023-12-28,2023-12-31,Approved,0,0,0,8,5,0,Final,Executed Change Order,2024-01-04,MEP
CO-00541,PRJ-043,CO-009,Owner-Directed Change - Specialty Systems Area D4,Owner-Directed Change,Construction Manager,Specialty Systems,Additive,Owner Request,2023-08-06,2023-08-21,2023-09-10,2023-09-02,2023-09-12,2023-09-17,Approved,83000,81000,79000,0,0,0,Final,Executed Change Order,2023-10-04,MEP
CO-00542,PRJ-043,CO-010,Schedule Acceleration - Structural Area A6,Schedule Acceleration,Architect,Structural,Additive,Schedule Recovery,2023-12-14,2023-12-23,2024-01-12,2024-01-19,,,Pending,20000,,,0,0,2,Submitted,None,,MEP
CO-00543,PRJ-043,CO-011,Scope Clarification - Architectural Area A2,Scope Clarification,Engineer,Architectural,Additive,Design Revision,2023-06-22,2023-06-30,2023-07-20,2023-07-17,,,Pending,21000,,,0,0,1,Negotiating,None,,MEP
CO-00544,PRJ-043,CO-012,Scope Clarification - General Area C6,Scope Clarification,Owner,General,Zero-Cost,Schedule Recovery,2024-12-20,2024-12-29,2025-01-18,2025-01-09,,,Pending,0,,,0,0,1,Pricing in Progress,None,,Sitework
CO-00545,PRJ-043,CO-013,Substitution - Electrical Area D8,Substitution,Subcontractor,Electrical,Additive,Field Condition,2024-03-25,2024-04-02,2024-04-22,2024-04-07,,2024-04-16,Rejected,112000,65000,0,3,0,0,Final,None,,Interiors
CO-00546,PRJ-043,CO-014,Owner-Directed Change - Fire Protection Area C4,Owner-Directed Change,Owner,Fire Protection,Zero-Cost,Owner Request,2023-05-21,2023-06-16,2023-07-06,2023-06-24,,2023-07-09,Withdrawn,0,,0,0,0,0,Submitted,None,,Concrete
CO-00547,PRJ-043,CO-015,Unforeseen Condition - Specialty Systems Area D7,Unforeseen Condition,General Contractor,Specialty Systems,Deductive,Field Condition,2023-07-20,2023-07-22,2023-08-11,2023-07-27,2023-07-30,2023-08-05,Approved,-121000,-101000,-101000,0,0,0,Final,Owner Authorization,2023-07-31,MEP
CO-00548,PRJ-043,CO-016,Owner-Directed Change - Architectural Area D9,Owner-Directed Change,Owner,Architectural,Additive,Owner Request,2023-12-09,2023-12-12,2024-01-01,2023-12-28,2024-01-06,2024-01-08,Approved,337000,319000,320000,7,5,0,Final,Owner Authorization,2024-01-15,MEP
CO-00549,PRJ-043,CO-017,Scope Clarification - Fire Protection Area C8,Scope Clarification,Owner,Fire Protection,Additive,RFI,2024-11-11,2024-11-17,2024-12-07,2024-11-27,2024-12-15,2024-12-17,Approved,26000,20000,20000,0,0,1,Final,Owner Authorization,2024-12-21,Concrete
CO-00550,PRJ-043,CO-018,Schedule Acceleration - Mechanical Area B7,Schedule Acceleration,Owner,Mechanical,Deductive,Owner Request,2024-07-15,2024-07-19,2024-08-08,2024-08-10,2024-09-01,2024-09-07,Approved,-85000,-72000,-72000,0,0,1,Final,Owner Authorization,2024-09-12,MEP
CO-00551,PRJ-043,CO-019,Design Error or Omission - Electrical Area A6,Design Error or Omission,Engineer,Electrical,Additive,RFI,2025-02-28,2025-03-18,2025-04-07,2025-03-29,2025-04-09,2025-04-19,Approved,29000,26000,26000,0,0,0,Final,Owner Authorization,2025-04-11,MEP
CO-00552,PRJ-043,CO-020,Unforeseen Condition - Mechanical Area C4,Unforeseen Condition,Subcontractor,Mechanical,Additive,Field Condition,2023-08-22,2023-08-26,2023-09-15,2023-09-03,,,Pending,60000,51000,,5,0,0,Negotiating,None,,MEP
CO-00553,PRJ-044,CO-001,Substitution - Plumbing Area D7,Substitution,Construction Manager,Plumbing,Deductive,Schedule Recovery,2025-04-03,2025-04-10,2025-04-30,2025-04-13,2025-04-17,2025-04-23,Approved,-61000,-47000,-46000,10,6,0,Final,Executed Change Order,2025-04-24,Concrete
CO-00554,PRJ-044,CO-002,Quantity Variation - Plumbing Area B5,Quantity Variation,Engineer,Plumbing,Deductive,Field Condition,2022-12-02,2022-12-08,2022-12-28,2022-12-22,,,Pending,-645000,,,0,0,2,Submitted,None,,Concrete
CO-00555,PRJ-044,CO-003,Substitution - Mechanical Area C9,Substitution,Construction Manager,Mechanical,Deductive,RFI,2025-03-28,2025-04-01,2025-04-21,2025-04-12,2025-04-19,2025-04-23,Approved,-168000,-167000,-170000,0,0,1,Final,Owner Authorization,2025-04-22,General Conditions
CO-00556,PRJ-044,CO-004,Design Error or Omission - Civil Area A6,Design Error or Omission,Architect,Civil,Additive,RFI,2023-01-30,2023-02-01,2023-02-21,2023-02-17,,2023-03-03,Rejected,375000,299000,0,0,0,1,Final,None,,Concrete
CO-00557,PRJ-044,CO-005,Value Engineering - Structural Area D7,Value Engineering,General Contractor,Structural,Additive,Design Revision,2023-09-12,2023-09-20,2023-10-10,2023-09-24,2023-10-01,2023-10-06,Approved,231000,216000,215000,0,0,0,Final,Owner Authorization,2023-10-03,Sitework
CO-00558,PRJ-044,CO-006,Unforeseen Condition - Structural Area D5,Unforeseen Condition,Construction Manager,Structural,Deductive,Field Condition,2024-09-17,2024-09-23,2024-10-13,2024-09-28,,,Pending,-617000,-538000,,5,0,0,Pricing in Progress,None,,Metals
CO-00559,PRJ-044,CO-007,Owner-Directed Change - General Area C2,Owner-Directed Change,Owner,General,Zero-Cost,Owner Request,2022-12-27,2023-01-01,2023-01-21,2023-01-06,,2023-01-17,Rejected,0,0,0,0,0,0,Final,None,,MEP
CO-00560,PRJ-044,CO-008,Scope Clarification - Specialty Systems Area A4,Scope Clarification,Engineer,Specialty Systems,Additive,Owner Request,2024-09-29,2024-10-02,2024-10-22,2024-10-12,2024-10-22,2024-10-24,Approved,195000,157000,156000,0,0,0,Final,Construction Change Directive,2024-10-30,Interiors
CO-00561,PRJ-045,CO-001,Design Error or Omission - Plumbing Area A1,Design Error or Omission,Architect,Plumbing,Additive,Submittal Review,2025-09-03,2025-09-10,2025-09-30,2025-09-28,2025-10-19,2025-10-27,Approved,583000,476000,484000,0,0,0,Final,Executed Change Order,2025-10-24,Specialties
CO-00562,PRJ-045,CO-002,Scope Clarification - Specialty Systems Area A8,Scope Clarification,Engineer,Specialty Systems,Additive,RFI,2025-04-04,2025-04-06,2025-04-26,2025-04-16,2025-04-27,2025-05-01,Approved,79000,65000,65000,0,0,1,Final,Construction Change Directive,2025-05-07,General Conditions
CO-00563,PRJ-045,CO-003,Owner-Directed Change - Mechanical Area D2,Owner-Directed Change,Owner,Mechanical,Additive,Owner Request,2025-02-11,2025-02-17,2025-03-09,2025-02-26,,,Pending,886000,,,16,0,0,Submitted,None,,Sitework
CO-00564,PRJ-045,CO-004,Owner-Directed Change - General Area D4,Owner-Directed Change,Architect,General,Additive,Owner Request,2025-03-15,2025-03-17,2025-04-06,2025-04-09,,,Pending,3602000,,,0,0,0,Submitted,None,,Envelope
CO-00565,PRJ-045,CO-005,Schedule Acceleration - Architectural Area C6,Schedule Acceleration,Subcontractor,Architectural,Deductive,Design Revision,2025-07-13,2025-07-17,2025-08-06,2025-07-21,2025-07-27,2025-08-01,Approved,-608000,-502000,-510000,0,0,0,Final,Owner Authorization,2025-08-02,Equipment
CO-00566,PRJ-045,CO-006,Unforeseen Condition - Architectural Area D5,Unforeseen Condition,Construction Manager,Architectural,Additive,RFI,2024-06-29,2024-07-09,2024-07-29,2024-07-20,2024-08-05,2024-08-10,Approved,565000,503000,506000,0,0,1,Final,Executed Change Order,2024-08-17,Sitework
CO-00567,PRJ-045,CO-007,Design Error or Omission - Plumbing Area A7,Design Error or Omission,Architect,Plumbing,Additive,Design Revision,2025-06-30,2025-07-02,2025-07-22,2025-07-25,2025-08-10,2025-08-12,Approved,494000,475000,459000,0,0,1,Final,Executed Change Order,2025-08-16,Specialties
CO-00568,PRJ-045,CO-008,Unforeseen Condition - Controls Area B2,Unforeseen Condition,Construction Manager,Controls,Additive,Field Condition,2024-06-15,2024-06-27,2024-07-17,2024-07-05,2024-07-11,2024-07-17,Approved,358000,371000,358000,0,0,0,Final,Owner Authorization,2024-07-20,Envelope
CO-00569,PRJ-045,CO-009,Owner-Directed Change - Architectural Area D3,Owner-Directed Change,Owner,Architectural,Additive,Owner Request,2025-05-15,2025-05-18,2025-06-07,2025-05-31,2025-06-11,2025-06-14,Approved,137000,131000,128000,0,0,0,Final,Owner Authorization,2025-06-17,General Conditions
CO-00570,PRJ-045,CO-010,Substitution - Specialty Systems Area A10,Substitution,Subcontractor,Specialty Systems,Additive,Design Revision,2024-11-13,2024-11-15,2024-12-05,2024-12-02,2024-12-13,2024-12-14,Approved,39000,38000,38000,14,10,0,Final,Construction Change Directive,2024-12-20,MEP
CO-00571,PRJ-045,CO-011,Unforeseen Condition - General Area D2,Unforeseen Condition,Construction Manager,General,Additive,Field Condition,2024-05-26,2024-05-30,2024-06-19,2024-06-21,2024-07-07,2024-07-10,Approved,205000,170000,167000,0,0,1,Final,Executed Change Order,2024-07-17,General Conditions
CO-00572,PRJ-045,CO-012,Schedule Acceleration - Mechanical Area A10,Schedule Acceleration,Owner,Mechanical,Additive,Owner Request,2025-03-15,2025-03-17,2025-04-06,2025-03-25,2025-04-08,2025-04-18,Approved,297000,266000,263000,6,5,1,Final,Executed Change Order,2025-04-12,MEP
CO-00573,PRJ-046,CO-001,Design Error or Omission - Mechanical Area A4,Design Error or Omission,Engineer,Mechanical,Additive,RFI,2024-11-05,2024-11-08,2024-11-28,2024-11-28,2024-12-30,2025-01-05,Approved,355000,294000,289000,0,0,1,Final,Field Directive,2025-01-09,Metals
CO-00574,PRJ-046,CO-002,Schedule Acceleration - Specialty Systems Area B7,Schedule Acceleration,Subcontractor,Specialty Systems,Additive,Field Condition,2023-03-30,2023-04-06,2023-04-26,2023-04-29,2023-05-10,2023-05-14,Approved,351000,359000,363000,0,0,1,Final,Executed Change Order,2023-05-13,MEP
CO-00575,PRJ-046,CO-003,Unforeseen Condition - Mechanical Area C2,Unforeseen Condition,Subcontractor,Mechanical,Additive,RFI,2023-01-02,2023-01-04,2023-01-24,2023-01-14,,2023-01-29,Rejected,229000,165000,0,0,0,1,Final,None,,Interiors
CO-00576,PRJ-046,CO-004,Design Error or Omission - Civil Area C4,Design Error or Omission,Architect,Civil,Additive,Design Revision,2023-01-08,2023-01-12,2023-02-01,2023-02-09,2023-02-26,2023-02-27,Approved,73000,61000,59000,0,0,0,Final,Owner Authorization,2023-03-01,Envelope
CO-00577,PRJ-046,CO-005,Design Error or Omission - Electrical Area C2,Design Error or Omission,Architect,Electrical,Additive,Submittal Review,2023-04-18,2023-04-27,2023-05-17,2023-05-18,2023-06-03,2023-06-08,Approved,39000,33000,32000,0,0,1,Final,Executed Change Order,2023-06-05,Interiors
CO-00578,PRJ-046,CO-006,Scope Clarification - Structural Area A3,Scope Clarification,Owner,Structural,Time Only,Schedule Recovery,2023-03-09,2023-03-16,2023-04-05,2023-04-01,,2023-04-17,Rejected,0,0,0,5,0,0,Final,None,,Specialties
CO-00579,PRJ-046,CO-007,Unforeseen Condition - Specialty Systems Area A5,Unforeseen Condition,General Contractor,Specialty Systems,Zero-Cost,Field Condition,2023-03-17,2023-03-22,2023-04-11,2023-03-26,2023-04-01,2023-04-02,Approved,0,0,0,0,0,0,Final,Owner Authorization,2023-04-06,Sitework
CO-00580,PRJ-046,CO-008,Schedule Acceleration - Electrical Area D5,Schedule Acceleration,Subcontractor,Electrical,Deductive,RFI,2023-09-10,2023-09-25,2023-10-15,2023-10-03,,,Pending,-81000,-79000,,7,0,0,Pricing in Progress,None,,MEP
CO-00581,PRJ-046,CO-009,Quantity Variation - Specialty Systems Area D1,Quantity Variation,Subcontractor,Specialty Systems,Additive,Field Condition,2023-01-09,2023-01-17,2023-02-06,2023-02-02,2023-02-11,2023-02-15,Approved,87000,67000,68000,25,17,1,Final,Executed Change Order,2023-02-15,MEP
CO-00582,PRJ-046,CO-010,Design Error or Omission - Electrical Area C6,Design Error or Omission,Subcontractor,Electrical,Additive,Design Revision,2023-05-20,2023-06-02,2023-06-22,2023-06-11,,,Pending,286000,,,0,0,0,Submitted,None,,MEP
CO-00583,PRJ-046,CO-011,Unforeseen Condition - Structural Area C1,Unforeseen Condition,Authority Having Jurisdiction,Structural,Additive,RFI,2024-03-08,2024-03-11,2024-03-31,2024-04-02,,,Pending,301000,,,7,0,1,Negotiating,None,,Metals
CO-00584,PRJ-047,CO-001,Design Error or Omission - Structural Area A10,Design Error or Omission,Engineer,Structural,Additive,Design Revision,2024-02-29,2024-03-07,2024-03-27,2024-03-25,,,Pending,667000,708000,,0,0,0,Submitted,None,,Sitework
CO-00585,PRJ-047,CO-002,Design Error or Omission - Specialty Systems Area C1,Design Error or Omission,Architect,Specialty Systems,Additive,RFI,2023-09-08,2023-09-16,2023-10-06,2023-09-29,,,Pending,16000,,,1,0,0,Submitted,None,,MEP
CO-00586,PRJ-047,CO-003,Value Engineering - Civil Area A8,Value Engineering,Owner,Civil,Additive,Owner Request,2024-10-03,2024-10-04,2024-10-24,2024-10-21,,2024-11-08,Rejected,36000,30000,0,0,0,0,Final,None,,Equipment
CO-00587,PRJ-047,CO-004,Design Error or Omission - Specialty Systems Area D2,Design Error or Omission,Engineer,Specialty Systems,Additive,RFI,2023-12-19,2023-12-26,2024-01-15,2024-01-06,2024-01-17,2024-01-25,Approved,622000,572000,567000,5,3,0,Final,Executed Change Order,2024-01-22,Concrete
CO-00588,PRJ-047,CO-005,Unforeseen Condition - General Area C8,Unforeseen Condition,Subcontractor,General,Deductive,Field Condition,2023-09-10,2023-09-12,2023-10-02,2023-09-29,2023-10-07,2023-10-15,Approved,-72000,-56000,-54000,0,0,0,Final,Owner Authorization,,Interiors
CO-00589,PRJ-047,CO-006,Owner-Directed Change - General Area A7,Owner-Directed Change,Owner,General,Deductive,Owner Request,2024-11-01,2024-11-04,2024-11-24,2024-11-15,2024-12-03,2024-12-06,Approved,-102000,-83000,-81000,0,0,0,Final,Owner Authorization,2024-12-11,MEP
CO-00590,PRJ-047,CO-007,Substitution - Architectural Area C4,Substitution,Subcontractor,Architectural,Additive,Submittal Review,2025-01-18,2025-01-23,2025-02-12,2025-02-04,2025-02-15,2025-02-22,Approved,332000,328000,330000,0,0,1,Final,Owner Authorization,2025-03-01,Interiors
CO-00591,PRJ-047,CO-008,Scope Clarification - Architectural Area A3,Scope Clarification,Engineer,Architectural,Deductive,Field Condition,2024-11-04,2024-11-06,2024-11-26,2024-11-19,2024-11-25,2024-11-29,Approved,-112000,-97000,-98000,0,0,0,Final,Executed Change Order,2024-11-29,MEP
CO-00592,PRJ-047,CO-009,Design Error or Omission - Structural Area D6,Design Error or Omission,Construction Manager,Structural,Additive,RFI,2023-07-03,2023-07-06,2023-07-26,2023-07-30,2023-08-15,2023-08-20,Approved,38000,38000,39000,0,0,1,Final,Owner Authorization,2023-08-28,Interiors
CO-00593,PRJ-047,CO-010,Design Error or Omission - Structural Area B7,Design Error or Omission,General Contractor,Structural,Time Only,Design Revision,2023-06-14,2023-06-19,2023-07-09,2023-07-03,2023-07-13,2023-07-14,Approved,0,0,0,7,6,1,Final,Executed Change Order,2023-07-18,General Conditions
CO-00594,PRJ-047,CO-011,Owner-Directed Change - Plumbing Area C3,Owner-Directed Change,Owner,Plumbing,Additive,Owner Request,2024-05-02,2024-05-08,2024-05-28,2024-05-24,,,Pending,124000,,,0,0,0,Submitted,None,,MEP
CO-00595,PRJ-047,CO-012,Substitution - Specialty Systems Area B7,Substitution,Architect,Specialty Systems,Additive,Field Condition,2024-03-29,2024-04-02,2024-04-22,2024-04-04,,,Pending,117000,103000,,9,0,0,ROM,None,,Concrete
CO-00596,PRJ-048,CO-001,Design Error or Omission - Specialty Systems Area A6,Design Error or Omission,Engineer,Specialty Systems,Additive,Design Revision,2023-11-30,2023-12-10,2023-12-30,2023-12-27,2024-01-17,2024-01-19,Approved,322000,257000,248000,0,0,1,Final,Owner Authorization,2024-01-21,Specialties
CO-00597,PRJ-048,CO-002,Unforeseen Condition - Electrical Area A8,Unforeseen Condition,General Contractor,Electrical,Additive,Field Condition,2024-09-02,2024-09-03,2024-09-23,2024-09-08,,2024-09-18,Rejected,590000,416000,0,0,0,0,Final,None,,Concrete
CO-00598,PRJ-048,CO-003,Design Error or Omission - Controls Area D5,Design Error or Omission,Engineer,Controls,Additive,RFI,2024-09-10,2024-09-28,2024-10-18,2024-09-30,,,Pending,643000,569000,,0,0,0,Pricing in Progress,None,,Metals
CO-00599,PRJ-048,CO-004,Code or Regulatory Requirement - Specialty Systems Area D10,Code or Regulatory Requirement,Subcontractor,Specialty Systems,Deductive,RFI,2024-11-11,2024-11-20,2024-12-10,2024-12-01,2024-12-07,2024-12-12,Approved,-801000,-827000,-820000,5,3,0,Final,Owner Authorization,2024-12-12,MEP
CO-00600,PRJ-048,CO-005,Scope Clarification - Civil Area A4,Scope Clarification,Engineer,Civil,Additive,Design Revision,2023-11-28,2023-12-04,2023-12-24,2023-12-22,2024-01-11,2024-01-21,Approved,430000,386000,374000,2,2,1,Final,Owner Authorization,2024-01-18,Sitework
CO-00601,PRJ-048,CO-006,Value Engineering - Mechanical Area A7,Value Engineering,Architect,Mechanical,Additive,Design Revision,2023-06-28,2023-07-12,2023-08-01,2023-07-28,2023-08-10,2023-08-16,Approved,2590000,2254000,2289000,3,2,1,Final,Executed Change Order,2023-08-12,Interiors
CO-00602,PRJ-048,CO-007,Unforeseen Condition - Electrical Area D6,Unforeseen Condition,General Contractor,Electrical,Additive,Field Condition,2022-07-16,2022-07-23,2022-08-12,2022-09-12,2022-10-28,2022-11-03,Approved,452000,438000,436000,0,0,1,Final,Owner Authorization,2022-11-01,Specialties
CO-00603,PRJ-048,CO-008,Substitution - Electrical Area A6,Substitution,Construction Manager,Electrical,Additive,Field Condition,2023-04-13,2023-04-22,2023-05-12,2023-04-24,2023-04-30,2023-05-02,Approved,383000,302000,292000,0,0,0,Final,Owner Authorization,2023-05-02,Interiors
CO-00604,PRJ-048,CO-009,Value Engineering - Electrical Area B3,Value Engineering,General Contractor,Electrical,Zero-Cost,Submittal Review,2024-04-13,2024-04-17,2024-05-07,2024-05-05,2024-05-15,2024-05-16,Approved,0,0,0,0,0,1,Final,Construction Change Directive,2024-05-19,MEP
CO-00605,PRJ-048,CO-010,Owner-Directed Change - Fire Protection Area A7,Owner-Directed Change,Owner,Fire Protection,Additive,Owner Request,2023-07-17,2023-07-19,2023-08-08,2023-07-31,2023-08-18,2023-08-28,Approved,358000,316000,312000,0,0,0,Final,Owner Authorization,2023-08-21,MEP
CO-00606,PRJ-048,CO-011,Scope Clarification - Structural Area A5,Scope Clarification,Engineer,Structural,Additive,Design Revision,2024-08-02,2024-08-07,2024-08-27,2024-08-18,2024-09-02,2024-09-08,Approved,579000,560000,560000,0,0,1,Final,Field Directive,2024-09-08,Concrete
CO-00607,PRJ-048,CO-012,Quantity Variation - Specialty Systems Area A9,Quantity Variation,Engineer,Specialty Systems,Additive,Submittal Review,2022-02-06,2022-02-13,2022-03-05,2022-02-20,,2022-03-10,Rejected,196000,130000,0,0,0,0,Final,None,,Metals
CO-00608,PRJ-048,CO-013,Value Engineering - Fire Protection Area A4,Value Engineering,General Contractor,Fire Protection,Zero-Cost,RFI,2022-11-04,2022-11-10,2022-11-30,2022-11-20,2022-12-02,2022-12-11,Approved,0,0,0,0,0,0,Final,Construction Change Directive,2022-12-06,Concrete
CO-00609,PRJ-048,CO-014,Scope Clarification - Architectural Area B2,Scope Clarification,General Contractor,Architectural,Additive,Schedule Recovery,2023-03-15,2023-03-21,2023-04-10,2023-04-02,,2023-04-16,Withdrawn,405000,,0,0,0,0,Pricing in Progress,None,,MEP
CO-00610,PRJ-048,CO-015,Value Engineering - General Area B6,Value Engineering,Engineer,General,Additive,Owner Request,2022-02-24,2022-03-01,2022-03-21,2022-03-13,2022-03-31,2022-04-05,Approved,199000,177000,180000,0,0,1,Final,Construction Change Directive,2022-04-07,Envelope
CO-00611,PRJ-048,CO-016,Owner-Directed Change - Mechanical Area C7,Owner-Directed Change,Owner,Mechanical,Time Only,Owner Request,2024-10-01,2024-10-03,2024-10-23,2024-10-31,,,Pending,0,0,,10,0,0,Negotiating,None,,MEP
CO-00612,PRJ-048,CO-017,Substitution - Architectural Area A2,Substitution,Owner,Architectural,Additive,Field Condition,2023-04-06,2023-04-12,2023-05-02,2023-05-02,2023-05-14,2023-05-21,Approved,253000,233000,235000,0,0,1,Final,Executed Change Order,2023-05-16,MEP
CO-00613,PRJ-048,CO-018,Owner-Directed Change - Electrical Area C3,Owner-Directed Change,Owner,Electrical,Additive,Owner Request,2022-05-09,2022-06-04,2022-06-24,2022-07-14,2022-08-11,2022-08-19,Approved,1066000,918000,922000,8,8,1,Final,Owner Authorization,2022-08-17,Sitework
CO-00614,PRJ-048,CO-019,Owner-Directed Change - Architectural Area D7,Owner-Directed Change,Owner,Architectural,Additive,Owner Request,2023-08-15,2023-08-25,2023-09-14,2023-09-13,,,Pending,1603000,1694000,,0,0,1,ROM,None,,Envelope
CO-00615,PRJ-048,CO-020,Unforeseen Condition - General Area B9,Unforeseen Condition,Construction Manager,General,Time Only,Field Condition,2023-01-08,2023-01-14,2023-02-03,2023-01-22,2023-01-29,2023-01-30,Approved,0,0,0,1,0,0,Final,Owner Authorization,2023-02-16,Concrete
CO-00616,PRJ-048,CO-021,Owner-Directed Change - General Area D5,Owner-Directed Change,Owner,General,Additive,Owner Request,2022-06-18,2022-07-19,2022-08-08,2022-07-31,2022-08-13,2022-08-21,Approved,388000,323000,316000,0,0,1,Final,Construction Change Directive,2022-08-16,Concrete
CO-00617,PRJ-048,CO-022,Owner-Directed Change - Architectural Area A3,Owner-Directed Change,Owner,Architectural,Additive,Owner Request,2024-07-16,2024-07-21,2024-08-10,2024-08-22,2024-09-22,2024-09-25,Approved,252000,228000,227000,0,0,2,Final,Executed Change Order,2024-09-24,Interiors
CO-00618,PRJ-048,CO-023,Unforeseen Condition - Civil Area D1,Unforeseen Condition,General Contractor,Civil,Deductive,RFI,2023-12-05,2023-12-12,2024-01-01,2023-12-22,,2024-01-09,Rejected,-811000,-546000,0,11,0,1,Final,None,,MEP
CO-00619,PRJ-048,CO-024,Owner-Directed Change - Civil Area D8,Owner-Directed Change,Owner,Civil,Additive,Owner Request,2022-04-20,2022-04-29,2022-05-19,2022-05-13,,2022-06-05,Withdrawn,3102000,,0,0,0,1,Pricing in Progress,None,,MEP
CO-00620,PRJ-048,CO-025,Unforeseen Condition - Controls Area B4,Unforeseen Condition,Architect,Controls,Additive,RFI,2024-03-24,2024-04-02,2024-04-22,2024-04-21,2024-05-10,2024-05-18,Approved,1650000,1700000,1728000,0,0,0,Final,Construction Change Directive,2024-05-13,MEP
CO-00621,PRJ-049,CO-001,Owner-Directed Change - Plumbing Area D5,Owner-Directed Change,Construction Manager,Plumbing,Additive,Owner Request,2024-08-07,2024-08-13,2024-09-02,2024-09-06,2024-09-17,2024-09-21,Approved,38000,29000,28000,9,7,1,Final,Executed Change Order,2024-09-20,Interiors
CO-00622,PRJ-049,CO-002,Unforeseen Condition - Plumbing Area D3,Unforeseen Condition,Construction Manager,Plumbing,Additive,Field Condition,2024-04-11,2024-04-15,2024-05-05,2024-04-30,2024-05-21,2024-05-24,Approved,34000,32000,31000,0,0,1,Final,Owner Authorization,2024-05-26,Interiors
CO-00623,PRJ-049,CO-003,Value Engineering - Mechanical Area C8,Value Engineering,Owner,Mechanical,Additive,RFI,2024-06-13,2024-06-21,2024-07-11,2024-07-01,2024-07-18,2024-07-28,Approved,13000,11000,11000,2,1,1,Final,Executed Change Order,,MEP
CO-00624,PRJ-049,CO-004,Schedule Acceleration - General Area C8,Schedule Acceleration,Subcontractor,General,Additive,RFI,2024-10-12,2024-10-15,2024-11-04,2024-10-24,2024-11-08,2024-11-18,Approved,50000,50000,50000,0,0,0,Final,Owner Authorization,2024-11-10,MEP
CO-00625,PRJ-049,CO-005,Unforeseen Condition - Specialty Systems Area B3,Unforeseen Condition,Construction Manager,Specialty Systems,Additive,Field Condition,2024-11-20,2024-12-05,2024-12-25,2024-12-29,2025-01-08,2025-01-14,Approved,154000,145000,147000,0,0,2,Final,Construction Change Directive,2025-01-15,Specialties
CO-00626,PRJ-049,CO-006,Owner-Directed Change - General Area C7,Owner-Directed Change,Owner,General,Additive,Owner Request,2025-05-31,2025-06-05,2025-06-25,2025-06-16,2025-06-25,2025-06-30,Approved,388000,342000,333000,0,0,1,Final,Executed Change Order,2025-06-29,Interiors
CO-00627,PRJ-049,CO-007,Design Error or Omission - Structural Area B4,Design Error or Omission,Engineer,Structural,Deductive,RFI,2024-07-11,2024-07-17,2024-08-06,2024-07-30,,,Pending,-63000,-62000,,0,0,0,Submitted,None,,MEP
CO-00628,PRJ-049,CO-008,Design Error or Omission - Fire Protection Area A2,Design Error or Omission,Construction Manager,Fire Protection,Additive,Design Revision,2025-02-02,2025-02-06,2025-02-26,2025-02-16,,2025-03-07,Rejected,43000,31000,0,0,0,1,Final,None,,Sitework
CO-00629,PRJ-049,CO-009,Design Error or Omission - Controls Area B3,Design Error or Omission,Engineer,Controls,Additive,RFI,2025-08-21,2025-08-25,2025-09-14,2025-09-17,2025-10-26,2025-11-01,Approved,389000,329000,324000,0,0,1,Final,Owner Authorization,2025-11-12,Interiors
CO-00630,PRJ-049,CO-010,Design Error or Omission - Civil Area A3,Design Error or Omission,Architect,Civil,Additive,RFI,2024-08-12,2024-08-24,2024-09-13,2024-09-08,,2024-09-27,Withdrawn,171000,,0,0,0,1,Submitted,None,,Specialties
CO-00631,PRJ-049,CO-011,Quantity Variation - Mechanical Area B1,Quantity Variation,Owner,Mechanical,Additive,Submittal Review,2025-11-04,2025-11-09,2025-11-29,2025-11-20,,2025-12-01,Rejected,152000,96000,0,0,0,2,Final,None,,Concrete
CO-00632,PRJ-050,CO-001,Substitution - General Area C9,Substitution,Subcontractor,General,Additive,RFI,2025-11-17,2025-11-18,2025-12-08,2025-11-25,2025-11-30,2025-12-07,Approved,101000,103000,101000,3,2,0,Final,Owner Authorization,,MEP
CO-00633,PRJ-050,CO-002,Quantity Variation - Structural Area B6,Quantity Variation,Owner,Structural,Deductive,Schedule Recovery,2025-04-04,2025-04-08,2025-04-28,2025-04-17,,2025-04-29,Withdrawn,-398000,,0,0,0,0,Pricing in Progress,None,,MEP
CO-00634,PRJ-050,CO-003,Owner-Directed Change - Fire Protection Area A7,Owner-Directed Change,Owner,Fire Protection,Zero-Cost,Owner Request,2025-11-20,2025-11-28,2025-12-18,2025-12-05,,2025-12-15,Withdrawn,0,,0,7,0,0,ROM,None,,Interiors
CO-00635,PRJ-050,CO-004,Unforeseen Condition - Mechanical Area A7,Unforeseen Condition,General Contractor,Mechanical,Additive,Field Condition,2024-09-02,2024-09-05,2024-09-25,2024-09-11,2024-09-16,2024-09-21,Approved,124000,115000,115000,0,0,0,Final,Owner Authorization,2024-09-22,Metals
CO-00636,PRJ-050,CO-005,Design Error or Omission - Civil Area A10,Design Error or Omission,General Contractor,Civil,Additive,Submittal Review,2024-07-02,2024-07-10,2024-07-30,2024-07-22,,2024-07-30,Withdrawn,358000,,0,0,0,1,Submitted,None,,Sitework
CO-00637,PRJ-050,CO-006,Substitution - Mechanical Area B3,Substitution,General Contractor,Mechanical,Additive,Schedule Recovery,2025-11-01,2025-11-06,2025-11-26,2025-11-12,2025-11-19,2025-11-24,Approved,678000,585000,587000,0,0,0,Final,Owner Authorization,2025-11-26,Envelope
CO-00638,PRJ-050,CO-007,Code or Regulatory Requirement - Architectural Area B3,Code or Regulatory Requirement,Subcontractor,Architectural,Deductive,Design Revision,2024-05-30,2024-06-01,2024-06-21,2024-06-08,2024-06-18,2024-06-19,Approved,-685000,-604000,-597000,0,0,0,Final,Owner Authorization,2024-07-03,Envelope
CO-00639,PRJ-050,CO-008,Unforeseen Condition - Civil Area D7,Unforeseen Condition,General Contractor,Civil,Additive,Field Condition,2024-11-22,2024-11-25,2024-12-15,2024-12-04,2024-12-15,2024-12-19,Approved,742000,679000,668000,10,9,0,Final,Executed Change Order,2024-12-19,Specialties
CO-00640,PRJ-050,CO-009,Unforeseen Condition - Controls Area D3,Unforeseen Condition,Owner,Controls,Zero-Cost,Field Condition,2025-07-19,2025-07-21,2025-08-10,2025-08-07,,2025-09-03,Rejected,0,0,0,0,0,1,Final,None,,Metals
CO-00641,PRJ-051,CO-001,Owner-Directed Change - Specialty Systems Area C8,Owner-Directed Change,General Contractor,Specialty Systems,Additive,Owner Request,2022-08-23,2022-09-06,2022-09-26,2022-09-27,,2022-10-30,Rejected,579000,344000,0,0,0,1,Final,None,,Metals
CO-00642,PRJ-051,CO-002,Unforeseen Condition - Controls Area D3,Unforeseen Condition,Construction Manager,Controls,Additive,Field Condition,2023-01-30,2023-02-09,2023-03-01,2023-03-07,,,Pending,478000,,,8,0,0,Negotiating,None,,Sitework
CO-00643,PRJ-051,CO-003,Code or Regulatory Requirement - General Area B4,Code or Regulatory Requirement,Construction Manager,General,Zero-Cost,Field Condition,2024-05-05,2024-05-15,2024-06-04,2024-06-27,2024-07-26,2024-08-03,Approved,0,0,0,0,0,0,Final,Executed Change Order,2024-08-05,General Conditions
CO-00644,PRJ-051,CO-004,Design Error or Omission - Mechanical Area C4,Design Error or Omission,Engineer,Mechanical,Zero-Cost,Design Revision,2024-05-17,2024-05-23,2024-06-12,2024-06-10,,2024-07-06,Rejected,0,0,0,0,0,1,Final,None,,Sitework
CO-00645,PRJ-051,CO-005,Scope Clarification - Plumbing Area C3,Scope Clarification,Subcontractor,Plumbing,Additive,RFI,2023-09-11,2023-09-17,2023-10-07,2023-10-02,2023-10-23,2023-10-27,Approved,117000,98000,100000,0,0,2,Final,Owner Authorization,2023-10-26,General Conditions
CO-00646,PRJ-051,CO-006,Design Error or Omission - Structural Area C1,Design E&O,Architect,Structural,Additive,RFI,2022-07-27,2022-08-07,2022-08-27,2022-09-01,2022-09-20,2022-09-28,Approved,885000,879000,857000,17,14,0,Final,Executed Change Order,2022-09-24,General Conditions
CO-00647,PRJ-051,CO-007,Code or Regulatory Requirement - Architectural Area C1,Code or Regulatory Requirement,Construction Manager,Architectural,Additive,Design Revision,2024-12-05,2024-12-13,2025-01-02,2025-01-11,,2025-02-03,Rejected,757000,635000,0,0,0,1,Final,None,,Metals
CO-00648,PRJ-051,CO-008,Value Engineering - Plumbing Area A6,Value Engineering,Engineer,Plumbing,Additive,Owner Request,2024-02-10,2024-02-17,2024-03-08,2024-03-09,2024-03-20,2024-03-29,Approved,384000,378000,370000,0,0,1,Final,Executed Change Order,2024-03-23,General Conditions
CO-00649,PRJ-051,CO-009,Quantity Variation - Civil Area C3,Quantity Variation,Owner,Civil,Additive,Design Revision,2023-04-08,2023-04-25,2023-05-15,2023-05-15,2023-05-28,2023-06-06,Approved,209000,167000,161000,0,0,1,Final,Owner Authorization,2023-06-18,Envelope
CO-00650,PRJ-051,CO-010,Unforeseen Condition - Civil Area D9,Unforeseen Condition,Subcontractor,Civil,Additive,RFI,2024-07-30,2024-08-06,2024-08-26,2024-09-21,2024-11-30,2024-12-07,Approved,216000,187000,190000,0,0,0,Final,Owner Authorization,2024-12-09,General Conditions
CO-00651,PRJ-051,CO-011,Unforeseen Condition - Electrical Area B1,Unforeseen Condition,General Contractor,Electrical,Additive,Field Condition,2024-01-15,2024-01-25,2024-02-14,2024-02-20,2024-03-06,2024-03-08,Approved,865000,837000,820000,25,26,1,Final,Owner Authorization,2024-03-08,Envelope
CO-00652,PRJ-051,CO-012,Owner-Directed Change - Specialty Systems Area A10,Owner-Directed Change,Owner,Specialty Systems,Additive,Owner Request,2023-02-17,2023-03-04,2023-03-24,2023-03-28,2023-04-12,2023-04-17,Approved,156000,143000,144000,0,0,0,Final,Owner Authorization,2023-04-20,Metals
CO-00653,PRJ-051,CO-013,Owner-Directed Change - Civil Area A10,Owner-Directed Change,Owner,Civil,Additive,Owner Request,2023-11-04,2023-11-13,2023-12-03,2023-12-07,2024-01-05,2024-01-11,Approved,224000,188000,191000,41,32,0,Final,Construction Change Directive,2024-01-09,MEP
CO-00654,PRJ-051,CO-014,Unforeseen Condition - Civil Area A4,Unforeseen Condition,Subcontractor,Civil,Additive,RFI,2022-08-28,2022-09-04,2022-09-24,2022-10-06,,2022-10-29,Withdrawn,720000,,0,3,0,1,Submitted,None,,General Conditions
CO-00655,PRJ-051,CO-015,Value Engineering - Fire Protection Area C2,Value Engineering,Construction Manager,Fire Protection,Additive,Design Revision,2022-08-23,2022-09-01,2022-09-21,2022-09-14,2022-10-03,2022-10-13,Approved,358000,322000,322000,0,0,1,Final,Executed Change Order,2022-10-06,General Conditions
CO-00656,PRJ-051,CO-016,Unforeseen Condition - Structural Area C7,Unforeseen Condition,Subcontractor,Structural,Time Only,RFI,2022-07-23,2022-08-03,2022-08-23,2022-08-25,,,Pending,0,,,11,0,1,Negotiating,None,,Interiors
CO-00657,PRJ-051,CO-017,Scope Clarification - Architectural Area A6,Scope Clarification,Architect,Architectural,Time Only,Field Condition,2022-09-01,2022-09-17,2022-10-07,2022-11-05,,2023-01-06,Rejected,0,0,0,4,0,1,Final,None,,General Conditions
CO-00658,PRJ-051,CO-018,Quantity Variation - Electrical Area B7,Quantity Variation,Owner,Electrical,Additive,Owner Request,2022-08-20,2022-09-04,2022-09-24,2022-09-19,,2022-09-28,Rejected,180000,117000,0,0,0,0,Final,None,,Equipment
CO-00659,PRJ-051,CO-019,Owner-Directed Change - Specialty Systems Area D2,Owner-Directed Change,Owner,Specialty Systems,Additive,Owner Request,2025-01-04,2025-01-17,2025-02-06,2025-01-30,2025-02-20,2025-02-21,Approved,2472000,2144000,2111000,0,0,0,Final,Owner Authorization,2025-03-15,MEP
CO-00660,PRJ-051,CO-020,Scope Clarification - Architectural Area B3,Scope Clarification,Owner,Architectural,Additive,Design Revision,2022-12-17,2022-12-30,2023-01-19,2023-01-22,2023-02-13,2023-02-17,Approved,1054000,865000,865000,0,0,1,Final,Executed Change Order,2023-02-19,Interiors
CO-00661,PRJ-051,CO-021,Owner-Directed Change - Plumbing Area B3,Owner-Directed Change,Owner,Plumbing,Deductive,Owner Request,2023-07-17,2023-07-27,2023-08-16,2023-08-31,,,Pending,-113000,,,0,0,1,Pricing in Progress,None,,MEP
CO-00662,PRJ-051,CO-022,Scope Clarification - Plumbing Area D7,Scope Clarification,Architect,Plumbing,Additive,Design Revision,2023-08-14,2023-08-23,2023-09-12,2023-09-13,,,Pending,172000,138000,,0,0,0,Pricing in Progress,None,,Interiors
CO-00663,PRJ-051,CO-023,Substitution - Specialty Systems Area A4,Substitution,Architect,Specialty Systems,Additive,Submittal Review,2024-01-16,2024-01-20,2024-02-09,2024-02-10,2024-02-28,2024-03-01,Approved,102000,90000,87000,0,0,0,Final,Owner Authorization,2024-03-21,MEP
CO-00664,PRJ-051,CO-024,Substitution - Mechanical Area B4,Substitution,Architect,Mechanical,Additive,Design Revision,2025-01-13,2025-01-17,2025-02-06,2025-01-26,2025-02-12,2025-02-21,Approved,145000,133000,136000,0,0,0,Final,Executed Change Order,2025-02-22,MEP
CO-00665,PRJ-052,CO-001,Unforeseen Condition - Architectural Area A3,Unforeseen Condition,Construction Manager,Architectural,Additive,Field Condition,2024-03-27,2024-04-08,2024-04-28,2024-04-16,2024-05-01,2024-05-03,Approved,92000,77000,78000,0,0,1,Final,Construction Change Directive,2024-05-21,Equipment
CO-00666,PRJ-052,CO-002,Unforeseen Condition - Mechanical Area C8,Unforeseen Condition,Engineer,Mechanical,Additive,RFI,2024-04-17,2024-04-19,2024-05-09,2024-05-01,2024-05-08,2024-05-18,Approved,101000,93000,92000,0,0,0,Final,Executed Change Order,2024-05-13,Equipment
CO-00667,PRJ-052,CO-003,Scope Clarification - Fire Protection Area A8,Scope Clarification,General Contractor,Fire Protection,Additive,Design Revision,2023-10-31,2023-11-01,2023-11-21,2023-11-06,2023-11-15,2023-11-18,Approved,149000,121000,120000,0,0,0,Final,Executed Change Order,2023-11-19,General Conditions
CO-00668,PRJ-052,CO-004,Design Error or Omission - Electrical Area C3,Design Error or Omission,Architect,Electrical,Deductive,Design Revision,2025-06-09,2025-06-17,2025-07-07,2025-06-24,,,Pending,-57000,-54000,,0,0,0,Negotiating,None,,General Conditions
CO-00669,PRJ-052,CO-005,Quantity Variation - Electrical Area A1,Quantity Variation,General Contractor,Electrical,Additive,Field Condition,2024-04-21,2024-04-24,2024-05-14,2024-05-17,,,Pending,185000,,,0,0,3,Pricing in Progress,None,,General Conditions
CO-00670,PRJ-052,CO-006,Owner-Directed Change - Plumbing Area D6,Owner-Directed Change,Owner,Plumbing,Additive,Owner Request,2023-05-28,2023-05-30,2023-06-19,2023-06-11,,2023-06-28,Withdrawn,16000,,0,3,0,0,Submitted,None,,Interiors
CO-00671,PRJ-052,CO-007,Unforeseen Condition - Structural Area A10,Unforeseen Condition,Subcontractor,Structural,Zero-Cost,Field Condition,2023-05-25,2023-06-02,2023-06-22,2023-06-11,,2023-06-21,Rejected,0,0,0,0,0,0,Final,None,,Interiors
CO-00672,PRJ-052,CO-008,Scope Clarification - Mechanical Area B6,Scope Clarification,Authority Having Jurisdiction,Mechanical,Additive,Field Condition,2023-12-25,2024-01-01,2024-01-21,2024-01-24,2024-02-15,2024-02-23,Approved,156000,144000,145000,0,0,0,Final,Executed Change Order,2024-02-27,Metals
CO-00673,PRJ-052,CO-009,Quantity Variation - Electrical Area C6,Quantity Variation,Subcontractor,Electrical,Additive,Schedule Recovery,2023-10-09,2023-10-21,2023-11-10,2023-10-28,2023-11-09,2023-11-14,Approved,99000,96000,98000,0,0,1,Final,Executed Change Order,2023-11-11,General Conditions
CO-00674,PRJ-052,CO-010,Substitution - Electrical Area C4,Substitution,Construction Manager,Electrical,Additive,Schedule Recovery,2025-08-02,2025-08-18,2025-09-07,2025-08-31,2025-09-19,2025-09-20,Approved,85000,85000,83000,0,0,1,Final,Executed Change Order,2025-09-22,MEP
CO-00675,PRJ-053,CO-001,Unforeseen Condition - Electrical Area A9,Unforeseen Condition,Architect,Electrical,Additive,Field Condition,2022-07-22,2022-07-28,2022-08-17,2022-08-12,2022-08-23,2022-08-27,Approved,139000,139000,136000,0,0,1,Final,Owner Authorization,2022-08-28,MEP
CO-00676,PRJ-053,CO-002,Unforeseen Condition - General Area C8,Unforeseen Condition,General Contractor,General,Additive,Field Condition,2022-08-30,2022-09-02,2022-09-22,2022-09-12,,,Pending,225000,231000,,0,0,0,Submitted,None,,MEP
CO-00677,PRJ-053,CO-003,Scope Clarification - General Area D4,Scope Clarification,Subcontractor,General,Additive,Schedule Recovery,2022-10-26,2022-10-29,2022-11-18,2022-11-04,2022-11-10,2022-11-20,Approved,40000,30000,30000,10,6,1,Final,Executed Change Order,2022-11-15,Concrete
CO-00678,PRJ-053,CO-004,Owner-Directed Change - Civil Area A8,Owner-Directed Change,Subcontractor,Civil,Additive,Owner Request,2022-08-07,2022-08-11,2022-08-31,2022-08-23,,2022-08-28,Withdrawn,87000,,0,0,0,1,Pricing in Progress,None,,Interiors
CO-00679,PRJ-053,CO-005,Schedule Acceleration - Plumbing Area C2,Schedule Acceleration,Architect,Plumbing,Additive,RFI,2022-09-10,2022-09-18,2022-10-08,2022-10-02,2022-10-24,2022-10-26,Approved,65000,52000,50000,0,0,1,Final,Owner Authorization,2022-10-28,MEP
CO-00680,PRJ-053,CO-006,Design Error or Omission - Electrical Area D2,Design Error or Omission,Architect,Electrical,Additive,Design Revision,2022-09-02,2022-09-06,2022-09-26,2022-09-14,2022-09-29,2022-10-08,Approved,72000,74000,72000,15,9,1,Final,Executed Change Order,2022-10-03,Envelope
CO-00681,PRJ-053,CO-007,Design Error or Omission - Mechanical Area A2,Design Error or Omission,Architect,Mechanical,Deductive,Design Revision,2022-10-06,2022-10-14,2022-11-03,2022-10-26,,,Pending,-38000,-32000,,0,0,0,Pricing in Progress,None,,Interiors
CO-00682,PRJ-053,CO-008,Owner-Directed Change - Fire Protection Area B3,Owner-Directed Change,Owner,Fire Protection,Deductive,Owner Request,2022-02-19,2022-03-03,2022-03-23,2022-03-13,2022-03-22,2022-03-28,Approved,-172000,-131000,-133000,0,0,0,Final,Owner Authorization,,General Conditions
CO-00683,PRJ-053,CO-009,Owner-Directed Change - Mechanical Area A6,Owner-Directed Change,General Contractor,Mechanical,Time Only,Owner Request,2022-05-09,2022-05-15,2022-06-04,2022-05-29,2022-06-04,2022-06-08,Approved,0,0,0,20,15,1,Final,Owner Authorization,,General Conditions
CO-00684,PRJ-053,CO-010,Schedule Acceleration - Architectural Area A4,Schedule Acceleration,General Contractor,Architectural,Additive,Design Revision,2022-01-25,2022-02-01,2022-02-21,2022-02-09,2022-02-19,2022-02-21,Approved,25000,21000,21000,0,0,0,Final,Owner Authorization,2022-02-24,MEP
CO-00685,PRJ-053,CO-011,Unforeseen Condition - Mechanical Area C8,Unforeseen Condition,Subcontractor,Mechanical,Additive,Field Condition,2022-02-06,2022-02-10,2022-03-02,2022-02-18,,2022-03-06,Rejected,159000,79000,0,0,0,0,Final,None,,Envelope
CO-00686,PRJ-053,CO-012,Value Engineering - Architectural Area B4,Value Engineering,Engineer,Architectural,Additive,Field Condition,2022-06-20,2022-06-28,2022-07-18,2022-07-11,2022-07-25,2022-07-27,Approved,12000,10000,10000,0,0,1,Final,Executed Change Order,2022-07-26,Envelope
CO-00687,PRJ-053,CO-013,Owner-Directed Change - Civil Area B7,Owner-Directed Change,Architect,Civil,Additive,Owner Request,2022-01-12,2022-01-15,2022-02-04,2022-01-27,2022-02-13,2022-02-18,Approved,123000,96000,95000,0,0,1,Final,Executed Change Order,2022-02-22,Envelope
CO-00688,PRJ-053,CO-014,Unforeseen Condition - General Area D8,Unforeseen Condition,General Contractor,General,Additive,Field Condition,2022-01-20,2022-01-25,2022-02-14,2022-01-28,2022-02-03,2022-02-04,Approved,1612000,1493000,1470000,3,1,0,Final,Owner Authorization,2022-02-09,Concrete
CO-00689,PRJ-053,CO-015,Design Error or Omission - Specialty Systems Area D9,Design Error or Omission,Engineer,Specialty Systems,Additive,Design Revision,2022-02-27,2022-03-10,2022-03-30,2022-03-21,,2022-03-28,Withdrawn,51000,,0,0,0,1,Submitted,None,,Metals
CO-00690,PRJ-053,CO-016,Schedule Acceleration - Plumbing Area A8,Schedule Acceleration,General Contractor,Plumbing,Deductive,Design Revision,2022-03-24,2022-03-27,2022-04-16,2022-04-08,2022-04-22,2022-04-28,Approved,-152000,-145000,-141000,0,0,0,Final,Executed Change Order,2022-04-23,Envelope
CO-00691,PRJ-054,CO-001,Substitution - Fire Protection Area B1,Substitution,Owner,Fire Protection,Additive,Schedule Recovery,2023-10-22,2023-10-29,2023-11-18,2023-11-15,,,Pending,56000,50000,,0,0,0,Negotiating,None,,Specialties
CO-00692,PRJ-054,CO-002,Unforeseen Condition - Structural Area B7,Unforeseen Condition,General Contractor,Structural,Additive,Field Condition,2024-05-24,2024-06-15,2024-07-05,2024-06-24,2024-07-08,2024-07-13,Approved,301000,283000,282000,0,0,0,Final,Executed Change Order,2024-07-10,Concrete
CO-00693,PRJ-054,CO-003,Value Engineering - Architectural Area D7,Value Engineering,Owner,Architectural,Additive,Owner Request,2022-12-11,2022-12-17,2023-01-06,2023-01-01,2023-01-11,2023-01-13,Approved,135000,117000,114000,0,0,0,Final,Executed Change Order,2023-01-17,Sitework
CO-00694,PRJ-054,CO-004,Scope Clarification - Mechanical Area C8,Scope Clarification,Subcontractor,Mechanical,Additive,Schedule Recovery,2024-02-25,2024-03-02,2024-03-22,2024-03-30,,2024-04-20,Rejected,148000,74000,0,6,0,2,Final,None,,MEP
CO-00695,PRJ-054,CO-005,Owner-Directed Change - Specialty Systems Area C8,Owner-Directed Change,Owner,Specialty Systems,Additive,Owner Request,2023-01-05,2023-01-12,2023-02-01,2023-02-24,,,Pending,91000,92000,,13,0,0,Negotiating,None,,Envelope
CO-00696,PRJ-054,CO-006,Value Engineering - Specialty Systems Area D1,Value Engineering,Construction Manager,Specialty Systems,Additive,Design Revision,2023-06-03,2023-06-08,2023-06-28,2023-06-30,2023-07-22,2023-07-28,Approved,1517000,1320000,1334000,0,0,1,Final,Owner Authorization,2023-07-26,General Conditions
CO-00697,PRJ-054,CO-007,Design Error or Omission - Mechanical Area D1,Design Error or Omission,Engineer,Mechanical,Time Only,RFI,2023-03-18,2023-03-22,2023-04-11,2023-05-02,2023-05-20,2023-05-24,Approved,0,0,0,5,3,2,Final,Executed Change Order,2023-05-22,Interiors
CO-00698,PRJ-054,CO-008,Quantity Variation - Architectural Area A8,Quantity Variation,General Contractor,Architectural,Deductive,RFI,2023-06-01,2023-06-05,2023-06-25,2023-06-30,2023-07-20,2023-07-25,Approved,-301000,-301000,-293000,0,0,1,Final,Executed Change Order,2023-08-03,Envelope
CO-00699,PRJ-055,CO-001,Schedule Acceleration - Plumbing Area A4,Schedule Acceleration,Engineer,Plumbing,Additive,Field Condition,2022-03-10,2022-03-16,2022-04-05,2022-03-29,,,Pending,54000,58000,,0,0,0,Pricing in Progress,None,,Concrete
CO-00700,PRJ-055,CO-002,Value Engineering - Specialty Systems Area C8,Value Engineering,General Contractor,Specialty Systems,Time Only,Schedule Recovery,2022-04-15,2022-04-18,2022-05-08,2022-04-20,2022-04-26,2022-04-29,Approved,0,0,0,2,1,0,Final,Owner Authorization,2022-05-06,Envelope
CO-00701,PRJ-055,CO-003,Quantity Variation - Electrical Area A5,Quantity Variation,General Contractor,Electrical,Additive,Owner Request,2022-07-20,2022-07-22,2022-08-11,2022-08-01,2022-08-16,2022-08-26,Approved,229000,219000,222000,0,0,0,Final,Owner Authorization,,Envelope
CO-00702,PRJ-055,CO-004,Owner-Directed Change - Structural Area B4,Owner-Directed Change,Construction Manager,Structural,Additive,Owner Request,2023-02-10,2023-02-21,2023-03-13,2023-03-15,,,Pending,570000,,,0,0,1,Negotiating,None,,Sitework
CO-00703,PRJ-055,CO-005,Owner-Directed Change - General Area D9,Owner-Directed Change,Architect,General,Deductive,Owner Request,2023-02-25,2023-02-28,2023-03-20,2023-03-20,2023-04-13,2023-04-19,Approved,-657000,-645000,-637000,0,0,1,Final,Executed Change Order,2023-04-17,Interiors
CO-00704,PRJ-055,CO-006,Scope Clarification - Specialty Systems Area C4,Scope Clarification,Owner,Specialty Systems,Additive,RFI,2023-03-31,2023-04-01,2023-04-21,2023-04-13,,2023-05-04,Rejected,590000,352000,0,2,0,2,Final,None,,Concrete
CO-00705,PRJ-055,CO-007,Owner-Directed Change - Mechanical Area D8,Owner-Directed Change,Owner,Mechanical,Additive,Owner Request,2023-02-22,2023-03-01,2023-03-21,2023-03-15,,,Pending,332000,329000,,12,0,1,Pricing in Progress,None,,Interiors
CO-00706,PRJ-055,CO-008,Scope Clarification - Civil Area D6,Scope Clarification,Owner,Civil,Additive,RFI,2022-08-06,2022-08-10,2022-08-30,2022-08-15,2022-08-23,2022-08-24,Approved,230000,195000,197000,-1,0,1,Final,Executed Change Order,2022-09-02,Envelope
CO-00707,PRJ-056,CO-001,Owner-Directed Change - Mechanical Area C7,Owner-Directed Change,Owner,Mechanical,Additive,Owner Request,2022-09-08,2022-09-17,2022-10-07,2022-11-04,,2022-12-21,Withdrawn,358000,,0,0,0,0,Pricing in Progress,None,,Envelope
CO-00708,PRJ-056,CO-002,Design Error or Omission - Mechanical Area D8,Design Error or Omission,Engineer,Mechanical,Deductive,RFI,2023-07-08,2023-07-16,2023-08-05,2023-09-13,,2023-10-13,Rejected,-427000,-185000,0,14,0,1,Final,None,,Metals
CO-00709,PRJ-056,CO-003,Code or Regulatory Requirement - Architectural Area D9,Code or Regulatory Requirement,Construction Manager,Architectural,Additive,Submittal Review,2022-04-15,2022-04-20,2022-05-10,2022-05-11,2022-06-12,2022-06-15,Approved,788000,774000,770000,0,0,0,Final,Executed Change Order,2022-06-30,Specialties
CO-00710,PRJ-056,CO-004,Scope Clarification - Specialty Systems Area A1,Scope Clarification,Subcontractor,Specialty Systems,Additive,Design Revision,2023-06-17,2023-07-02,2023-07-22,2023-07-22,2023-08-06,2023-08-10,Approved,659000,652000,657000,0,0,1,Final,Field Directive,2023-08-10,Sitework
CO-00711,PRJ-056,CO-005,Design Error or Omission - General Area D7,Design Error or Omission,Engineer,General,Additive,Submittal Review,2023-06-09,2023-06-19,2023-07-09,2023-07-25,2023-09-11,2023-09-12,Approved,6629000,5357000,5441000,0,0,0,Final,Executed Change Order,2023-09-15,MEP
CO-00712,PRJ-056,CO-006,Unforeseen Condition - Fire Protection Area B2,Unforeseen Condition,General Contractor,Fire Protection,Zero-Cost,Field Condition,2022-05-23,2022-06-09,2022-06-29,2022-07-04,,,Pending,0,,,5,0,1,Submitted,None,,Concrete
CO-00713,PRJ-056,CO-007,Substitution - Architectural Area A9,Substitution,Construction Manager,Architectural,Time Only,Owner Request,2022-10-07,2022-10-25,2022-11-14,2022-11-11,2022-11-23,2022-11-26,Approved,0,0,0,10,6,1,Final,Owner Authorization,2022-11-26,Sitework
CO-00714,PRJ-056,CO-008,Owner-Directed Change - Civil Area C6,Owner-Directed Change,Owner,Civil,Additive,Owner Request,2023-11-12,2023-11-14,2023-12-04,2023-12-24,,,Pending,356000,,,0,0,2,Negotiating,None,,Specialties
CO-00715,PRJ-056,CO-009,Owner-Directed Change - Structural Area B9,Owner-Directed Change,Owner,Structural,Additive,Owner Request,2022-05-14,2022-05-22,2022-06-11,2022-06-08,2022-06-26,2022-07-03,Approved,171000,151000,152000,13,12,0,Final,Construction Change Directive,2022-06-30,MEP
CO-00716,PRJ-056,CO-010,Value Engineering - General Area A6,Value Engineering,Construction Manager,General,Additive,Design Revision,2022-07-27,2022-08-04,2022-08-24,2022-08-20,2022-09-09,2022-09-19,Approved,399000,378000,377000,0,0,1,Final,Executed Change Order,2022-09-13,Concrete
CO-00717,PRJ-056,CO-011,Design Error or Omission - Mechanical Area B9,Design Error or Omission,Construction Manager,Mechanical,Time Only,Design Revision,2023-02-07,2023-02-12,2023-03-04,2023-03-08,,2023-03-25,Rejected,0,0,0,2,0,1,Final,None,,MEP
CO-00718,PRJ-056,CO-012,Design Error or Omission - Architectural Area B3,Design Error or Omission,Engineer,Architectural,Additive,Design Revision,2023-12-07,2023-12-23,2024-01-12,2024-01-30,,2024-02-29,Rejected,822000,465000,0,0,0,0,Final,None,,Interiors
CO-00719,PRJ-056,CO-013,Scope Clarification - General Area A10,Scope Clarification,Construction Manager,General,Time Only,RFI,2022-12-22,2022-12-28,2023-01-17,2023-01-14,,2023-01-24,Withdrawn,0,,0,4,0,1,Pricing in Progress,None,,Interiors
CO-00720,PRJ-056,CO-014,Quantity Variation - Architectural Area B2,Quantity Variation,Subcontractor,Architectural,Additive,RFI,2023-04-15,2023-04-19,2023-05-09,2023-05-07,2023-05-18,2023-05-23,Approved,1174000,977000,985000,0,0,0,Final,Construction Change Directive,2023-05-25,Interiors
CO-00721,PRJ-056,CO-015,Substitution - Architectural Area B9,Substitution,Construction Manager,Architectural,Additive,Submittal Review,2022-05-13,2022-05-19,2022-06-08,2022-06-08,,2022-07-07,Rejected,120000,88000,0,0,0,1,Final,None,,Concrete
CO-00722,PRJ-056,CO-016,Design Error or Omission - Civil Area A8,Design Error or Omission,Engineer,Civil,Additive,RFI,2023-03-08,2023-03-13,2023-04-02,2023-04-14,2023-05-17,2023-05-18,Approved,153000,128000,130000,0,0,2,Final,Construction Change Directive,2023-06-09,MEP
CO-00723,PRJ-056,CO-017,Code or Regulatory Requirement - Architectural Area A2,Code or Regulatory Requirement,Engineer,Architectural,Zero-Cost,Schedule Recovery,2022-08-26,2022-09-10,2022-09-30,2022-10-15,2022-11-02,2022-11-11,Approved,0,0,0,1,1,2,Final,Executed Change Order,2022-11-04,Interiors
CO-00724,PRJ-057,CO-001,Design Error or Omission - Mechanical Area C4,Design Error or Omission,Owner,Mechanical,Additive,Design Revision,2022-03-18,2022-03-31,2022-04-20,2022-04-17,2022-04-24,2022-05-04,Approved,55000,53000,53000,11,10,0,Final,Owner Authorization,2022-05-05,Sitework
CO-00725,PRJ-057,CO-002,Owner-Directed Change - Specialty Systems Area C2,Owner-Directed Change,Owner,Specialty Systems,Time Only,Owner Request,2023-12-10,2023-12-16,2024-01-05,2023-12-23,2024-01-02,2024-01-12,Approved,0,0,0,9,8,0,Final,Executed Change Order,2024-01-06,Sitework
CO-00726,PRJ-057,CO-003,Design Error or Omission - Specialty Systems Area D10,Design Error or Omission,General Contractor,Specialty Systems,Additive,RFI,2022-03-14,2022-03-18,2022-04-07,2022-04-06,2022-04-18,2022-04-24,Approved,47000,39000,40000,0,0,1,Final,Owner Authorization,2022-04-21,Envelope
CO-00727,PRJ-057,CO-004,Value Engineering - Architectural Area C3,Value Engineering,Owner,Architectural,Additive,Field Condition,2024-11-26,2024-12-01,2024-12-21,2024-12-16,2025-01-12,2025-01-14,Approved,19000,18000,18000,4,2,1,Final,Owner Authorization,2025-01-14,Metals
CO-00728,PRJ-057,CO-005,Owner-Directed Change - Civil Area B5,Owner-Directed Change,Owner,Civil,Additive,Owner Request,2023-06-12,2023-06-18,2023-07-08,2023-07-02,,,Pending,329000,276000,,22,0,1,Pricing in Progress,None,,Interiors
CO-00729,PRJ-057,CO-006,Code or Regulatory Requirement - Plumbing Area B3,Code or Regulatory Requirement,Engineer,Plumbing,Additive,RFI,2022-08-11,2022-08-21,2022-09-10,2022-09-04,2022-09-15,2022-09-18,Approved,174000,135000,130000,0,0,0,Final,Executed Change Order,2022-09-19,Envelope
CO-00730,PRJ-057,CO-007,Value Engineering - General Area D10,Value Engineering,General Contractor,General,Additive,Submittal Review,2022-08-21,2022-08-30,2022-09-19,2022-09-06,,2022-09-20,Rejected,18000,9700,0,9,0,0,Final,None,,Interiors
CO-00731,PRJ-057,CO-008,Substitution - Mechanical Area D5,Substitution,Architect,Mechanical,Additive,Submittal Review,2023-03-22,2023-03-30,2023-04-19,2023-04-09,,,Pending,21000,,,0,0,1,Submitted,None,,Envelope
CO-00732,PRJ-057,CO-009,Code or Regulatory Requirement - General Area B10,Code or Regulatory Requirement,General Contractor,General,Additive,Design Revision,2022-08-15,2022-08-20,2022-09-09,2022-08-28,,2022-09-16,Rejected,53000,30000,0,0,0,1,Final,None,,MEP
CO-00733,PRJ-057,CO-010,Owner-Directed Change - Mechanical Area B7,Owner-Directed Change,Authority Having Jurisdiction,Mechanical,Additive,Owner Request,2022-01-02,2022-01-04,2022-01-24,2022-01-11,2022-01-17,2022-01-18,Approved,85000,67000,68000,2,1,0,Final,Field Directive,2022-01-25,Interiors
CO-00734,PRJ-058,CO-001,Unforeseen Condition - Plumbing Area A1,Unforeseen Condition,General Contractor,Plumbing,Additive,RFI,2023-04-18,2023-04-22,2023-05-12,2023-05-02,,,Pending,92000,,,0,0,0,ROM,None,,Equipment
CO-00735,PRJ-058,CO-002,Value Engineering - Mechanical Area B6,Value Engineering,Architect,Mechanical,Additive,Schedule Recovery,2023-08-10,2023-08-12,2023-09-01,2023-08-23,,,Pending,169000,,,2,0,0,Pricing in Progress,None,,Concrete
CO-00736,PRJ-058,CO-003,Owner-Directed Change - Structural Area B4,Owner-Directed Change,Owner,Structural,Additive,Owner Request,2023-10-01,2023-10-03,2023-10-23,2023-10-27,,,Pending,119000,100000,,0,0,1,Negotiating,None,,Sitework
CO-00737,PRJ-058,CO-004,Owner-Directed Change - Architectural Area C8,Owner-Directed Change,Owner,Architectural,Time Only,Owner Request,2023-11-03,2023-11-14,2023-12-04,2023-11-27,,,Pending,0,,,2,0,1,Negotiating,None,,Specialties
CO-00738,PRJ-058,CO-005,Quantity Variation - Architectural Area B2,Quantity Variation,Owner,Architectural,Additive,Submittal Review,2023-05-25,2023-05-26,2023-06-15,2023-06-03,,2023-06-15,Rejected,36000,22000,0,6,0,0,Final,None,,Envelope
CO-00739,PRJ-058,CO-006,Substitution - Mechanical Area B6,Substitution,Owner,Mechanical,Additive,Design Revision,2024-01-14,2024-01-19,2024-02-08,2024-02-04,2024-02-14,2024-02-22,Approved,57000,46000,46000,0,0,1,Final,Owner Authorization,2024-02-15,MEP
CO-00740,PRJ-058,CO-007,Value Engineering - Structural Area A5,Value Engineering,Architect,Structural,Additive,RFI,2023-12-10,2023-12-15,2024-01-04,2023-12-27,,2024-01-07,Rejected,46000,36000,0,0,0,1,Final,None,,Concrete
CO-00741,PRJ-058,CO-008,Schedule Acceleration - Structural Area A6,Schedule Acceleration,Engineer,Structural,Zero-Cost,Owner Request,2023-04-04,2023-04-12,2023-05-02,2023-05-02,,2023-05-14,Rejected,0,0,0,0,0,1,Final,None,,MEP
CO-00742,PRJ-058,CO-009,Substitution - Electrical Area B10,Substitution,Subcontractor,Electrical,Additive,Submittal Review,2024-01-14,2024-01-21,2024-02-10,2024-02-18,,,Pending,28000,29000,,0,0,2,Pricing in Progress,None,,Interiors
CO-00743,PRJ-058,CO-010,Scope Clarification - Structural Area B6,Scope Clarification,Engineer,Structural,Additive,Design Revision,2023-12-03,2023-12-07,2023-12-27,2023-12-13,2023-12-20,2023-12-28,Approved,45000,41000,40000,0,0,0,Final,Field Directive,,Specialties
CO-00744,PRJ-059,CO-001,Scope Clarification - Fire Protection Area D6,Scope Clarification,Owner,Fire Protection,Additive,Design Revision,2025-02-19,2025-02-20,2025-03-12,2025-02-24,2025-03-05,2025-03-09,Approved,194000,172000,169000,0,0,0,Final,Executed Change Order,2025-03-09,MEP
CO-00745,PRJ-059,CO-002,Quantity Variation - Electrical Area C2,Quantity Variation,Engineer,Electrical,Additive,Owner Request,2025-11-11,2025-11-17,2025-12-07,2025-12-18,,,Pending,170000,,,0,0,0,Pricing in Progress,None,,Concrete
CO-00746,PRJ-059,CO-003,Schedule Acceleration - Plumbing Area D4,Schedule Acceleration,Subcontractor,Plumbing,Additive,Design Revision,2025-09-14,2025-09-16,2025-10-06,2025-09-20,,,Pending,165000,,,12,0,0,Negotiating,None,,Sitework
CO-00747,PRJ-059,CO-004,Unforeseen Condition - Architectural Area B5,Unforeseen Condition,Engineer,Architectural,Zero-Cost,RFI,2025-11-16,2025-11-17,2025-12-07,2025-12-09,2025-12-23,2025-12-24,Approved,0,0,0,9,6,1,Final,Executed Change Order,,Metals
CO-00748,PRJ-059,CO-005,Scope Clarification - Electrical Area D6,Scope Clarification,Owner,Electrical,Additive,Owner Request,2025-07-21,2025-07-23,2025-08-12,2025-08-14,2025-08-25,2025-08-30,Approved,44000,37000,37000,11,7,2,Final,Owner Authorization,2025-08-30,Metals
CO-00749,PRJ-059,CO-006,Owner-Directed Change - Architectural Area A8,Owner-Directed Change,Construction Manager,Architectural,Additive,Owner Request,2024-05-14,2024-05-16,2024-06-05,2024-05-28,,2024-06-08,Rejected,364000,287000,0,2,0,1,Final,None,,Concrete
CO-00750,PRJ-059,CO-007,Scope Clarification - Electrical Area B7,Scope Clarification,General Contractor,Electrical,Zero-Cost,Owner Request,2025-08-25,2025-09-05,2025-09-25,2025-09-10,2025-09-13,2025-09-20,Approved,0,0,0,0,0,0,Final,Construction Change Directive,2025-09-21,Concrete
CO-00751,PRJ-059,CO-008,Owner-Directed Change - Controls Area B7,Owner-Directed Change,Owner,Controls,Time Only,Owner Request,2025-06-26,2025-06-30,2025-07-20,2025-07-08,2025-07-13,2025-07-22,Approved,0,0,0,5,4,0,Final,Field Directive,2025-07-26,General Conditions
CO-00752,PRJ-060,CO-001,Value Engineering - Plumbing Area A5,Value Engineering,Engineer,Plumbing,Zero-Cost,Field Condition,2023-09-17,2023-09-23,2023-10-13,2023-09-25,2023-09-30,2023-10-06,Approved,0,0,0,0,0,0,Final,Owner Authorization,2023-10-09,MEP
CO-00753,PRJ-060,CO-002,Design Error or Omission - Fire Protection Area D8,Design Error or Omission,Architect,Fire Protection,Additive,RFI,2022-05-13,2022-05-20,2022-06-09,2022-05-26,,2022-06-11,Rejected,343000,289000,0,0,0,1,Final,None,,General Conditions
CO-00754,PRJ-060,CO-003,Owner-Directed Change - Electrical Area A4,Owner-Directed Change,Owner,Electrical,Additive,Owner Request,2023-07-18,2023-07-23,2023-08-12,2023-07-29,2023-08-09,2023-08-17,Approved,96000,73000,74000,23,12,1,Final,Construction Change Directive,2023-08-13,General Conditions
CO-00755,PRJ-060,CO-004,Scope Clarification - Civil Area A2,Scope Clarification,Subcontractor,Civil,Additive,Design Revision,2023-01-15,2023-01-20,2023-02-09,2023-02-07,,,Pending,42000,45000,,0,0,0,Pricing in Progress,None,,Interiors
CO-00756,PRJ-060,CO-005,Design Error or Omission - Specialty Systems Area D10,Design Error or Omission,Architect,Specialty Systems,Deductive,Submittal Review,2024-06-19,2024-06-21,2024-07-11,2024-06-24,,,Pending,-46000,-36000,,0,0,0,Negotiating,None,,Interiors
CO-00757,PRJ-060,CO-006,Unforeseen Condition - Mechanical Area C3,Unforeseen Conditions,Engineer,Mechanical,Deductive,Field Condition,2022-10-27,2022-10-31,2022-11-20,2022-11-11,2022-11-27,2022-12-05,Approved,-26000,-24000,-24000,0,0,1,Final,Executed Change Order,2022-12-05,Sitework
CO-00758,PRJ-060,CO-007,Owner-Directed Change - Mechanical Area C9,Owner-Directed Change,Authority Having Jurisdiction,Mechanical,Additive,Owner Request,2024-05-26,2024-05-28,2024-06-17,2024-06-06,2024-06-18,2024-06-21,Approved,829000,745000,743000,12,7,0,Final,Executed Change Order,2024-06-29,Concrete
CO-00759,PRJ-061,CO-001,Schedule Acceleration - Civil Area D4,Schedule Acceleration,Engineer,Civil,Additive,Schedule Recovery,2024-03-28,2024-04-03,2024-04-23,2024-04-13,2024-05-02,2024-05-08,Approved,1314000,1262000,1232000,0,0,1,Final,Executed Change Order,2024-05-06,Interiors
CO-00760,PRJ-061,CO-002,Code or Regulatory Requirement - Specialty Systems Area B4,Code or Regulatory Requirement,Architect,Specialty Systems,Additive,Field Condition,2023-08-28,2023-08-31,2023-09-20,2023-09-07,2023-09-16,2023-09-23,Approved,258000,232000,233000,3,3,0,Final,Owner Authorization,2023-09-27,Envelope
CO-00761,PRJ-061,CO-003,Design Error or Omission - Mechanical Area B7,Design Error or Omission,Owner,Mechanical,Additive,RFI,2023-08-26,2023-08-30,2023-09-19,2023-09-08,2023-09-14,2023-09-19,Approved,460000,408000,405000,1,0,1,Final,Executed Change Order,2023-09-20,Interiors
CO-00762,PRJ-061,CO-004,Design Error or Omission - Electrical Area A3,Design Error or Omission,Engineer,Electrical,Additive,Design Revision,2023-12-20,2023-12-25,2024-01-14,2023-12-28,2023-12-31,2024-01-05,Approved,222000,226000,226000,0,0,0,Final,Owner Authorization,2024-01-02,Sitework
CO-00763,PRJ-061,CO-005,Owner-Directed Change - Plumbing Area A3,Owner-Directed Change,Owner,Plumbing,Zero-Cost,Owner Request,2023-07-18,2023-07-23,2023-08-12,2023-07-31,,,Pending,0,0,,5,0,0,Negotiating,None,,Sitework
CO-00764,PRJ-061,CO-006,Unforeseen Condition - Structural Area B7,Unforeseen Condition,Construction Manager,Structural,Additive,Field Condition,2023-04-05,2023-04-08,2023-04-28,2023-04-15,2023-04-23,2023-05-02,Approved,1363000,1113000,1087000,0,0,0,Final,Owner Authorization,2023-04-27,Interiors
CO-00765,PRJ-061,CO-007,Schedule Acceleration - Architectural Area B1,Schedule Acceleration,Subcontractor,Architectural,Additive,Owner Request,2023-10-27,2023-11-03,2023-11-23,2023-11-14,2023-11-26,2023-12-04,Approved,1045000,957000,922000,5,4,1,Final,Executed Change Order,2023-11-30,Interiors
CO-00766,PRJ-061,CO-008,Unforeseen Condition - Structural Area A3,Unforeseen Condition,Construction Manager,Structural,Additive,RFI,2023-10-28,2023-10-30,2023-11-19,2023-11-03,2023-11-06,2023-11-16,Approved,2854000,2522000,2562000,0,0,0,Final,Owner Authorization,2023-11-08,Interiors
CO-00767,PRJ-061,CO-009,Value Engineering - Controls Area D5,Value Engineering,General Contractor,Controls,Additive,Owner Request,2024-02-17,2024-02-21,2024-03-12,2024-02-28,,,Pending,894000,,,0,0,0,ROM,None,,Sitework
CO-00768,PRJ-062,CO-001,Scope Clarification - Architectural Area D1,Scope Clarification,Owner,Architectural,Additive,Schedule Recovery,2023-06-18,2023-06-20,2023-07-10,2023-06-27,,,Pending,8200,7200,,0,0,1,Negotiating,None,,Sitework
CO-00769,PRJ-062,CO-002,Schedule Acceleration - Fire Protection Area B4,Schedule Acceleration,Architect,Fire Protection,Additive,Field Condition,2023-11-22,2023-11-28,2023-12-18,2023-12-08,2023-12-16,2023-12-18,Approved,31000,26000,26000,0,0,0,Final,Owner Authorization,2023-12-27,General Conditions
CO-00770,PRJ-062,CO-003,Quantity Variation - Electrical Area A7,Quantity Variation,Subcontractor,Electrical,Time Only,Submittal Review,2023-04-19,2023-04-25,2023-05-15,2023-05-02,,2023-05-11,Rejected,0,0,0,7,0,0,Final,None,,Concrete
CO-00771,PRJ-062,CO-004,Quantity Variation - Plumbing Area D4,Quantity Variation,General Contractor,Plumbing,Additive,RFI,2023-08-18,2023-08-26,2023-09-15,2023-09-03,2023-09-14,2023-09-23,Approved,100000,91000,91000,0,0,0,Final,Owner Authorization,2023-09-16,Envelope
CO-00772,PRJ-062,CO-005,Value Engineering - Civil Area D1,Value Engineering,General Contractor,Civil,Additive,Schedule Recovery,2022-04-19,2022-04-22,2022-05-12,2022-04-26,2022-04-29,2022-05-03,Approved,86000,70000,68000,1,0,0,Final,Executed Change Order,2022-05-06,Concrete
CO-00773,PRJ-062,CO-006,Unforeseen Condition - General Area B8,Unforeseen Condition,Construction Manager,General,Time Only,RFI,2022-10-10,2022-10-13,2022-11-02,2022-10-20,2022-10-28,2022-11-07,Approved,0,0,0,6,3,0,Final,Owner Authorization,2022-10-31,General Conditions
CO-00774,PRJ-062,CO-007,Unforeseen Condition - Electrical Area A8,Unforeseen Condition,Engineer,Electrical,Additive,Field Condition,2024-01-07,2024-01-09,2024-01-29,2024-01-21,2024-01-31,2024-02-07,Approved,21000,16000,16000,0,0,0,Final,Construction Change Directive,2024-02-04,Specialties
CO-00775,PRJ-062,CO-008,Schedule Acceleration - Specialty Systems Area C5,Schedule Acceleration,General Contractor,Specialty Systems,Additive,Design Revision,2023-03-25,2023-04-01,2023-04-21,2023-04-07,2023-04-17,2023-04-23,Approved,26000,26000,26000,0,0,0,Final,Executed Change Order,2023-04-29,General Conditions
CO-00776,PRJ-062,CO-009,Design Error or Omission - Structural Area A9,Design Error or Omission,Architect,Structural,Additive,RFI,2023-01-16,2023-01-18,2023-02-07,2023-01-23,2023-01-29,2023-02-05,Approved,11000,8400,8400,0,0,0,Final,Owner Authorization,2023-02-01,Interiors
CO-00777,PRJ-062,CO-010,Design Error or Omission - Civil Area A4,Design Error or Omission,Subcontractor,Civil,Additive,RFI,2022-05-26,2022-05-30,2022-06-19,2022-06-05,,2022-06-13,Withdrawn,28000,,0,0,0,0,ROM,None,,Sitework
CO-00778,PRJ-062,CO-011,Substitution - Mechanical Area B5,Substitution,Subcontractor,Mechanical,Additive,Field Condition,2023-12-08,2023-12-11,2023-12-31,2023-12-22,2023-12-27,2024-01-05,Approved,31000,32000,31000,1,0,0,Final,Field Directive,,Sitework
CO-00779,PRJ-062,CO-012,Design Error or Omission - General Area D6,Design Error or Omission,Construction Manager,General,Time Only,RFI,2023-08-22,2023-08-27,2023-09-16,2023-08-29,,,Pending,0,0,,18,0,0,ROM,None,,Interiors
CO-00780,PRJ-062,CO-013,Quantity Variation - Specialty Systems Area D2,Quantity Variation,Owner,Specialty Systems,Additive,Submittal Review,2022-09-28,2022-10-01,2022-10-21,2022-10-06,2022-10-10,2022-10-17,Approved,15000,14000,13000,0,0,0,Final,Construction Change Directive,2022-10-25,Envelope
CO-00781,PRJ-062,CO-014,Schedule Acceleration - Plumbing Area A7,Schedule Acceleration,Engineer,Plumbing,Additive,Field Condition,2023-11-03,2023-11-17,2023-12-07,2023-11-25,,,Pending,26000,22000,,0,0,0,Submitted,None,,Specialties
CO-00782,PRJ-063,CO-001,Owner-Directed Change - Civil Area A2,Owner-Directed Change,Owner,Civil,Additive,Owner Request,2025-05-04,2025-05-08,2025-05-28,2025-05-16,2025-05-24,2025-05-26,Approved,3274000,3162000,3096000,0,0,0,Final,Owner Authorization,2025-05-27,Interiors
CO-00783,PRJ-063,CO-002,Schedule Acceleration - General Area C7,Schedule Acceleration,Architect,General,Additive,Schedule Recovery,2025-06-20,2025-06-24,2025-07-14,2025-07-02,,2025-07-09,Rejected,1463000,597000,0,0,0,1,Final,None,,Interiors
CO-00784,PRJ-063,CO-003,Design Error or Omission - General Area B7,Design Error or Omission,Construction Manager,General,Additive,RFI,2024-01-31,2024-02-06,2024-02-26,2024-02-18,,2024-03-05,Rejected,533000,382000,0,0,0,2,Final,None,,Concrete
CO-00785,PRJ-063,CO-004,Design Error or Omission - Specialty Systems Area A4,Design Error or Omission,Engineer,Specialty Systems,Additive,Submittal Review,2024-07-09,2024-07-12,2024-08-01,2024-07-14,2024-07-18,2024-07-25,Approved,246000,236000,236000,0,0,0,Final,Executed Change Order,2024-07-20,Specialties
CO-00786,PRJ-063,CO-005,Owner-Directed Change - Architectural Area D10,Owner-Directed Change,Construction Manager,Architectural,Deductive,Owner Request,2023-07-13,2023-07-23,2023-08-12,2023-08-05,,,Pending,-1264000,-1002000,,0,0,0,Negotiating,None,,Specialties
CO-00787,PRJ-063,CO-006,Design Error or Omission - Specialty Systems Area A4,Design Error or Omission,Construction Manager,Specialty Systems,Deductive,Submittal Review,2025-04-08,2025-04-14,2025-05-04,2025-04-24,2025-05-04,2025-05-14,Approved,-503000,-521000,-510000,6,3,0,Final,Executed Change Order,2025-05-09,MEP
CO-00788,PRJ-063,CO-007,Design Error or Omission - Fire Protection Area C9,Design Error or Omission,General Contractor,Fire Protection,Deductive,RFI,2025-03-22,2025-03-24,2025-04-13,2025-04-09,2025-04-22,2025-04-25,Approved,-186000,-160000,-156000,27,22,1,Final,Executed Change Order,,Concrete
CO-00789,PRJ-063,CO-008,Scope Clarification - Electrical Area A2,Scope Clarification,Subcontractor,Electrical,Additive,Submittal Review,2025-02-23,2025-03-02,2025-03-22,2025-03-15,2025-03-30,2025-04-09,Approved,198000,173000,173000,0,0,0,Final,Owner Authorization,2025-04-04,Envelope
CO-00790,PRJ-064,CO-001,Quantity Variation - Structural Area C2,Quantity Variation,Owner,Structural,Additive,Design Revision,2023-06-02,2023-06-05,2023-06-25,2023-06-12,2023-06-15,2023-06-17,Approved,477000,405000,400000,0,0,0,Final,Executed Change Order,2023-06-19,MEP
CO-00791,PRJ-064,CO-002,Schedule Acceleration - Plumbing Area B1,Schedule Acceleration,Architect,Plumbing,Additive,Submittal Review,2023-05-18,2023-05-29,2023-06-18,2023-06-02,2023-06-08,2023-06-13,Approved,252000,194000,190000,0,0,0,Final,Executed Change Order,2023-06-11,MEP
CO-00792,PRJ-064,CO-003,Unforeseen Condition - Specialty Systems Area B3,Unforeseen Condition,General Contractor,Specialty Systems,Time Only,RFI,2023-06-11,2023-06-15,2023-07-05,2023-07-04,2023-07-13,2023-07-17,Approved,0,0,0,13,7,1,Final,Owner Authorization,2023-07-23,Interiors
CO-00793,PRJ-064,CO-004,Value Engineering - Specialty Systems Area D7,Value Engineering,General Contractor,Specialty Systems,Deductive,RFI,2023-11-25,2023-11-26,2023-12-16,2023-11-29,,,Pending,-77000,,,0,0,0,Pricing in Progress,None,,Interiors
CO-00794,PRJ-064,CO-005,Owner-Directed Change - Mechanical Area B1,Owner-Directed Change,Owner,Mechanical,Zero-Cost,Owner Request,2022-12-28,2023-01-01,2023-01-21,2023-01-08,,2023-01-20,Withdrawn,0,,0,0,0,1,ROM,None,,Envelope
CO-00795,PRJ-064,CO-006,Code or Regulatory Requirement - Mechanical Area B9,Code or Regulatory Requirement,General Contractor,Mechanical,Additive,Design Revision,2024-03-31,2024-04-06,2024-04-26,2024-04-21,2024-05-14,2024-05-22,Approved,737000,644000,633000,0,0,1,Final,Executed Change Order,2024-05-15,MEP
CO-00796,PRJ-064,CO-007,Owner-Directed Change - Structural Area C3,Owner-Directed Change,General Contractor,Structural,Additive,Owner Request,2024-03-12,2024-03-15,2024-04-04,2024-03-26,,,Pending,371000,,,5,0,0,Negotiating,None,,General Conditions
CO-00797,PRJ-064,CO-008,Design Error or Omission - Fire Protection Area C8,Design Error or Omission,Architect,Fire Protection,Additive,Design Revision,2023-04-01,2023-04-04,2023-04-24,2023-04-19,2023-05-06,2023-05-15,Approved,207000,181000,176000,0,0,0,Final,Executed Change Order,2023-05-12,Interiors
CO-00798,PRJ-064,CO-009,Design Error or Omission - Specialty Systems Area C8,Design Error or Omission,Engineer,Specialty Systems,Additive,Design Revision,2024-04-21,2024-05-08,2024-05-28,2024-05-19,2024-05-29,2024-06-05,Approved,164000,131000,131000,5,5,1,Final,Executed Change Order,2024-05-31,Concrete
CO-00799,PRJ-064,CO-010,Unforeseen Condition - Civil Area A6,Unforeseen Condition,Subcontractor,Civil,Additive,RFI,2022-11-01,2022-11-08,2022-11-28,2022-11-13,2022-11-23,2022-12-01,Approved,314000,287000,286000,0,0,1,Final,Construction Change Directive,2022-11-25,Envelope
CO-00800,PRJ-064,CO-011,Schedule Acceleration - Mechanical Area C7,Schedule Acceleration,Owner,Mechanical,Additive,Field Condition,2023-10-29,2023-11-03,2023-11-23,2023-11-21,,,Pending,87000,,,0,0,0,Negotiating,None,,Sitework
CO-00801,PRJ-064,CO-012,Design Error or Omission - Specialty Systems Area D2,Design E&O,Subcontractor,Specialty Systems,Additive,Design Revision,2024-01-21,2024-01-25,2024-02-14,2024-02-02,,2024-02-17,Rejected,349000,290000,0,0,0,0,Final,None,,MEP
CO-00802,PRJ-064,CO-013,Quantity Variation - Specialty Systems Area C4,Quantity Variation,General Contractor,Specialty Systems,Deductive,RFI,2024-07-20,2024-07-24,2024-08-13,2024-08-03,,,Pending,-262000,,,0,0,1,Pricing in Progress,None,,Equipment
CO-00803,PRJ-064,CO-014,Unforeseen Condition - Structural Area A6,Unforeseen Condition,Engineer,Structural,Additive,Field Condition,2024-02-02,2024-02-12,2024-03-03,2024-03-11,,,Pending,254000,,,2,0,0,Negotiating,None,,General Conditions
CO-00804,PRJ-065,CO-001,Quantity Variation - Architectural Area C6,Quantity Variation,General Contractor,Architectural,Additive,Field Condition,2023-10-13,2023-10-15,2023-11-04,2023-10-24,2023-11-01,2023-11-05,Approved,77000,80000,80000,0,0,0,Final,Owner Authorization,,Sitework
CO-00805,PRJ-065,CO-002,Substitution - Controls Area B1,Substitution,Architect,Controls,Deductive,RFI,2024-01-27,2024-02-03,2024-02-23,2024-02-07,2024-02-15,2024-02-22,Approved,-35000,-36000,-35000,3,1,0,Final,Owner Authorization,2024-02-20,MEP
CO-00806,PRJ-065,CO-003,Code or Regulatory Requirement - Plumbing Area C4,Code or Regulatory Requirement,Subcontractor,Plumbing,Additive,Field Condition,2024-08-14,2024-08-15,2024-09-04,2024-08-27,2024-09-06,2024-09-08,Approved,151000,139000,137000,0,0,0,Final,Executed Change Order,2024-09-11,Equipment
CO-00807,PRJ-065,CO-004,Quantity Variation - Plumbing Area D4,Quantity Variation,Construction Manager,Plumbing,Additive,RFI,2024-02-14,2024-02-16,2024-03-07,2024-02-21,2024-02-28,2024-02-29,Approved,40000,34000,34000,0,0,0,Final,Executed Change Order,,Metals
CO-00808,PRJ-065,CO-005,Quantity Variation - Specialty Systems Area C8,Quantity Variation,Architect,Specialty Systems,Additive,Owner Request,2023-08-30,2023-09-04,2023-09-24,2023-09-13,,2023-09-25,Rejected,93000,48000,0,5,0,0,Final,None,,Metals
CO-00809,PRJ-065,CO-006,Owner-Directed Change - Structural Area C1,Owner-Directed Change,Owner,Structural,Time Only,Owner Request,2024-09-24,2024-09-25,2024-10-15,2024-10-11,,,Pending,0,,,10,0,1,Pricing in Progress,None,,Sitework
CO-00810,PRJ-065,CO-007,Code or Regulatory Requirement - Electrical Area B2,Code or Regulatory Requirement,Owner,Electrical,Deductive,Design Revision,2024-09-23,2024-09-26,2024-10-16,2024-10-17,2024-10-27,2024-11-05,Approved,-93000,-79000,-77000,0,0,2,Final,Owner Authorization,2024-10-30,General Conditions
CO-00811,PRJ-065,CO-008,Unforeseen Condition - Structural Area B5,Unforeseen Condition,Subcontractor,Structural,Additive,Field Condition,2024-01-20,2024-01-28,2024-02-17,2024-02-04,,2024-02-17,Rejected,183000,132000,0,0,0,0,Final,None,,General Conditions
CO-00812,PRJ-065,CO-009,Design Error or Omission - Structural Area D8,Design Error or Omission,Architect,Structural,Additive,Submittal Review,2024-02-17,2024-02-22,2024-03-13,2024-03-01,,,Pending,409000,,,0,0,0,Submitted,None,,Concrete
CO-00813,PRJ-066,CO-001,Code or Regulatory Requirement - Specialty Systems Area B2,Code or Regulatory Requirement,Construction Manager,Specialty Systems,Deductive,Submittal Review,2024-04-13,2024-04-19,2024-05-09,2024-04-27,2024-05-10,2024-05-17,Approved,-415000,-319000,-311000,8,4,0,Final,Field Directive,2024-05-16,General Conditions
CO-00814,PRJ-066,CO-002,Value Engineering - Plumbing Area B3,Value Engineering,Owner,Plumbing,Zero-Cost,Design Revision,2023-08-22,2023-08-25,2023-09-14,2023-08-31,2023-09-04,2023-09-07,Approved,0,0,0,0,0,0,Final,Executed Change Order,2023-09-12,Envelope
CO-00815,PRJ-066,CO-003,Quantity Variation - Electrical Area D6,Quantity Variation,Owner,Electrical,Additive,Owner Request,2023-07-27,2023-08-01,2023-08-21,2023-08-09,2023-08-16,2023-08-19,Approved,360000,278000,271000,0,0,0,Final,Owner Authorization,2023-09-02,Sitework
CO-00816,PRJ-066,CO-004,Substitution - Civil Area A6,Substitution,Construction Manager,Civil,Zero-Cost,Design Revision,2023-01-19,2023-01-25,2023-02-14,2023-02-13,2023-02-21,2023-03-03,Approved,0,0,0,0,0,1,Final,Executed Change Order,2023-02-23,Metals
CO-00817,PRJ-066,CO-005,Quantity Variation - Structural Area C1,Quantity Variation,Engineer,Structural,Additive,Design Revision,2023-10-23,2023-11-01,2023-11-21,2023-11-07,2023-11-14,2023-11-20,Approved,32000,27000,27000,0,0,0,Final,Owner Authorization,2023-11-30,Concrete
CO-00818,PRJ-066,CO-006,Substitution - Controls Area A1,Substitution,Owner,Controls,Zero-Cost,Schedule Recovery,2023-04-29,2023-05-03,2023-05-23,2023-05-13,,2023-05-28,Withdrawn,0,,0,0,0,1,ROM,None,,Concrete
CO-00819,PRJ-066,CO-007,Value Engineering - Electrical Area B8,Value Engineering,Owner,Electrical,Additive,Schedule Recovery,2023-04-10,2023-04-12,2023-05-02,2023-04-15,,,Pending,399000,,,0,0,0,Negotiating,None,,Specialties
CO-00820,PRJ-066,CO-008,Substitution - Controls Area B4,Substitution,Engineer,Controls,Additive,RFI,2023-08-22,2023-08-27,2023-09-16,2023-09-07,,2023-09-23,Rejected,191000,87000,0,0,0,1,Final,None,,MEP
CO-00821,PRJ-067,CO-001,Substitution - Structural Area C3,Substitution,Architect,Structural,Additive,Schedule Recovery,2022-06-04,2022-06-11,2022-07-01,2022-07-03,,2022-08-08,Rejected,16000,9500,0,1,0,0,Final,None,,MEP
CO-00822,PRJ-067,CO-002,Scope Clarification - General Area A9,Scope Clarification,Architect,General,Additive,RFI,2022-10-07,2022-10-16,2022-11-05,2022-10-30,,,Pending,11000,9400,,0,0,1,Submitted,None,,Metals
CO-00823,PRJ-067,CO-003,Substitution - Electrical Area B3,Substitution,Construction Manager,Electrical,Additive,Field Condition,2022-08-28,2022-09-12,2022-10-02,2022-10-08,,,Pending,14000,13000,,0,0,2,Pricing in Progress,None,,Envelope
CO-00824,PRJ-067,CO-004,Substitution - Mechanical Area A2,Substitution,General Contractor,Mechanical,Additive,Design Revision,2022-10-24,2022-10-31,2022-11-20,2022-11-16,2022-11-29,2022-12-04,Approved,12000,9700,9600,0,0,1,Final,Field Directive,2022-12-10,Specialties
CO-00825,PRJ-067,CO-005,Design Error or Omission - Specialty Systems Area A5,Design Error or Omission,Architect,Specialty Systems,Additive,RFI,2023-04-29,2023-05-01,2023-05-21,2023-05-15,,2023-06-11,Withdrawn,30000,,0,19,0,0,Submitted,None,,MEP
CO-00826,PRJ-067,CO-006,Quantity Variation - Mechanical Area C9,Quantity Variation,Construction Manager,Mechanical,Deductive,Owner Request,2023-05-09,2023-05-21,2023-06-10,2023-06-25,2023-07-14,2023-07-19,Approved,-21000,-20000,-20000,0,0,2,Final,Executed Change Order,,Metals
CO-00827,PRJ-067,CO-007,Schedule Acceleration - Structural Area B9,Schedule Acceleration,Construction Manager,Structural,Additive,Design Revision,2022-05-09,2022-06-07,2022-06-27,2022-07-03,2022-08-14,2022-08-20,Approved,69000,55000,55000,0,0,0,Final,Executed Change Order,2022-08-23,Interiors
CO-00828,PRJ-067,CO-008,Owner-Directed Change - Electrical Area A6,Owner-Directed Change,Engineer,Electrical,Additive,Owner Request,2023-05-23,2023-06-02,2023-06-22,2023-06-20,2023-07-12,2023-07-22,Approved,112000,105000,102000,4,4,1,Final,Construction Change Directive,2023-07-26,MEP
CO-00829,PRJ-067,CO-009,Scope Clarification - Specialty Systems Area D7,Scope Clarification,Subcontractor,Specialty Systems,Additive,RFI,2022-12-21,2022-12-24,2023-01-13,2023-01-08,,,Pending,30000,,,0,0,0,Submitted,None,,Interiors
CO-00830,PRJ-067,CO-010,Owner-Directed Change - Architectural Area A7,Owner-Directed Change,Architect,Architectural,Additive,Owner Request,2023-06-08,2023-06-16,2023-07-06,2023-07-12,2023-07-29,2023-08-04,Approved,8700,7300,7100,0,0,0,Final,Executed Change Order,2023-08-03,General Conditions
CO-00831,PRJ-067,CO-011,Quantity Variation - Fire Protection Area D7,Quantity Variation,Owner,Fire Protection,Additive,Owner Request,2022-12-14,2022-12-26,2023-01-15,2023-01-02,2023-01-13,2023-01-22,Approved,27000,23000,22000,0,0,1,Final,Executed Change Order,2023-01-18,General Conditions
CO-00832,PRJ-067,CO-012,Code or Regulatory Requirement - Mechanical Area D7,Code or Regulatory Requirement,Construction Manager,Mechanical,Deductive,Field Condition,2022-08-11,2022-08-29,2022-09-18,2022-09-18,2022-10-06,2022-10-12,Approved,-41000,-32000,-31000,7,4,0,Final,Executed Change Order,2022-10-08,Concrete
CO-00833,PRJ-067,CO-013,Code or Regulatory Requirement - Fire Protection Area D4,Code or Regulatory Requirement,General Contractor,Fire Protection,Additive,Owner Request,2022-10-13,2022-11-08,2022-11-28,2022-12-01,,2023-01-07,Rejected,48000,19000,0,0,0,1,Final,None,,Metals
CO-00834,PRJ-067,CO-014,Scope Clarification - Structural Area D2,Scope Clarification,Architect,Structural,Additive,Design Revision,2023-02-08,2023-03-01,2023-03-21,2023-03-20,2023-04-11,2023-04-12,Approved,56000,55000,54000,0,0,1,Final,Executed Change Order,2023-04-20,Specialties
CO-00835,PRJ-068,CO-001,Unforeseen Condition - Civil Area A5,Unforeseen Condition,Construction Manager,Civil,Additive,Field Condition,2023-07-31,2023-08-04,2023-08-24,2023-08-11,2023-08-17,2023-08-24,Approved,20000,17000,17000,0,0,1,Final,Executed Change Order,2023-08-20,General Conditions
CO-00836,PRJ-068,CO-002,Quantity Variation - Plumbing Area C4,Quantity Variation,Owner,Plumbing,Additive,Owner Request,2023-12-08,2023-12-27,2024-01-16,2024-01-05,2024-01-21,2024-01-26,Approved,70000,65000,64000,0,0,2,Final,Executed Change Order,2024-01-26,MEP
CO-00837,PRJ-068,CO-003,Owner-Directed Change - General Area C5,Owner-Directed Change,Owner,General,Additive,Owner Request,2022-10-23,2022-10-24,2022-11-13,2022-11-08,2022-11-22,2022-11-29,Approved,18000,18000,17000,16,14,1,Final,Owner Authorization,,MEP
CO-00838,PRJ-068,CO-004,Design Error or Omission - Fire Protection Area A9,Design Error or Omission,General Contractor,Fire Protection,Additive,Submittal Review,2023-08-07,2023-08-19,2023-09-08,2023-09-07,2023-09-23,2023-09-28,Approved,54000,47000,47000,0,0,0,Final,Executed Change Order,,MEP
CO-00839,PRJ-068,CO-005,Value Engineering - Structural Area D8,Value Engineering,Engineer,Structural,Additive,Owner Request,2023-03-03,2023-03-12,2023-04-01,2023-03-27,,,Pending,34000,,,0,0,1,ROM,None,,Interiors
CO-00840,PRJ-068,CO-006,Design Error or Omission - Architectural Area D5,Design Error or Omission,Owner,Architectural,Additive,RFI,2023-11-17,2023-11-20,2023-12-10,2023-12-04,2023-12-21,2023-12-27,Approved,219000,182000,185000,3,1,0,Final,Executed Change Order,2023-12-29,Interiors
CO-00841,PRJ-068,CO-007,Owner-Directed Change - Plumbing Area A8,Owner-Directed Change,Owner,Plumbing,Additive,Owner Request,2023-09-30,2023-10-04,2023-10-24,2023-10-18,2023-11-02,2023-11-05,Approved,102000,104000,103000,0,0,1,Final,Executed Change Order,2023-11-07,MEP
CO-00842,PRJ-068,CO-008,Design Error or Omission - Controls Area D8,Design Error or Omission,Architect,Controls,Additive,Submittal Review,2023-03-11,2023-03-16,2023-04-05,2023-03-24,,,Pending,39000,,,0,0,1,Pricing in Progress,None,,Envelope
CO-00843,PRJ-069,CO-001,Scope Clarification - General Area B9,Scope Clarification,Owner,General,Additive,RFI,2022-08-30,2022-09-04,2022-09-24,2022-09-17,,,Pending,10000,8200,,3,0,0,Negotiating,None,,Envelope
CO-00844,PRJ-069,CO-002,Owner-Directed Change - Electrical Area C6,Owner-Directed Change,Owner,Electrical,Zero-Cost,Owner Request,2022-06-14,2022-06-18,2022-07-08,2022-07-05,2022-08-04,2022-08-10,Approved,0,0,0,0,0,1,Final,Field Directive,2022-08-12,Envelope
CO-00845,PRJ-069,CO-003,Owner-Directed Change - Specialty Systems Area B8,Owner-Directed Change,Owner,Specialty Systems,Additive,Owner Request,2022-08-28,2022-09-03,2022-09-23,2022-09-10,2022-09-20,2022-09-22,Approved,109000,89000,89000,0,0,0,Final,Field Directive,2022-09-28,Interiors
CO-00846,PRJ-069,CO-004,Quantity Variation - Plumbing Area B8,Quantity Variation,Engineer,Plumbing,Additive,Design Revision,2022-01-07,2022-01-10,2022-01-30,2022-01-18,,2022-02-01,Withdrawn,204000,,0,8,0,0,Submitted,None,,MEP
CO-00847,PRJ-069,CO-005,Unforeseen Condition - Electrical Area D3,Unforeseen Condition,General Contractor,Electrical,Additive,Field Condition,2022-05-24,2022-05-28,2022-06-17,2022-06-19,2022-07-13,2022-07-23,Approved,38000,30000,30000,0,0,0,Final,Construction Change Directive,2022-07-18,Sitework
CO-00848,PRJ-069,CO-006,Design Error or Omission - Architectural Area B1,Design Error or Omission,Architect,Architectural,Additive,RFI,2022-07-19,2022-07-26,2022-08-15,2022-08-04,2022-08-17,2022-08-27,Approved,91000,93000,90000,0,0,0,Final,Executed Change Order,2022-08-24,Equipment
CO-00849,PRJ-069,CO-007,Design Error or Omission - Architectural Area D7,Design Error or Omission,Architect,Architectural,Additive,Submittal Review,2022-07-10,2022-07-17,2022-08-06,2022-07-23,2022-08-01,2022-08-06,Approved,20000,16000,15000,0,0,0,Final,Owner Authorization,2022-08-11,Envelope
CO-00850,PRJ-069,CO-008,Schedule Acceleration - General Area B6,Schedule Acceleration,Architect,General,Additive,Schedule Recovery,2022-01-10,2022-01-13,2022-02-02,2022-02-14,,,Pending,40000,32000,,38,0,0,Submitted,None,,Metals
CO-00851,PRJ-069,CO-009,Unforeseen Condition - Controls Area C3,Unforeseen Condition,Authority Having Jurisdiction,Controls,Time Only,RFI,2022-08-24,2022-08-30,2022-09-19,2022-09-08,2022-09-24,2022-09-26,Approved,0,0,0,6,5,1,Final,Owner Authorization,2022-09-29,Envelope
CO-00852,PRJ-070,CO-001,Design Error or Omission - Mechanical Area D5,Design Error or Omission,Construction Manager,Mechanical,Additive,Design Revision,2024-01-08,2024-01-27,2024-02-16,2024-02-04,2024-02-12,2024-02-21,Approved,248000,207000,201000,6,4,0,Final,Executed Change Order,2024-02-16,General Conditions
CO-00853,PRJ-070,CO-002,Scope Clarification - Plumbing Area C3,Scope Clarification,General Contractor,Plumbing,Additive,Owner Request,2022-09-03,2022-09-08,2022-09-28,2022-10-02,,2022-10-14,Withdrawn,63000,,0,4,0,2,Pricing in Progress,None,,Metals
CO-00854,PRJ-070,CO-003,Scope Clarification - Architectural Area C9,Scope Clarification,Architect,Architectural,Additive,Field Condition,2022-10-28,2022-10-31,2022-11-20,2022-11-14,2022-11-27,2022-12-04,Approved,358000,308000,306000,4,2,0,Final,Field Directive,2022-12-06,Interiors
CO-00855,PRJ-070,CO-004,Owner-Directed Change - Specialty Systems Area B9,Owner-Directed Change,Subcontractor,Specialty Systems,Deductive,Owner Request,2024-05-06,2024-05-13,2024-06-02,2024-06-25,,2024-07-31,Rejected,-1143000,-621000,0,4,0,1,Final,None,,Metals
CO-00856,PRJ-070,CO-005,Unforeseen Condition - Mechanical Area D5,Unforeseen Condition,Subcontractor,Mechanical,Additive,Field Condition,2023-01-05,2023-01-10,2023-01-30,2023-02-06,,,Pending,366000,,,8,0,1,Submitted,None,,General Conditions
CO-00857,PRJ-070,CO-006,Owner-Directed Change - Plumbing Area B5,Owner-Directed Change,Owner,Plumbing,Additive,Owner Request,2023-01-29,2023-02-03,2023-02-23,2023-02-14,2023-03-07,2023-03-12,Approved,160000,164000,166000,0,0,1,Final,Construction Change Directive,2023-03-13,Concrete
CO-00858,PRJ-070,CO-007,Scope Clarification - Electrical Area B2,Scope Clarification,Subcontractor,Electrical,Additive,Schedule Recovery,2023-08-20,2023-08-24,2023-09-13,2023-09-24,2023-10-07,2023-10-12,Approved,487000,500000,493000,0,0,1,Final,Executed Change Order,2023-10-10,Metals
CO-00859,PRJ-070,CO-008,Design Error or Omission - Civil Area C6,Design Error or Omission,Subcontractor,Civil,Additive,Design Revision,2023-01-18,2023-01-22,2023-02-11,2023-01-30,2023-02-03,2023-02-12,Approved,20000,19000,19000,0,0,0,Final,Executed Change Order,2023-02-09,Interiors
CO-00860,PRJ-070,CO-009,Unforeseen Condition - Specialty Systems Area D2,Unforeseen Condition,Construction Manager,Specialty Systems,Additive,Field Condition,2023-12-13,2023-12-17,2024-01-06,2024-01-05,2024-01-20,2024-01-23,Approved,615000,596000,603000,0,0,1,Final,Executed Change Order,2024-01-26,Equipment
CO-00861,PRJ-998,CO-010,Owner-Directed Change - Mechanical Area C6,Owner-Directed Change,Owner,Mechanical,Additive,Owner Request,2023-03-21,2023-03-29,2023-04-18,2023-04-21,2023-05-25,2023-06-03,Approved,177000,165000,161000,0,0,2,Final,Owner Authorization,2023-06-01,Metals
CO-00862,PRJ-070,CO-011,Scope Clarification - Architectural Area C9,Scope Clarification,Architect,Architectural,Deductive,Field Condition,2024-01-19,2024-01-24,2024-02-13,2024-02-15,,,Pending,-469000,-396000,,2,0,0,Negotiating,None,,Envelope
CO-00863,PRJ-070,CO-012,Owner-Directed Change - Architectural Area C7,Owner-Directed Change,Owner,Architectural,Additive,Owner Request,2022-09-14,2022-09-22,2022-10-12,2022-10-02,,,Pending,82000,,,10,0,0,Pricing in Progress,None,,Sitework
CO-00864,PRJ-070,CO-013,Quantity Variation - General Area B1,Quantity Variation,General Contractor,General,Deductive,Schedule Recovery,2025-04-08,2025-04-24,2025-05-14,2025-04-30,,,Pending,-781000,-628000,,1,0,0,Pricing in Progress,None,,MEP
CO-00865,PRJ-071,CO-001,Value Engineering - Electrical Area A4,Value Engineering,Engineer,Electrical,Additive,Submittal Review,2022-07-18,2022-07-30,2022-08-19,2022-08-04,2022-08-12,2022-08-22,Approved,86000,73000,73000,0,0,0,Final,Field Directive,2022-08-15,Sitework
CO-00866,PRJ-071,CO-002,Unforeseen Condition - Specialty Systems Area B3,Unforeseen Condition,Owner,Specialty Systems,Additive,Field Condition,2024-02-12,2024-02-14,2024-03-05,2024-02-28,2024-03-08,2024-03-17,Approved,347000,278000,276000,3,2,0,Final,Construction Change Directive,2024-03-17,Concrete
CO-00867,PRJ-071,CO-003,Schedule Acceleration - Plumbing Area D5,Schedule Acceleration,Engineer,Plumbing,Additive,Schedule Recovery,2022-10-16,2022-10-21,2022-11-10,2022-11-11,,2022-12-07,Rejected,219000,92000,0,0,0,0,Final,None,,MEP
CO-00868,PRJ-071,CO-004,Schedule Acceleration - Civil Area A4,Schedule Acceleration,Subcontractor,Civil,Additive,Owner Request,2022-04-08,2022-04-21,2022-05-11,2022-04-28,2022-05-03,2022-05-07,Approved,433000,385000,384000,0,0,0,Final,Executed Change Order,2022-05-06,Specialties
CO-00869,PRJ-071,CO-005,Owner-Directed Change - Plumbing Area D1,Owner-Directed Change,Owner,Plumbing,Additive,Owner Request,2023-05-04,2023-05-11,2023-05-31,2023-05-15,2023-05-21,2023-05-30,Approved,898000,751000,727000,0,0,0,Final,Executed Change Order,2023-05-23,Envelope
CO-00870,PRJ-071,CO-006,Scope Clarification - Architectural Area C8,Scope Clarification,General Contractor,Architectural,Deductive,Submittal Review,2022-04-23,2022-04-26,2022-05-16,2022-05-03,2022-05-13,2022-05-14,Approved,-91000,-86000,-87000,0,0,0,Final,Executed Change Order,2022-05-16,Sitework
CO-00871,PRJ-071,CO-007,Value Engineering - Plumbing Area A1,Value Engineering,Owner,Plumbing,Additive,RFI,2023-04-16,2023-04-19,2023-05-09,2023-04-26,,,Pending,260000,,,0,0,0,ROM,None,,MEP
CO-00872,PRJ-071,CO-008,Design Error or Omission - Specialty Systems Area D2,Design Error or Omission,General Contractor,Specialty Systems,Additive,RFI,2023-12-01,2023-12-09,2023-12-29,2023-12-23,2024-01-11,2024-01-20,Approved,50000,41000,42000,0,0,0,Final,Executed Change Order,2024-01-18,MEP
CO-00873,PRJ-071,CO-009,Unforeseen Condition - Architectural Area C6,Unforeseen Condition,Subcontractor,Architectural,Additive,RFI,2023-10-05,2023-10-11,2023-10-31,2023-10-25,2023-10-31,2023-11-06,Approved,1088000,833000,829000,0,0,1,Final,Owner Authorization,2023-11-09,Concrete
CO-00874,PRJ-071,CO-010,Owner-Directed Change - Electrical Area B1,Owner-Directed Change,Owner,Electrical,Additive,Owner Request,2022-05-04,2022-05-15,2022-06-04,2022-05-21,,,Pending,279000,255000,,0,0,0,ROM,None,,General Conditions
CO-00875,PRJ-071,CO-011,Quantity Variation - Specialty Systems Area D5,Quantity Variation,General Contractor,Specialty Systems,Time Only,RFI,2022-10-02,2022-10-15,2022-11-04,2022-10-19,2022-10-29,2022-10-31,Approved,0,0,,2,1,0,Final,Owner Authorization,2022-11-03,General Conditions
CO-00876,PRJ-071,CO-012,Code or Regulatory Requirement - Controls Area B8,Code or Regulatory Requirement,Engineer,Controls,Additive,Schedule Recovery,2023-07-02,2023-07-06,2023-07-26,2023-07-27,,,Pending,566000,469000,,0,0,1,Pricing in Progress,None,,Metals
CO-00877,PRJ-071,CO-013,Unforeseen Condition - Electrical Area C2,Unforeseen Condition,Subcontractor,Electrical,Additive,RFI,2023-07-18,2023-07-30,2023-08-19,2023-08-10,2023-08-18,2023-08-23,Approved,138000,130000,129000,0,0,0,Final,Field Directive,2023-08-25,MEP
CO-00878,PRJ-072,CO-001,Scope Clarification - Electrical Area A4,Scope Clarification,Owner,Electrical,Additive,Owner Request,2023-04-01,2023-04-06,2023-04-26,2023-04-29,,,Pending,1114000,,,0,0,1,Negotiating,None,,Sitework
CO-00879,PRJ-072,CO-002,Owner-Directed Change - Plumbing Area C10,Owner-Directed Change,Owner,Plumbing,Additive,Owner Request,2023-07-17,2023-07-26,2023-08-15,2023-08-21,2023-10-07,2023-10-09,Approved,76000,77000,76000,0,0,2,Final,Owner Authorization,2023-10-12,MEP
CO-00880,PRJ-072,CO-003,Schedule Acceleration - Mechanical Area B1,Schedule Acceleration,Construction Manager,Mechanical,Additive,Design Revision,2023-10-07,2023-10-14,2023-11-03,2023-10-29,2023-11-14,2023-11-18,Approved,621000,608000,615000,0,0,0,Final,Executed Change Order,2023-11-25,MEP
CO-00881,PRJ-072,CO-004,Owner-Directed Change - Architectural Area D3,Owner-Directed Change,Owner,Architectural,Zero-Cost,Owner Request,2024-02-29,2024-03-04,2024-03-24,2024-03-23,,2024-04-19,Rejected,0,0,0,0,0,1,Final,None,,Specialties
CO-00882,PRJ-072,CO-005,Substitution - Mechanical Area B5,Substitution,Owner,Mechanical,Additive,RFI,2025-01-17,2025-01-25,2025-02-14,2025-03-27,,,Pending,445000,,,0,0,0,ROM,None,,Interiors
CO-00883,PRJ-072,CO-006,Owner-Directed Change - Architectural Area D3,Owner-Directed Change,Owner,Architectural,Additive,Owner Request,2024-01-03,2024-01-13,2024-02-02,2024-01-26,,,Pending,637000,,,0,0,0,Negotiating,None,,Interiors
CO-00884,PRJ-072,CO-007,Owner-Directed Change - Electrical Area D8,Owner-Directed Change,Owner,Electrical,Additive,Owner Request,2023-10-12,2023-10-24,2023-11-13,2023-11-16,,,Pending,291000,275000,,6,0,0,Pricing in Progress,None,,Envelope
CO-00885,PRJ-072,CO-008,Scope Clarification - Mechanical Area B4,Scope Clarification,General Contractor,Mechanical,Additive,Schedule Recovery,2024-02-10,2024-02-24,2024-03-15,2024-03-09,2024-03-24,2024-04-01,Approved,608000,571000,550000,0,0,0,Final,Executed Change Order,2024-03-29,Metals
CO-00886,PRJ-072,CO-009,Value Engineering - Fire Protection Area C1,Value Engineering,Owner,Fire Protection,Additive,Submittal Review,2023-03-20,2023-04-07,2023-04-27,2023-04-17,2023-04-30,2023-05-03,Approved,156000,126000,122000,1,1,0,Final,Construction Change Directive,2023-05-10,Envelope
CO-00887,PRJ-072,CO-010,Value Engineering - Electrical Area A9,Value Engineering,Subcontractor,Electrical,Additive,Field Condition,2023-12-04,2023-12-17,2024-01-06,2023-12-31,2024-01-14,2024-01-16,Approved,468000,364000,363000,64,58,2,Final,Executed Change Order,2024-01-27,Envelope
CO-00888,PRJ-072,CO-011,Quantity Variation - Plumbing Area C7,Quantity Variation,General Contractor,Plumbing,Additive,Design Revision,2024-03-15,2024-03-26,2024-04-15,2024-04-13,,,Pending,25000,,,2,0,2,Submitted,None,,Sitework
CO-00889,PRJ-072,CO-012,Unforeseen Condition - Specialty Systems Area B8,Unforeseen Condition,Owner,Specialty Systems,Additive,Field Condition,2024-12-13,2024-12-18,2025-01-07,2025-02-20,2025-03-19,2025-03-21,Approved,218000,201000,194000,0,0,1,Final,Executed Change Order,2025-03-25,Metals
CO-00890,PRJ-072,CO-013,Code or Regulatory Requirement - Civil Area A7,Code or Regulatory Requirement,General Contractor,Civil,Additive,Owner Request,2023-09-09,2023-09-20,2023-10-10,2023-10-12,2023-11-16,2023-11-19,Approved,357000,312000,315000,0,0,1,Final,Executed Change Order,2023-11-19,MEP
CO-00891,PRJ-072,CO-014,Design Error or Omission - Fire Protection Area B4,Design Error or Omission,Engineer,Fire Protection,Deductive,Submittal Review,2023-04-09,2023-04-21,2023-05-11,2023-05-22,2023-07-06,2023-07-14,Approved,-3631000,-2837000,-2834000,21,12,0,Final,Construction Change Directive,2023-07-17,Equipment
CO-00892,PRJ-072,CO-015,Owner-Directed Change - General Area B8,Owner-Directed Change,Subcontractor,General,Additive,Owner Request,2024-01-02,2024-01-04,2024-01-24,2024-01-24,2024-02-28,2024-03-02,Approved,232000,192000,187000,0,0,1,Final,Executed Change Order,2024-03-11,Metals
CO-00893,PRJ-072,CO-016,Design Error or Omission - Fire Protection Area D8,Design Error or Omission,Engineer,Fire Protection,Additive,Design Revision,2023-09-27,2023-10-13,2023-11-02,2023-11-25,2024-01-05,2024-01-06,Approved,1712000,1439000,1454000,0,0,1,Final,Owner Authorization,2024-01-10,General Conditions
CO-00894,PRJ-073,CO-001,Design Error or Omission - Civil Area A6,Design Error or Omission,Engineer,Civil,Additive,Submittal Review,2022-11-21,2022-11-25,2022-12-15,2022-12-23,,,Pending,52000,,,0,0,1,Submitted,None,,Sitework
CO-00895,PRJ-073,CO-002,Scope Clarification - Structural Area A8,Scope Clarification,General Contractor,Structural,Additive,RFI,2022-08-17,2022-08-21,2022-09-10,2022-09-04,2022-09-23,2022-10-02,Approved,38000,37000,36000,0,0,1,Final,Construction Change Directive,2022-09-26,Sitework
CO-00896,PRJ-073,CO-003,Unforeseen Condition - Structural Area B3,Unforeseen Condition,Subcontractor,Structural,Additive,Field Condition,2022-02-27,2022-03-06,2022-03-26,2022-03-27,,2022-04-10,Withdrawn,534000,,0,0,0,1,Pricing in Progress,None,,Envelope
CO-00897,PRJ-073,CO-004,Design Error or Omission - Specialty Systems Area C5,Design Error or Omission,Architect,Specialty Systems,Additive,RFI,2022-07-13,2022-07-19,2022-08-08,2022-08-16,2022-09-08,2022-09-13,Approved,95000,77000,74000,0,0,2,Final,Owner Authorization,2022-09-16,Equipment
CO-00898,PRJ-073,CO-005,Value Engineering - Mechanical Area B6,Value Engineering,Engineer,Mechanical,Additive,Schedule Recovery,2023-03-21,2023-03-31,2023-04-20,2023-04-05,,2023-04-13,Withdrawn,306000,,0,0,0,0,Submitted,None,,MEP
CO-00899,PRJ-073,CO-006,Design Error or Omission - Mechanical Area A9,Design Error or Omission,Engineer,Mechanical,Additive,Design Revision,2023-04-03,2023-04-13,2023-05-03,2023-04-29,,2023-05-16,Withdrawn,223000,,0,0,0,1,Submitted,None,,General Conditions
CO-00900,PRJ-073,CO-007,Design Error or Omission - General Area D5,Design Error or Omission,Owner,General,Additive,Design Revision,2023-02-16,2023-02-19,2023-03-11,2023-03-04,2023-03-14,2023-03-16,Approved,696000,644000,648000,0,0,0,Final,Owner Authorization,2023-03-17,Concrete
CO-00901,PRJ-073,CO-008,Schedule Acceleration - Fire Protection Area D2,Schedule Acceleration,Architect,Fire Protection,Zero-Cost,Submittal Review,2023-06-29,2023-07-03,2023-07-23,2023-07-17,2023-07-27,2023-07-30,Approved,0,0,0,39,34,1,Final,Executed Change Order,2023-07-31,Metals
CO-00902,PRJ-073,CO-009,Quantity Variation - Electrical Area D2,Quantity Variation,Construction Manager,Electrical,Additive,Schedule Recovery,2023-04-09,2023-04-16,2023-05-06,2023-04-24,,2023-04-30,Rejected,74000,34000,0,12,0,0,Final,None,,MEP
CO-00903,PRJ-073,CO-010,Substitution - Mechanical Area B8,Substitution,Subcontractor,Mechanical,Additive,Owner Request,2023-04-13,2023-04-17,2023-05-07,2023-05-11,,,Pending,14000,,,1,0,1,Submitted,None,,MEP
CO-00904,PRJ-074,CO-001,Value Engineering - Mechanical Area D3,Value Engineering,General Contractor,Mechanical,Additive,Design Revision,2022-03-28,2022-04-01,2022-04-21,2022-04-05,2022-04-09,2022-04-15,Approved,227000,195000,188000,0,0,0,Final,Owner Authorization,2022-04-14,MEP
CO-00905,PRJ-074,CO-002,Design Error or Omission - Controls Area C1,Design Error or Omission,Architect,Controls,Additive,RFI,2023-08-04,2023-08-15,2023-09-04,2023-09-12,2023-10-04,2023-10-05,Approved,170000,170000,169000,0,0,0,Final,Construction Change Directive,2023-10-09,Concrete
CO-00906,PRJ-074,CO-003,Owner-Directed Change - Architectural Area C2,Owner-Directed Change,Owner,Architectural,Deductive,Owner Request,2022-01-12,2022-01-15,2022-02-04,2022-02-04,2022-02-18,2022-02-27,Approved,-69000,-64000,-65000,0,0,0,Final,Construction Change Directive,2022-02-23,Equipment
CO-00907,PRJ-074,CO-004,Substitution - Fire Protection Area B2,Substitution,General Contractor,Fire Protection,Additive,Submittal Review,2022-01-02,2022-01-20,2022-02-09,2022-02-04,2022-02-11,2022-02-16,Approved,12000,9400,9500,0,0,0,Final,Construction Change Directive,2022-02-18,General Conditions
CO-00908,PRJ-074,CO-005,Quantity Variation - Architectural Area A6,Quantity Variation,Architect,Architectural,Additive,Schedule Recovery,2022-01-25,2022-01-27,2022-02-16,2022-02-03,2022-02-10,2022-02-12,Approved,101000,84000,84000,4,2,1,Final,Construction Change Directive,2022-02-12,Envelope
CO-00909,PRJ-074,CO-006,Quantity Variation - Architectural Area C10,Quantity Variation,Architect,Architectural,Additive,RFI,2022-01-31,2022-02-01,2022-02-21,2022-02-08,,2022-02-22,Rejected,70000,45000,0,0,0,1,Final,None,,MEP
CO-00910,PRJ-074,CO-007,Scope Clarification - Specialty Systems Area D8,Scope Clarification,Architect,Specialty Systems,Additive,RFI,2023-05-23,2023-05-25,2023-06-14,2023-06-07,2023-06-17,2023-06-27,Approved,33000,31000,31000,0,0,1,Final,Executed Change Order,2023-06-20,Interiors
CO-00911,PRJ-074,CO-008,Owner-Directed Change - General Area A9,Owner-Directed Change,Owner,General,Additive,Owner Request,2022-11-20,2022-11-23,2022-12-13,2022-12-14,,2022-12-27,Rejected,109000,44000,0,0,0,1,Final,None,,Sitework
CO-00912,PRJ-074,CO-009,Unforeseen Condition - Mechanical Area D3,Unforeseen Condition,Subcontractor,Mechanical,Zero-Cost,RFI,2022-07-26,2022-07-30,2022-08-19,2022-08-10,,,Pending,0,0,,-5,0,0,Submitted,None,,Concrete
CO-00913,PRJ-074,CO-010,Code or Regulatory Requirement - Structural Area A10,Code or Regulatory Requirement,Owner,Structural,Additive,Submittal Review,2022-11-29,2022-12-04,2022-12-24,2022-12-26,,,Pending,50000,,,0,0,1,Submitted,None,,MEP
CO-00914,PRJ-075,CO-001,Design Error or Omission - Controls Area D1,Design Error or Omission,General Contractor,Controls,Additive,RFI,2025-03-14,2025-03-23,2025-04-12,2025-04-16,2025-05-15,2025-05-19,Approved,794000,721000,714000,0,0,1,Final,Owner Authorization,2025-05-26,Interiors
CO-00915,PRJ-075,CO-002,Quantity Variation - Mechanical Area D4,Quantity Variation,Construction Manager,Mechanical,Additive,Submittal Review,2024-03-24,2024-04-01,2024-04-21,2024-04-27,2024-06-03,2024-06-10,Approved,112000,107000,106000,0,0,2,Final,Executed Change Order,2024-06-09,Interiors
CO-00916,PRJ-075,CO-003,Substitution - Structural Area A4,Substitution,Subcontractor,Structural,Zero-Cost,Schedule Recovery,2023-12-03,2023-12-06,2023-12-26,2023-12-15,2023-12-24,2023-12-28,Approved,0,0,0,0,0,0,Final,Construction Change Directive,2024-01-03,Interiors
CO-00917,PRJ-075,CO-004,Code or Regulatory Requirement - Architectural Area A2,Code or Regulatory Requirement,Architect,Architectural,Time Only,RFI,2025-04-03,2025-04-10,2025-04-30,2025-06-19,,2025-07-20,Rejected,0,0,0,10,0,0,Final,None,,MEP
CO-00918,PRJ-075,CO-005,Substitution - Mechanical Area D10,Substitution,Subcontractor,Mechanical,Additive,Owner Request,2025-05-10,2025-05-14,2025-06-03,2025-05-29,2025-06-14,2025-06-18,Approved,1183000,1010000,975000,3,1,0,Final,Executed Change Order,2025-06-21,Specialties
CO-00919,PRJ-075,CO-006,Design Error or Omission - Structural Area D10,Design Error or Omission,Construction Manager,Structural,Additive,Design Revision,2023-11-09,2023-11-15,2023-12-05,2023-12-10,2024-01-07,2024-01-16,Approved,2556000,1952000,1935000,8,8,1,Final,Owner Authorization,2024-01-10,Specialties
CO-00920,PRJ-075,CO-007,Code or Regulatory Requirement - Electrical Area D2,Code or Regulatory Requirement,Owner,Electrical,Additive,Field Condition,2025-11-24,2025-11-27,2025-12-17,2025-12-16,,,Pending,2590000,,,0,0,1,Negotiating,None,,Equipment
CO-00921,PRJ-075,CO-008,Substitution - Mechanical Area C4,Substitution,Owner,Mechanical,Additive,Owner Request,2025-01-04,2025-01-21,2025-02-10,2025-02-04,2025-02-14,2025-02-20,Approved,250000,202000,196000,0,0,1,Final,Executed Change Order,2025-02-27,Concrete
CO-00922,PRJ-075,CO-009,Quantity Variation - Specialty Systems Area D8,Quantity Variation,Architect,Specialty Systems,Additive,RFI,2025-06-29,2025-07-11,2025-07-31,2025-07-23,,2025-08-10,Withdrawn,627000,,0,0,0,0,ROM,None,,Interiors
CO-00923,PRJ-075,CO-010,Owner-Directed Change - Specialty Systems Area D8,Owner-Directed Change,Owner,Specialty Systems,Deductive,Owner Request,2024-11-27,2024-12-04,2024-12-24,2025-01-01,,,Pending,-290000,,,0,0,1,ROM,None,,Sitework
CO-00924,PRJ-075,CO-011,Design Error or Omission - Structural Area A2,Design Error or Omission,Engineer,Structural,Additive,RFI,2025-07-05,2025-07-10,2025-07-30,2025-08-15,,,Pending,520000,,,0,0,0,Negotiating,None,,Metals
CO-00925,PRJ-075,CO-012,Design Error or Omission - Controls Area A7,Design Error or Omission,Subcontractor,Controls,Additive,RFI,2024-10-02,2024-10-05,2024-10-25,2024-11-16,2024-12-18,2024-12-26,Approved,237000,213000,207000,0,0,1,Final,Executed Change Order,2024-12-26,Envelope
CO-00926,PRJ-075,CO-013,Owner-Directed Change - Specialty Systems Area B2,Owner-Directed Change,Owner,Specialty Systems,Additive,Owner Request,2024-03-14,2024-03-21,2024-04-10,2024-04-27,2024-06-07,2024-06-08,Approved,637000,556000,554000,24,16,1,Final,Owner Authorization,2024-06-11,MEP
CO-00927,PRJ-075,CO-014,Owner-Directed Change - Mechanical Area C2,Owner-Directed Change,Owner,Mechanical,Additive,Owner Request,2024-07-11,2024-07-30,2024-08-19,2024-09-19,,2024-11-12,Withdrawn,1218000,,0,0,0,2,Submitted,None,,Concrete
CO-00928,PRJ-075,CO-015,Schedule Acceleration - Civil Area B5,Schedule Acceleration,Construction Manager,Civil,Additive,RFI,2024-03-26,2024-04-01,2024-04-21,2024-05-08,,2024-06-12,Rejected,122000,77000,0,4,0,1,Final,None,,Metals
CO-00929,PRJ-075,CO-016,Scope Clarification - Mechanical Area B9,Scope Clarification,Subcontractor,Mechanical,Additive,Submittal Review,2025-04-08,2025-04-13,2025-05-03,2025-04-26,,2025-05-06,Rejected,883000,727000,0,0,0,0,Final,None,,Concrete
CO-00930,PRJ-075,CO-017,Value Engineering - Fire Protection Area B10,Value Engineering,Engineer,Fire Protection,Additive,RFI,2023-10-25,2023-11-02,2023-11-22,2023-11-15,2023-11-30,2023-12-09,Approved,1340000,1311000,1298000,0,0,0,Final,Executed Change Order,2023-12-10,Interiors
CO-00931,PRJ-075,CO-018,Value Engineering - Electrical Area B6,Value Engineering,General Contractor,Electrical,Additive,Submittal Review,2025-06-12,2025-06-15,2025-07-05,2025-07-08,,2025-08-24,Rejected,976000,530000,0,1,0,2,Final,None,,Envelope
CO-00932,PRJ-075,CO-019,Schedule Acceleration - Mechanical Area C5,Schedule Acceleration,Construction Manager,Mechanical,Additive,Field Condition,2023-12-02,2023-12-22,2024-01-11,2024-01-12,2024-02-07,2024-02-10,Approved,1936000,1736000,1751000,0,0,0,Final,Field Directive,2024-02-15,General Conditions
CO-00933,PRJ-075,CO-020,Quantity Variation - Plumbing Area B7,Quantity Variation,Construction Manager,Plumbing,Additive,Owner Request,2025-05-23,2025-05-31,2025-06-20,2025-06-11,2025-07-01,2025-07-10,Approved,111000,107000,107000,3,1,1,Final,Executed Change Order,2025-07-04,Concrete
CO-00934,PRJ-075,CO-021,Unforeseen Condition - Mechanical Area A5,Unforeseen Condition,Subcontractor,Mechanical,Additive,Field Condition,2024-10-04,2024-10-29,2024-11-18,2024-11-20,2024-12-20,2024-12-23,Approved,1375000,1320000,1275000,0,0,0,Final,Construction Change Directive,2024-12-25,MEP
CO-00935,PRJ-075,CO-022,Owner-Directed Change - Structural Area B8,Owner-Directed Change,Owner,Structural,Zero-Cost,Owner Request,2025-07-09,2025-07-19,2025-08-08,2025-08-07,2025-08-27,2025-09-04,Approved,0,0,0,0,0,1,Final,Owner Authorization,2025-09-02,MEP
CO-00936,PRJ-075,CO-023,Scope Clarification - Plumbing Area B10,Scope Clarification,Subcontractor,Plumbing,Additive,Design Revision,2023-11-17,2023-11-22,2023-12-12,2023-12-12,2024-01-04,2024-01-06,Approved,774000,743000,748000,0,0,1,Final,Field Directive,,Envelope
CO-00937,PRJ-075,CO-024,Design Error or Omission - Specialty Systems Area C9,Design Error or Omission,Architect,Specialty Systems,Additive,RFI,2025-02-02,2025-02-11,2025-03-03,2025-02-23,2025-03-04,2025-03-09,Approved,1115000,954000,937000,0,0,0,Final,Field Directive,2025-03-11,Sitework
CO-00938,PRJ-075,CO-025,Design Error or Omission - Architectural Area D1,Design Error or Omission,Construction Manager,Architectural,Additive,Design Revision,2024-07-21,2024-08-03,2024-08-23,2024-09-01,2024-09-15,2024-09-21,Approved,4353000,4083000,3966000,16,15,0,Final,Owner Authorization,,Metals
CO-00939,PRJ-075,CO-026,Design Error or Omission - Controls Area B9,Design Error or Omission,Architect,Controls,Additive,Design Revision,2024-03-25,2024-04-17,2024-05-07,2024-04-29,,2024-05-17,Withdrawn,1052000,,0,0,0,2,Submitted,None,,Concrete
CO-00940,PRJ-075,CO-027,Design Error or Omission - Controls Area A2,Design Error or Omission,Construction Manager,Controls,Deductive,Design Revision,2025-10-02,2025-10-13,2025-11-02,2025-11-11,,2025-12-03,Withdrawn,-951000,,0,0,0,1,Submitted,None,,MEP
CO-00941,PRJ-076,CO-001,Design Error or Omission - Civil Area C3,Design Error or Omission,Subcontractor,Civil,Deductive,Submittal Review,2022-09-17,2022-09-23,2022-10-13,2022-10-13,2022-10-30,2022-11-02,Approved,-153000,-126000,-126000,2,1,2,Final,Owner Authorization,2022-11-03,MEP
CO-00942,PRJ-076,CO-002,Design Error or Omission - Architectural Area C1,Design Error or Omission,Engineer,Architectural,Additive,Design Revision,2022-03-31,2022-04-04,2022-04-24,2022-04-13,2022-04-26,2022-05-01,Approved,2575000,2045000,2063000,0,0,0,Final,Construction Change Directive,2022-04-29,Concrete
CO-00943,PRJ-076,CO-003,Owner-Directed Change - Architectural Area B9,Owner-Directed Change,Owner,Architectural,Additive,Owner Request,2022-09-27,2022-10-04,2022-10-24,2022-10-10,,2022-10-22,Withdrawn,202000,,0,0,0,0,Pricing in Progress,None,,Interiors
CO-00944,PRJ-076,CO-004,Design Error or Omission - Specialty Systems Area B8,Design Error or Omission,Architect,Specialty Systems,Additive,RFI,2022-08-16,2022-08-20,2022-09-09,2022-09-08,,,Pending,2271000,1835000,,0,0,1,Submitted,None,,Sitework
CO-00945,PRJ-076,CO-005,Schedule Acceleration - General Area B7,Schedule Acceleration,Architect,General,Time Only,RFI,2022-04-08,2022-04-13,2022-05-03,2022-04-20,,,Pending,0,,,21,0,0,Pricing in Progress,None,,MEP
CO-00946,PRJ-076,CO-006,Scope Clarification - General Area D9,Scope Clarification,General Contractor,General,Additive,Schedule Recovery,2022-03-10,2022-03-15,2022-04-04,2022-03-20,2022-03-24,2022-03-29,Approved,160000,141000,142000,0,0,0,Final,Field Directive,2022-03-26,Equipment
CO-00947,PRJ-076,CO-007,Substitution - Controls Area C1,Substitution,Owner,Controls,Additive,Field Condition,2022-05-13,2022-05-23,2022-06-12,2022-05-30,,,Pending,2323000,,,27,0,0,Pricing in Progress,None,,Specialties
CO-00948,PRJ-076,CO-008,Code or Regulatory Requirement - Mechanical Area D2,Code or Regulatory Requirement,Architect,Mechanical,Additive,Owner Request,2022-01-18,2022-01-21,2022-02-10,2022-02-03,2022-02-18,2022-02-28,Approved,394000,355000,343000,5,3,0,Final,Executed Change Order,2022-02-25,Equipment
CO-00949,PRJ-076,CO-009,Owner-Directed Change - Architectural Area D9,Owner-Directed Change,Owner,Architectural,Additive,Owner Request,2022-10-17,2022-10-23,2022-11-12,2022-11-10,2022-11-21,2022-11-25,Approved,921000,932000,900000,34,18,0,Final,Executed Change Order,2022-11-28,MEP
CO-00950,PRJ-076,CO-010,Unforeseen Condition - Structural Area B6,Unforeseen Condition,General Contractor,Structural,Additive,Field Condition,2022-03-05,2022-03-10,2022-03-30,2022-03-26,2022-04-05,2022-04-07,Approved,301000,269000,260000,0,0,2,Final,Executed Change Order,2022-04-08,Metals
CO-00951,PRJ-076,CO-011,Owner-Directed Change - Specialty Systems Area A6,Owner-Directed Change,Construction Manager,Specialty Systems,Additive,Owner Request,2022-12-29,2023-01-04,2023-01-24,2023-01-18,,,Pending,514000,,,0,0,1,Negotiating,None,,Sitework
CO-00952,PRJ-077,CO-001,Owner-Directed Change - Specialty Systems Area B3,Owner-Directed Change,Owner,Specialty Systems,Additive,Owner Request,2023-09-12,2023-09-19,2023-10-09,2023-10-10,2023-10-21,2023-10-31,Approved,613000,517000,515000,0,0,1,Final,Executed Change Order,2023-10-24,Envelope
CO-00953,PRJ-077,CO-002,Schedule Acceleration - Plumbing Area D4,Schedule Acceleration,Subcontractor,Plumbing,Deductive,RFI,2022-09-03,2022-09-15,2022-10-05,2022-09-25,2022-10-13,2022-10-21,Approved,-1147000,-1021000,-1029000,0,0,1,Final,Field Directive,2022-10-18,MEP
CO-00954,PRJ-077,CO-003,Design Error or Omission - Electrical Area B2,Design Error or Omission,Construction Manager,Electrical,Time Only,Submittal Review,2022-09-30,2022-10-03,2022-10-23,2022-10-16,2022-10-26,2022-11-03,Approved,0,0,0,5,4,1,Final,Owner Authorization,2022-10-29,General Conditions
CO-00955,PRJ-077,CO-004,Quantity Variation - General Area B3,Quantity Variation,Engineer,General,Zero-Cost,Field Condition,2022-06-10,2022-06-18,2022-07-08,2022-06-30,,2022-07-09,Withdrawn,0,,0,3,0,1,ROM,None,,MEP
CO-00956,PRJ-077,CO-005,Design Error or Omission - Structural Area A8,Design Error or Omission,Architect,Structural,Additive,Design Revision,2022-03-21,2022-03-31,2022-04-20,2022-04-24,2022-05-19,2022-05-28,Approved,785000,796000,779000,0,0,1,Final,Executed Change Order,2022-05-22,Sitework
CO-00957,PRJ-077,CO-006,Unforeseen Condition - Civil Area B2,Unforeseen Condition,General Contractor,Civil,Additive,Field Condition,2023-07-05,2023-07-17,2023-08-06,2023-07-21,2023-07-25,2023-07-31,Approved,5213000,5343000,5138000,0,0,0,Final,Owner Authorization,2023-08-07,MEP
CO-00958,PRJ-077,CO-007,Schedule Acceleration - Architectural Area D7,Schedule Acceleration,Architect,Architectural,Additive,RFI,2022-02-25,2022-03-10,2022-03-30,2022-04-18,,,Pending,309000,,,0,0,2,Pricing in Progress,None,,Envelope
CO-00959,PRJ-077,CO-008,Owner-Directed Change - Structural Area D7,Owner-Directed Change,Owner,Structural,Additive,Owner Request,2022-08-04,2022-08-09,2022-08-29,2022-09-12,2022-09-27,2022-10-01,Approved,1120000,1037000,999000,24,14,1,Final,Owner Authorization,2022-09-28,Envelope
CO-00960,PRJ-077,CO-009,Schedule Acceleration - Specialty Systems Area B7,Schedule Acceleration,Engineer,Specialty Systems,Additive,RFI,2022-11-25,2022-12-03,2022-12-23,2023-01-01,,2023-02-18,Rejected,1414000,928000,0,0,0,1,Final,None,,General Conditions
CO-00961,PRJ-078,CO-001,Unforeseen Condition - Specialty Systems Area C1,Unforeseen Condition,Construction Manager,Specialty Systems,Time Only,RFI,2023-11-06,2023-11-14,2023-12-04,2023-11-27,,2023-12-07,Withdrawn,0,,0,4,0,1,Pricing in Progress,None,,General Conditions
CO-00962,PRJ-078,CO-002,Scope Clarification - Mechanical Area D4,Scope Clarification,General Contractor,Mechanical,Time Only,Field Condition,2024-02-06,2024-02-08,2024-02-28,2024-02-10,,2024-02-13,Rejected,0,0,0,5,0,0,Final,None,,Envelope
CO-00963,PRJ-078,CO-003,Scope Clarification - Electrical Area D10,Scope Clarification,General Contractor,Electrical,Additive,RFI,2022-08-01,2022-08-03,2022-08-23,2022-08-07,2022-08-09,2022-08-16,Approved,122000,93000,90000,0,0,0,Final,Owner Authorization,2022-08-20,Interiors
CO-00964,PRJ-078,CO-004,Quantity Variation - Electrical Area C1,Quantity Variation,Construction Manager,Electrical,Additive,Owner Request,2024-01-14,2024-01-18,2024-02-07,2024-01-24,,,Pending,48000,52000,,0,0,0,ROM,None,,Specialties
CO-00965,PRJ-078,CO-005,Quantity Variation - Structural Area D6,Quantity Variation,General Contractor,Structural,Zero-Cost,Submittal Review,2022-08-29,2022-09-05,2022-09-25,2022-09-08,2022-09-15,2022-09-16,Approved,0,0,0,0,0,0,Final,Owner Authorization,2022-09-18,MEP
CO-00966,PRJ-078,CO-006,Scope Clarification - Structural Area A4,Scope Clarification,Engineer,Structural,Additive,Field Condition,2023-09-05,2023-09-12,2023-10-02,2023-09-14,,,Pending,530000,532000,,0,0,0,Negotiating,None,,Concrete
CO-00967,PRJ-078,CO-007,Schedule Acceleration - Structural Area B4,Schedule Acceleration,Engineer,Structural,Additive,RFI,2023-03-19,2023-03-21,2023-04-10,2023-03-26,2023-03-30,2023-04-03,Approved,532000,419000,412000,0,0,0,Final,Owner Authorization,2023-04-04,Interiors
CO-00968,PRJ-078,CO-008,Design Error or Omission - Mechanical Area D10,Design Error or Omission,Architect,Mechanical,Additive,Submittal Review,2023-08-07,2023-08-10,2023-08-30,2023-08-13,,2023-08-18,Rejected,162000,109000,0,7,0,0,Final,None,,MEP
CO-00969,PRJ-078,CO-009,Scope Clarification - Mechanical Area C1,Scope Clarification,Architect,Mechanical,Additive,Owner Request,2022-12-27,2022-12-29,2023-01-18,2023-01-02,2023-01-08,2023-01-11,Approved,64000,56000,57000,0,0,0,Final,Owner Authorization,2023-01-12,Concrete
CO-00970,PRJ-078,CO-010,Quantity Variation - Civil Area A7,Quantity Variation,Subcontractor,Civil,Zero-Cost,RFI,2022-04-25,2022-04-29,2022-05-19,2022-05-07,,,Pending,0,,,0,0,1,Submitted,None,,General Conditions
CO-00971,PRJ-078,CO-011,Substitution - Architectural Area D9,Substitution,Architect,Architectural,Deductive,Submittal Review,2023-10-03,2023-10-08,2023-10-28,2023-10-11,,,Pending,-90000,,,0,0,0,Negotiating,None,,MEP
CO-00972,PRJ-079,CO-001,Owner-Directed Change - Architectural Area A3,Owner-Directed Change,Engineer,Architectural,Additive,Owner Request,2023-02-28,2023-03-08,2023-03-28,2023-03-12,2023-03-17,2023-03-25,Approved,369000,287000,287000,0,0,0,Final,Owner Authorization,2023-03-21,Interiors
CO-00973,PRJ-079,CO-002,Scope Clarification - Electrical Area B10,Scope Clarification,Engineer,Electrical,Additive,Owner Request,2023-05-09,2023-05-13,2023-06-02,2023-05-17,,2023-05-23,Withdrawn,185000,,0,0,0,0,Pricing in Progress,None,,Interiors
CO-00974,PRJ-079,CO-003,Design Error or Omission - Structural Area A7,Design Error or Omission,Architect,Structural,Additive,Design Revision,2022-08-13,2022-08-15,2022-09-04,2022-09-04,2022-09-22,2022-09-26,Approved,135000,120000,121000,0,0,0,Final,Field Directive,2022-09-27,General Conditions
CO-00975,PRJ-079,CO-004,Design Error or Omission - Plumbing Area D9,Design Error or Omission,Engineer,Plumbing,Deductive,Design Revision,2023-03-26,2023-04-06,2023-04-26,2023-04-12,2023-04-17,2023-04-22,Approved,-857000,-812000,-783000,6,3,0,Final,Executed Change Order,2023-04-24,MEP
CO-00976,PRJ-079,CO-005,Owner-Directed Change - Mechanical Area D7,Owner-Directed Change,Owner,Mechanical,Additive,Owner Request,2022-04-19,2022-04-21,2022-05-11,2022-04-26,2022-05-02,2022-05-05,Approved,1355000,1330000,1296000,14,11,0,Final,Executed Change Order,2022-05-05,Metals
CO-00977,PRJ-079,CO-006,Unforeseen Condition - Controls Area A8,Unforeseen Condition,Subcontractor,Controls,Deductive,Field Condition,2024-02-11,2024-02-13,2024-03-04,2024-02-24,2024-03-01,2024-03-11,Approved,-230000,-188000,-183000,5,4,0,Final,Executed Change Order,2024-03-14,Envelope
CO-00978,PRJ-079,CO-007,Unforeseen Condition - Electrical Area D10,Unforeseen Condition,General Contractor,Electrical,Additive,Field Condition,2022-09-04,2022-09-06,2022-09-26,2022-09-14,2022-09-28,2022-10-05,Approved,2218000,2096000,2043000,0,0,1,Final,Executed Change Order,2022-10-22,Concrete
CO-00979,PRJ-079,CO-008,Design Error or Omission - Civil Area A6,Design Error or Omission,Architect,Civil,Additive,Design Revision,2023-03-02,2023-03-04,2023-03-24,2023-03-10,2023-03-15,2023-03-17,Approved,403000,336000,339000,0,0,0,Final,Field Directive,2023-03-21,Metals
CO-00980,PRJ-079,CO-009,Owner-Directed Change - Structural Area B3,Owner-Directed Change,Owner,Structural,Additive,Owner Request,2022-01-20,2022-01-22,2022-02-11,2022-02-05,2022-02-15,2022-02-25,Approved,504000,441000,437000,34,32,1,Final,Owner Authorization,2022-02-22,MEP
CO-00981,PRJ-079,CO-010,Substitution - General Area C9,Substitution,Architect,General,Additive,Design Revision,2023-01-24,2023-01-26,2023-02-15,2023-01-31,2023-02-07,2023-02-11,Approved,52000,52000,52000,0,0,0,Final,Executed Change Order,2023-02-13,Envelope
CO-00982,PRJ-079,CO-011,Value Engineering - Civil Area B1,Value Engineering,Authority Having Jurisdiction,Civil,Additive,Submittal Review,2023-11-05,2023-11-07,2023-11-27,2023-11-23,,,Pending,193000,,,5,0,1,ROM,None,,MEP
CO-00983,PRJ-079,CO-012,Code or Regulatory Requirement - Mechanical Area D4,Code or Regulatory Requirement,Subcontractor,Mechanical,Additive,RFI,2023-04-05,2023-04-12,2023-05-02,2023-04-20,,,Pending,384000,305000,,0,0,0,Submitted,None,,General Conditions
CO-00984,PRJ-079,CO-013,Scope Clarification - Mechanical Area D1,Scope Clarification,Architect,Mechanical,Additive,RFI,2022-09-12,2022-09-19,2022-10-09,2022-10-03,2022-10-22,2022-10-25,Approved,370000,303000,299000,0,0,1,Final,Owner Authorization,,Sitework
CO-00985,PRJ-079,CO-014,Unforeseen Condition - Electrical Area D8,Unforeseen Condition,Engineer,Electrical,Additive,RFI,2024-01-28,2024-02-04,2024-02-24,2024-02-13,,2024-02-19,Rejected,163000,127000,0,0,0,0,Final,None,,Interiors
CO-00986,PRJ-080,CO-001,Unforeseen Condition - Specialty Systems Area B5,Unforeseen Condition,General Contractor,Specialty Systems,Deductive,RFI,2022-10-22,2022-10-30,2022-11-19,2022-11-17,2022-11-27,2022-11-28,Approved,-182000,-140000,-142000,0,0,0,Final,Owner Authorization,2022-12-04,MEP
CO-00987,PRJ-080,CO-002,Unforeseen Condition - Specialty Systems Area D4,Unforeseen Condition,General Contractor,Specialty Systems,Additive,Field Condition,2022-04-23,2022-04-26,2022-05-16,2022-04-28,,,Pending,3209000,2848000,,0,0,0,Pricing in Progress,None,,Concrete
CO-00988,PRJ-080,CO-003,Design Error or Omission - Specialty Systems Area A3,Design Error or Omission,Construction Manager,Specialty Systems,Additive,Design Revision,2022-11-09,2022-11-30,2022-12-20,2022-12-14,,2022-12-21,Withdrawn,609000,,0,0,0,1,Pricing in Progress,None,,Concrete
CO-00989,PRJ-080,CO-004,Unforeseen Condition - Controls Area A4,Unforeseen Condition,Owner,Controls,Additive,RFI,2022-09-26,2022-10-04,2022-10-24,2022-10-28,2022-11-28,2022-12-02,Approved,1392000,1188000,1207000,3,2,0,Final,Executed Change Order,2022-12-03,MEP
CO-00990,PRJ-080,CO-005,Schedule Acceleration - General Area A4,Schedule Acceleration,Engineer,General,Additive,Schedule Recovery,2022-07-29,2022-08-03,2022-08-23,2022-09-06,,2022-09-30,Rejected,843000,597000,0,10,0,1,Final,None,,Interiors
CO-00991,PRJ-080,CO-006,Unforeseen Condition - Mechanical Area A7,Unforeseen Condition,Engineer,Mechanical,Time Only,RFI,2022-10-21,2022-10-31,2022-11-20,2022-11-08,2022-11-18,2022-11-28,Approved,0,0,0,7,4,1,Final,Executed Change Order,2022-11-26,General Conditions
CO-00992,PRJ-080,CO-007,Scope Clarification - Plumbing Area B8,Scope Clarification,Subcontractor,Plumbing,Deductive,Owner Request,2022-09-26,2022-10-01,2022-10-21,2022-10-26,,,Pending,-596000,,,0,0,1,Negotiating,None,,Envelope
CO-00993,PRJ-080,CO-008,Unforeseen Condition - Civil Area A6,Unforeseen Condition,Construction Manager,Civil,Additive,Field Condition,2022-09-23,2022-09-27,2022-10-17,2022-10-20,2022-11-01,2022-11-05,Approved,57000,55000,53000,12,10,1,Final,Owner Authorization,2022-11-02,Interiors
CO-00994,PRJ-080,CO-009,Unforeseen Condition - Mechanical Area B4,Unforeseen Condition,Subcontractor,Mechanical,Deductive,Field Condition,2022-02-26,2022-02-28,2022-03-20,2022-03-10,2022-03-15,2022-03-18,Approved,-248000,-200000,-196000,65,63,0,Final,Owner Authorization,2022-04-11,Equipment
CO-00995,PRJ-080,CO-010,Substitution - Architectural Area C7,Substitution,Owner,Architectural,Additive,RFI,2022-02-13,2022-02-20,2022-03-12,2022-02-23,2022-02-26,2022-02-27,Approved,1686000,1663000,1654000,3,1,0,Final,Executed Change Order,,MEP
CO-00996,PRJ-080,CO-011,Owner-Directed Change - Electrical Area B4,Owner-Directed Change,Owner,Electrical,Additive,Owner Request,2022-01-09,2022-01-13,2022-02-02,2022-02-06,2022-02-22,2022-02-28,Approved,875000,730000,708000,5,4,1,Final,Owner Authorization,2022-02-24,Concrete
CO-00997,PRJ-080,CO-012,Quantity Variation - Electrical Area B5,Quantity Variation,General Contractor,Electrical,Additive,Owner Request,2022-04-02,2022-04-07,2022-04-27,2022-04-29,2022-05-13,2022-05-20,Approved,1701000,1642000,1670000,0,0,1,Final,Owner Authorization,2022-06-17,Metals
CO-00998,PRJ-080,CO-013,Substitution - Architectural Area B6,Substitution,Architect,Architectural,Additive,Schedule Recovery,2022-06-15,2022-06-24,2022-07-14,2022-07-11,2022-07-21,2022-07-28,Approved,669000,548000,533000,0,0,1,Final,Owner Authorization,2022-07-22,MEP
CO-00999,PRJ-081,CO-001,Code or Regulatory Requirement - Electrical Area C10,Code or Regulatory Requirement,General Contractor,Electrical,Zero-Cost,Design Revision,2024-06-21,2024-06-29,2024-07-19,2024-07-14,2024-07-21,2024-07-30,Approved,0,0,0,0,0,0,Final,Owner Authorization,2024-07-28,Interiors
CO-01000,PRJ-081,CO-002,Substitution - Structural Area D4,Substitution,Architect,Structural,Time Only,Owner Request,2024-04-10,2024-04-13,2024-05-03,2024-04-19,2024-04-26,2024-05-05,Approved,0,0,0,1,0,0,Final,Executed Change Order,2024-04-28,Interiors
CO-01001,PRJ-081,CO-003,Unforeseen Condition - Architectural Area D8,Unforeseen Condition,Construction Manager,Architectural,Additive,Field Condition,2024-10-21,2024-10-25,2024-11-14,2024-11-03,,,Pending,2393000,1883000,,0,0,0,Negotiating,None,,MEP
CO-01002,PRJ-081,CO-004,Owner-Directed Change - Mechanical Area C1,Owner-Directed Change,Owner,Mechanical,Additive,Owner Request,2024-09-17,2024-09-23,2024-10-13,2024-10-01,,,Pending,109000,,,5,0,0,Submitted,None,,General Conditions
CO-01003,PRJ-081,CO-005,Value Engineering - Structural Area B1,Value Engineering,Engineer,Structural,Additive,RFI,2025-02-08,2025-02-14,2025-03-06,2025-02-22,2025-03-03,2025-03-05,Approved,277000,214000,215000,0,0,0,Final,Owner Authorization,2025-03-07,Interiors
CO-01004,PRJ-081,CO-006,Unforeseen Condition - General Area C6,Unforeseen Condition,Construction Manager,General,Additive,Field Condition,2024-01-23,2024-01-28,2024-02-17,2024-02-17,2024-03-10,2024-03-18,Approved,764000,782000,761000,0,0,0,Final,Construction Change Directive,,Metals
CO-01005,PRJ-081,CO-007,Owner-Directed Change - Specialty Systems Area B2,Owner-Directed Change,General Contractor,Specialty Systems,Additive,Owner Request,2025-02-07,2025-02-11,2025-03-03,2025-03-04,,2025-03-25,Rejected,326000,218000,0,0,0,0,Final,None,,MEP
CO-01006,PRJ-081,CO-008,Unforeseen Condition - Plumbing Area D5,Unforeseen Condition,General Contractor,Plumbing,Additive,RFI,2023-11-09,2023-11-12,2023-12-02,2023-11-29,2023-12-10,2023-12-17,Approved,1132000,912000,911000,3,1,0,Final,Executed Change Order,2023-12-14,Envelope
CO-01007,PRJ-081,CO-009,Unforeseen Condition - Fire Protection Area D4,Unforeseen Condition,General Contractor,Fire Protection,Additive,Field Condition,2024-12-16,2024-12-20,2025-01-09,2025-01-04,,,Pending,872000,693000,,0,0,0,Negotiating,None,,Interiors
CO-01008,PRJ-081,CO-010,Substitution - Mechanical Area D6,Substitution,Construction Manager,Mechanical,Additive,Design Revision,2025-04-28,2025-05-01,2025-05-21,2025-05-31,2025-07-21,2025-07-28,Approved,141000,133000,133000,0,0,1,Final,Executed Change Order,2025-08-02,Envelope
CO-01009,PRJ-081,CO-011,Unforeseen Condition - Controls Area B4,Unforeseen Condition,Subcontractor,Controls,Deductive,Field Condition,2024-10-04,2024-10-15,2024-11-04,2024-11-01,2024-11-22,2024-11-29,Approved,-955000,-773000,-768000,1,0,1,Final,Owner Authorization,2024-12-19,Metals
CO-01010,PRJ-081,CO-012,Unforeseen Condition - Plumbing Area D4,Unforeseen Condition,Subcontractor,Plumbing,Additive,Field Condition,2024-01-29,2024-02-04,2024-02-24,2024-03-02,,2024-04-21,Rejected,280000,154000,0,0,0,0,Final,None,,Specialties
CO-01011,PRJ-081,CO-013,Unforeseen Condition - Mechanical Area B9,Unforeseen Condition,General Contractor,Mechanical,Additive,Field Condition,2023-11-24,2023-11-30,2023-12-20,2023-12-09,2023-12-19,2023-12-24,Approved,228000,201000,200000,0,0,0,Final,Executed Change Order,2024-01-06,Envelope
CO-01012,PRJ-081,CO-014,Quantity Variation - Mechanical Area D1,Quantity Variation,Owner,Mechanical,Additive,Field Condition,2025-09-24,2025-10-03,2025-10-23,2025-10-14,,2025-10-26,Rejected,450000,346000,0,0,0,0,Final,None,,Sitework
CO-01013,PRJ-081,CO-015,Quantity Variation - Controls Area A6,Quantity Variation,Architect,Controls,Additive,RFI,2025-01-14,2025-01-17,2025-02-06,2025-02-02,2025-02-10,2025-02-20,Approved,145000,148000,150000,56,32,1,Final,Executed Change Order,2025-02-14,Sitework
CO-01014,PRJ-081,CO-016,Unforeseen Condition - Electrical Area C10,Unforeseen Condition,Subcontractor,Electrical,Additive,Field Condition,2025-07-23,2025-08-02,2025-08-22,2025-08-12,2025-08-26,2025-09-01,Approved,155000,130000,132000,9,5,1,Final,Owner Authorization,2025-08-31,General Conditions
CO-01015,PRJ-082,CO-001,Owner-Directed Change - Mechanical Area A8,Owner-Directed Change,Owner,Mechanical,Zero-Cost,Owner Request,2024-07-08,2024-07-10,2024-07-30,2024-07-26,2024-08-04,2024-08-10,Approved,0,0,0,0,0,0,Final,Owner Authorization,2024-08-31,Metals
CO-01016,PRJ-082,CO-002,Owner-Directed Change - Plumbing Area B7,Owner-Directed Change,Owner,Plumbing,Additive,Owner Request,2025-07-08,2025-07-26,2025-08-15,2025-08-05,2025-08-14,2025-08-21,Approved,331000,307000,306000,0,0,0,Final,Owner Authorization,2025-08-16,Equipment
CO-01017,PRJ-082,CO-003,Owner-Directed Change - Mechanical Area A6,Owner-Directed Change,Owner,Mechanical,Additive,Owner Request,2023-07-20,2023-08-03,2023-08-23,2023-08-11,,,Pending,274000,,,0,0,0,Negotiating,None,,MEP
CO-01018,PRJ-082,CO-004,Owner-Directed Change - Mechanical Area A4,Owner-Directed Change,Owner,Mechanical,Additive,Owner Request,2025-11-09,2025-11-12,2025-12-02,2025-12-01,2025-12-23,2025-12-29,Approved,85000,79000,77000,0,0,1,Final,Owner Authorization,2025-12-27,Metals
CO-01019,PRJ-082,CO-005,Value Engineering - Plumbing Area D3,Value Engineering,General Contractor,Plumbing,Additive,Submittal Review,2024-11-05,2024-11-12,2024-12-02,2024-11-19,2024-12-01,2024-12-11,Approved,84000,71000,72000,0,0,0,Final,Executed Change Order,2024-12-10,Interiors
CO-01020,PRJ-082,CO-006,Owner-Directed Change - Electrical Area B4,Owner-Directed Change,Owner,Electrical,Time Only,Owner Request,2023-09-30,2023-10-08,2023-10-28,2023-10-15,2023-10-27,2023-11-06,Approved,0,0,0,17,14,0,Final,Owner Authorization,2023-10-31,Concrete
CO-01021,PRJ-082,CO-007,Unforeseen Condition - Electrical Area C7,Unforeseen Condition,Engineer,Electrical,Additive,RFI,2025-10-18,2025-10-24,2025-11-13,2025-10-30,2025-11-04,2025-11-13,Approved,267000,207000,203000,0,0,0,Final,Field Directive,2025-11-08,Concrete
CO-01022,PRJ-082,CO-008,Value Engineering - Specialty Systems Area A10,Value Engineering,Engineer,Specialty Systems,Additive,Schedule Recovery,2024-10-10,2024-10-15,2024-11-04,2024-10-21,2024-10-26,2024-10-31,Approved,341000,306000,300000,0,0,0,Final,Executed Change Order,,Sitework
CO-01023,PRJ-082,CO-009,Design Error or Omission - Mechanical Area D6,Design Error or Omission,General Contractor,Mechanical,Deductive,Submittal Review,2025-06-01,2025-06-10,2025-06-30,2025-07-01,,2025-07-19,Withdrawn,-911000,,0,0,0,1,Submitted,None,,MEP
CO-01024,PRJ-082,CO-010,Value Engineering - Structural Area B4,Value Engineering,General Contractor,Structural,Additive,RFI,2023-09-19,2023-09-21,2023-10-11,2023-09-24,2023-09-26,2023-10-05,Approved,146000,112000,109000,14,11,0,Final,Construction Change Directive,2023-09-28,Equipment
CO-01025,PRJ-082,CO-011,Design Error or Omission - Structural Area C8,Design Error or Omission,Engineer,Structural,Additive,RFI,2025-01-21,2025-01-28,2025-02-17,2025-02-14,,,Pending,756000,,,0,0,1,Pricing in Progress,None,,Envelope
CO-01026,PRJ-083,CO-001,Schedule Acceleration - Architectural Area B8,Schedule Acceleration,Engineer,Architectural,Additive,Schedule Recovery,2023-01-09,2023-01-21,2023-02-10,2023-03-02,2023-03-28,2023-04-04,Approved,58000,54000,53000,0,0,0,Final,Construction Change Directive,2023-03-31,MEP
CO-01027,PRJ-083,CO-002,Schedule Acceleration - Civil Area C4,Schedule Acceleration,Owner,Civil,Additive,RFI,2023-11-02,2023-11-12,2023-12-02,2023-11-15,2023-11-22,2023-11-29,Approved,87000,83000,81000,0,0,0,Final,Owner Authorization,2023-11-24,Interiors
CO-01028,PRJ-083,CO-003,Design Error or Omission - General Area A4,Design Error or Omission,Architect,General,Deductive,RFI,2022-11-24,2022-12-08,2022-12-28,2022-12-25,2023-01-02,2023-01-11,Approved,-54000,-56000,-56000,6,5,1,Final,Owner Authorization,2023-01-04,Metals
CO-01029,PRJ-083,CO-004,Unforeseen Condition - Controls Area D6,Unforeseen Condition,Construction Manager,Controls,Additive,Field Condition,2023-05-13,2023-05-22,2023-06-11,2023-05-29,,2023-06-14,Rejected,39000,26000,0,0,0,1,Final,None,,MEP
CO-01030,PRJ-083,CO-005,Design Error or Omission - Mechanical Area C9,Design Error or Omission,Engineer,Mechanical,Additive,RFI,2024-04-18,2024-04-20,2024-05-10,2024-04-30,,2024-05-18,Rejected,54000,42000,0,0,0,0,Final,None,,Specialties
CO-01031,PRJ-083,CO-006,Design Error or Omission - Civil Area C1,Design Error or Omission,Architect,Civil,Zero-Cost,RFI,2023-12-21,2023-12-27,2024-01-16,2024-01-02,2024-01-15,2024-01-20,Approved,0,0,0,3,2,0,Final,Executed Change Order,2024-01-23,Metals
CO-01032,PRJ-083,CO-007,Value Engineering - Structural Area B2,Value Engineering,Owner,Structural,Zero-Cost,Schedule Recovery,2024-03-06,2024-03-15,2024-04-04,2024-03-19,,2024-03-24,Withdrawn,0,,0,0,0,0,ROM,None,,Equipment
CO-01033,PRJ-083,CO-008,Owner-Directed Change - Structural Area C5,Owner-Directed Change,Owner,Structural,Additive,Owner Request,2024-09-23,2024-10-09,2024-10-29,2024-11-01,2024-11-11,2024-11-17,Approved,32000,31000,31000,35,24,1,Final,Owner Authorization,,Envelope
CO-01034,PRJ-083,CO-009,Schedule Acceleration - Mechanical Area B8,Schedule Acceleration,General Contractor,Mechanical,Additive,RFI,2023-04-17,2023-04-21,2023-05-11,2023-05-07,2023-06-02,2023-06-07,Approved,54000,56000,54000,0,0,1,Final,Owner Authorization,2023-06-13,MEP
CO-01035,PRJ-084,CO-001,Design Error or Omission - Mechanical Area D5,Design Error or Omission,Architect,Mechanical,Time Only,RFI,2025-04-25,2025-04-30,2025-05-20,2025-05-09,,,Pending,0,0,,11,0,0,Pricing in Progress,None,,General Conditions
CO-01036,PRJ-084,CO-002,Owner-Directed Change - Structural Area B9,Owner-Directed Change,Owner,Structural,Additive,Owner Request,2024-03-16,2024-03-21,2024-04-10,2024-03-27,2024-04-07,2024-04-09,Approved,197000,178000,177000,14,10,0,Final,Owner Authorization,2024-04-14,Concrete
CO-01037,PRJ-084,CO-003,Scope Clarification - Electrical Area D5,Scope Clarification,Authority Having Jurisdiction,Electrical,Additive,Owner Request,2024-10-17,2024-10-22,2024-11-11,2024-10-26,2024-11-02,2024-11-12,Approved,551000,469000,454000,0,0,0,Final,Owner Authorization,2024-11-07,Interiors
CO-01038,PRJ-084,CO-004,Value Engineering - Plumbing Area A4,Value Engineering,Owner,Plumbing,Time Only,RFI,2024-04-14,2024-04-18,2024-05-08,2024-04-21,2024-04-27,2024-05-01,Approved,0,0,0,3,1,0,Final,Construction Change Directive,2024-04-30,MEP
CO-01039,PRJ-084,CO-005,Substitution - Architectural Area C4,Substitution,Construction Manager,Architectural,Additive,Field Condition,2025-09-14,2025-09-19,2025-10-09,2025-09-30,2025-10-06,2025-10-15,Approved,163000,162000,164000,0,0,1,Final,Owner Authorization,2025-10-11,Envelope
CO-01040,PRJ-084,CO-006,Unforeseen Condition - Structural Area A3,Unforeseen Condition,Construction Manager,Structural,Additive,Field Condition,2024-02-16,2024-02-25,2024-03-16,2024-03-06,2024-03-16,2024-03-25,Approved,46000,41000,41000,0,0,0,Final,Owner Authorization,2024-03-19,Sitework
CO-01041,PRJ-084,CO-007,Design Error or Omission - Specialty Systems Area D6,Design Error or Omission,Construction Manager,Specialty Systems,Additive,Submittal Review,2024-08-22,2024-08-27,2024-09-16,2024-09-04,,2024-09-17,Withdrawn,760000,,0,0,0,0,Pricing in Progress,None,,General Conditions
CO-01042,PRJ-084,CO-008,Substitution - Structural Area D9,Substitution,Owner,Structural,Additive,RFI,2025-09-29,2025-10-02,2025-10-22,2025-10-07,2025-10-13,2025-10-22,Approved,631000,546000,542000,0,0,0,Final,Construction Change Directive,2025-10-17,Envelope
CO-01043,PRJ-084,CO-009,Substitution - Specialty Systems Area A2,Substitution,Subcontractor,Specialty Systems,Additive,Owner Request,2025-03-05,2025-03-07,2025-03-27,2025-03-11,,,Pending,281000,,,0,0,0,Submitted,None,,MEP
CO-01044,PRJ-085,CO-001,Quantity Variation - Structural Area C1,Quantity Variation,Architect,Structural,Additive,Field Condition,2024-06-27,2024-07-01,2024-07-21,2024-07-18,,,Pending,133000,,,0,0,0,Pricing in Progress,None,,MEP
CO-01045,PRJ-085,CO-002,Schedule Acceleration - Specialty Systems Area C1,Schedule Acceleration,Owner,Specialty Systems,Additive,RFI,2024-10-16,2024-10-18,2024-11-07,2024-10-27,,2024-11-01,Withdrawn,70000,,0,0,0,0,Pricing in Progress,None,,Equipment
CO-01046,PRJ-085,CO-003,Schedule Acceleration - Electrical Area B5,Schedule Acceleration,Engineer,Electrical,Additive,Submittal Review,2025-04-30,2025-05-09,2025-05-29,2025-05-17,2025-05-28,2025-06-06,Approved,154000,125000,126000,3,2,0,Final,Executed Change Order,2025-06-02,General Conditions
CO-01047,PRJ-085,CO-004,Unforeseen Condition - Mechanical Area B7,Unforeseen Condition,Architect,Mechanical,Additive,Field Condition,2024-09-30,2024-10-04,2024-10-24,2024-10-12,,,Pending,218000,174000,,0,0,0,Pricing in Progress,None,,General Conditions
CO-01048,PRJ-085,CO-005,Value Engineering - Civil Area D7,Value Engineering,General Contractor,Civil,Additive,Submittal Review,2024-11-04,2024-11-06,2024-11-26,2024-11-14,,2024-11-19,Withdrawn,89000,,0,5,0,0,Pricing in Progress,None,,Metals
CO-01049,PRJ-085,CO-006,Scope Clarification - Electrical Area D10,Scope Clarification,General Contractor,Electrical,Deductive,Field Condition,2024-12-13,2024-12-18,2025-01-07,2024-12-23,2024-12-26,2025-01-05,Approved,-352000,-290000,-284000,0,0,0,Final,Executed Change Order,2024-12-30,Concrete
CO-01050,PRJ-085,CO-007,Schedule Acceleration - Electrical Area D9,Schedule Acceleration,General Contractor,Electrical,Additive,RFI,2024-03-12,2024-03-14,2024-04-03,2024-03-18,,2024-03-28,Rejected,137000,89000,0,0,0,0,Final,None,,Sitework
CO-01051,PRJ-085,CO-008,Value Engineering - Mechanical Area A7,Value Engineering,Authority Having Jurisdiction,Mechanical,Time Only,Submittal Review,2024-03-18,2024-03-20,2024-04-09,2024-03-27,2024-04-07,2024-04-09,Approved,0,0,0,8,5,1,Final,Owner Authorization,2024-04-17,Sitework
CO-01052,PRJ-085,CO-009,Owner-Directed Change - Structural Area A5,Owner-Directed Change,Owner,Structural,Additive,Owner Request,2025-03-05,2025-03-14,2025-04-03,2025-03-20,2025-03-29,2025-04-07,Approved,260000,237000,239000,0,0,1,Final,Owner Authorization,2025-03-31,MEP
CO-01053,PRJ-085,CO-010,Owner-Directed Change - Mechanical Area A7,Owner-Directed Change,Owner,Mechanical,Additive,Owner Request,2025-10-15,2025-10-18,2025-11-07,2025-10-24,2025-10-27,2025-11-05,Approved,154000,143000,142000,0,0,0,Final,Executed Change Order,2025-10-31,MEP
CO-01054,PRJ-085,CO-011,Design Error or Omission - Mechanical Area B10,Design Error or Omission,Engineer,Mechanical,Additive,RFI,2024-07-07,2024-07-11,2024-07-31,2024-07-29,,,Pending,625000,,,0,0,1,Pricing in Progress,None,,Concrete
CO-01055,PRJ-086,CO-001,Schedule Acceleration - General Area C4,Schedule Acceleration,Architect,General,Additive,Field Condition,2023-11-07,2023-11-13,2023-12-03,2023-12-08,2023-12-24,2024-01-02,Approved,2331000,2034000,2066000,0,0,1,Final,Owner Authorization,2023-12-28,MEP
CO-01056,PRJ-086,CO-002,Unforeseen Condition - Architectural Area A1,Unforeseen Condition,Engineer,Architectural,Additive,RFI,2022-04-03,2022-04-08,2022-04-28,2022-04-15,,2022-04-29,Rejected,358000,285000,0,0,0,0,Final,None,,MEP
CO-01057,PRJ-086,CO-003,Unforeseen Condition - General Area A6,Unforeseen Condition,General Contractor,General,Deductive,Field Condition,2024-02-18,2024-02-24,2024-03-15,2024-03-02,2024-03-07,2024-03-08,Approved,-761000,-710000,,0,0,0,Final,Executed Change Order,,Concrete
CO-01058,PRJ-086,CO-004,Value Engineering - Electrical Area D6,Value Engineering,Subcontractor,Electrical,Additive,Field Condition,2022-05-28,2022-06-09,2022-06-29,2022-06-13,,,Pending,144000,,,6,0,1,Pricing in Progress,None,,MEP
CO-01059,PRJ-086,CO-005,Value Engineering - Plumbing Area B3,Value Engineering,Architect,Plumbing,Additive,RFI,2023-05-27,2023-05-31,2023-06-20,2023-06-14,2023-06-23,2023-06-24,Approved,92000,71000,71000,12,10,0,Final,Executed Change Order,2023-06-26,Equipment
CO-01060,PRJ-086,CO-006,Value Engineering - Structural Area A3,Value Engineering,Subcontractor,Structural,Additive,Submittal Review,2022-11-21,2022-12-01,2022-12-21,2022-12-16,2022-12-24,2022-12-25,Approved,273000,272000,273000,6,5,2,Final,Executed Change Order,2023-01-04,General Conditions
CO-01061,PRJ-086,CO-007,Scope Clarification - Mechanical Area C8,Scope Clarification,Subcontractor,Mechanical,Additive,Design Revision,2023-03-14,2023-03-28,2023-04-17,2023-04-02,2023-04-08,2023-04-11,Approved,906000,768000,765000,0,0,0,Final,Executed Change Order,2023-04-10,MEP
CO-01062,PRJ-086,CO-008,Design Error or Omission - Structural Area B2,Design Error or Omission,Owner,Structural,Deductive,RFI,2024-04-15,2024-04-27,2024-05-17,2024-05-08,,,Pending,-589000,-565000,,2,0,1,Pricing in Progress,None,,MEP
CO-01063,PRJ-086,CO-009,Substitution - Electrical Area C3,Substitution,Owner,Electrical,Additive,Design Revision,2022-10-14,2022-10-18,2022-11-07,2022-11-04,2022-11-12,2022-11-14,Approved,277000,228000,229000,0,0,1,Final,Owner Authorization,,Specialties
CO-01064,PRJ-086,CO-010,Design Error or Omission - Civil Area A8,Design Error or Omission,Engineer,Civil,Additive,Design Revision,2024-08-02,2024-08-07,2024-08-27,2024-08-15,,,Pending,28000,22000,,0,0,1,Pricing in Progress,None,,Interiors
CO-01065,PRJ-086,CO-011,Unforeseen Condition - Controls Area A1,Unforeseen Condition,Owner,Controls,Zero-Cost,RFI,2022-10-28,2022-11-07,2022-11-27,2022-11-22,,2022-12-01,Withdrawn,0,,0,16,0,1,Submitted,None,,Envelope
CO-01066,PRJ-087,CO-001,Substitution - Controls Area C4,Substitution,Owner,Controls,Additive,Schedule Recovery,2025-05-18,2025-05-26,2025-06-15,2025-06-07,,,Pending,27000,26000,,0,0,0,ROM,None,,Envelope
CO-01067,PRJ-087,CO-002,Unforeseen Condition - Structural Area C6,Unforeseen Condition,General Contractor,Structural,Additive,Field Condition,2024-07-30,2024-08-12,2024-09-01,2024-09-04,2024-09-22,2024-09-25,Approved,17000,15000,15000,0,0,0,Final,Construction Change Directive,2024-10-01,Specialties
CO-01068,PRJ-087,CO-003,Scope Clarification - Controls Area B3,Scope Clarification,General Contractor,Controls,Additive,RFI,2025-01-07,2025-01-10,2025-01-30,2025-01-25,2025-02-01,2025-02-07,Approved,19000,17000,17000,1,0,0,Final,Field Directive,2025-02-13,Metals
CO-01069,PRJ-087,CO-004,Scope Clarification - Fire Protection Area B7,Scope Clarification,Construction Manager,Fire Protection,Additive,Schedule Recovery,2024-11-28,2024-12-04,2024-12-24,2024-12-09,,2024-12-20,Rejected,7100,3700,0,0,0,0,Final,None,,Envelope
CO-01070,PRJ-087,CO-005,Value Engineering - Fire Protection Area D4,Value Engineering,Owner,Fire Protection,Additive,RFI,2023-10-16,2023-10-20,2023-11-09,2023-10-27,2023-11-03,2023-11-13,Approved,74000,62000,61000,0,0,0,Final,Owner Authorization,2023-11-10,General Conditions
CO-01071,PRJ-087,CO-006,Unforeseen Condition - Electrical Area B7,Unforeseen Condition,General Contractor,Electrical,Additive,Field Condition,2024-02-13,2024-02-18,2024-03-09,2024-03-08,,,Pending,242000,,,0,0,0,Submitted,None,,General Conditions
CO-01072,PRJ-087,CO-007,Quantity Variation - General Area D8,Quantity Variation,Owner,General,Additive,Submittal Review,2024-08-13,2024-08-19,2024-09-08,2024-08-27,,,Pending,38000,34000,,0,0,1,Submitted,None,,Metals
CO-01073,PRJ-087,CO-008,Code or Regulatory Requirement - Electrical Area C10,Code or Regulatory Requirement,Subcontractor,Electrical,Deductive,Owner Request,2023-11-05,2023-11-14,2023-12-04,2023-11-25,,2023-12-01,Withdrawn,-133000,,0,0,0,0,ROM,None,,Concrete
CO-01074,PRJ-087,CO-009,Value Engineering - Plumbing Area D9,Value Engineering,Architect,Plumbing,Deductive,RFI,2024-01-31,2024-02-26,2024-03-17,2024-03-31,2024-05-25,2024-06-04,Approved,-11000,-9000,-8900,8,5,1,Final,Executed Change Order,2024-05-28,General Conditions
CO-01075,PRJ-087,CO-010,Unforeseen Condition - Specialty Systems Area B1,Unforeseen Condition,Subcontractor,Specialty Systems,Time Only,Field Condition,2024-01-28,2024-02-02,2024-02-22,2024-02-07,2024-02-16,2024-02-20,Approved,0,0,0,2,1,0,Final,Executed Change Order,2024-02-27,Envelope
CO-01076,PRJ-087,CO-011,Substitution - Plumbing Area A5,Substitution,Authority Having Jurisdiction,Plumbing,Time Only,Field Condition,2025-08-27,2025-09-06,2025-09-26,2025-09-19,2025-10-14,2025-10-23,Approved,0,0,0,5,4,0,Final,Executed Change Order,2025-10-27,General Conditions
CO-01077,PRJ-088,CO-001,Unforeseen Condition - Controls Area B2,Unforeseen Condition,General Contractor,Controls,Additive,Field Condition,2024-07-21,2024-07-25,2024-08-14,2024-08-05,2024-08-13,2024-08-16,Approved,695000,618000,625000,0,0,0,Final,Executed Change Order,2024-08-16,Sitework
CO-01078,PRJ-088,CO-002,Substitution - Mechanical Area C4,Substitution,Authority Having Jurisdiction,Mechanical,Additive,Submittal Review,2024-02-28,2024-03-02,2024-03-22,2024-03-10,2024-03-01,2024-03-26,Approved,2170000,1773000,1759000,0,0,0,Final,Owner Authorization,,Sitework
CO-01079,PRJ-088,CO-003,Design Error or Omission - Electrical Area B3,Design Error or Omission,Architect,Electrical,Deductive,RFI,2025-03-10,2025-03-15,2025-04-04,2025-03-27,,,Pending,-1925000,-1632000,,0,0,1,Pricing in Progress,None,,Sitework
CO-01080,PRJ-088,CO-004,Design Error or Omission - Structural Area C4,Design Error or Omission,Engineer,Structural,Zero-Cost,RFI,2024-07-23,2024-07-26,2024-08-15,2024-08-09,,2024-08-24,Rejected,0,0,0,0,0,1,Final,None,,MEP
CO-01081,PRJ-088,CO-005,Value Engineering - Civil Area C3,Value Engineering,Subcontractor,Civil,Additive,RFI,2024-02-23,2024-02-29,2024-03-20,2024-03-12,,,Pending,970000,,,0,0,0,Submitted,None,,MEP
CO-01082,PRJ-088,CO-006,Code or Regulatory Requirement - Electrical Area C5,Code or Regulatory Requirement,Subcontractor,Electrical,Additive,RFI,2025-05-02,2025-05-12,2025-06-01,2025-05-29,,,Pending,844000,,,0,0,1,Pricing in Progress,None,,Concrete
CO-01083,PRJ-088,CO-007,Design Error or Omission - Electrical Area B4,Design Error or Omission,Architect,Electrical,Additive,RFI,2024-08-03,2024-08-07,2024-08-27,2024-08-21,2024-09-08,2024-09-13,Approved,384000,389000,393000,0,0,1,Final,Construction Change Directive,2024-09-10,Metals
CO-01084,PRJ-088,CO-008,Substitution - Plumbing Area B7,Substitution,Owner,Plumbing,Additive,Schedule Recovery,2024-01-25,2024-01-30,2024-02-19,2024-02-03,2024-02-09,2024-02-10,Approved,1291000,1088000,1084000,0,0,0,Final,Executed Change Order,2024-02-11,MEP
CO-01085,PRJ-088,CO-009,Value Engineering - Architectural Area C10,Value Engineering,Architect,Architectural,Additive,RFI,2023-12-03,2023-12-04,2023-12-24,2023-12-09,2023-12-18,2023-12-23,Approved,415000,380000,378000,21,17,0,Final,Owner Authorization,2023-12-20,Envelope
CO-01086,PRJ-088,CO-010,Unforeseen Condition - General Area A10,Unforeseen Condition,Construction Manager,General,Additive,Field Condition,2024-07-03,2024-07-12,2024-08-01,2024-07-23,2024-08-01,2024-08-11,Approved,396000,324000,321000,1,0,0,Final,Executed Change Order,2024-08-07,General Conditions
CO-01087,PRJ-088,CO-011,Owner-Directed Change - Electrical Area D1,Owner-Directed Change,Architect,Electrical,Additive,Owner Request,2025-01-08,2025-01-13,2025-02-02,2025-01-19,2025-01-22,2025-02-01,Approved,526000,420000,404000,0,0,0,Final,Executed Change Order,2025-01-27,MEP
CO-01088,PRJ-088,CO-012,Design Error or Omission - Electrical Area B2,Design Error or Omission,Engineer,Electrical,Deductive,Submittal Review,2024-09-25,2024-09-30,2024-10-20,2024-10-21,,,Pending,-260000,-258000,,0,0,1,Submitted,None,,Interiors
CO-01089,PRJ-088,CO-013,Owner-Directed Change - Electrical Area C5,Owner-Directed Change,Owner,Electrical,Deductive,Owner Request,2024-11-17,2024-11-23,2024-12-13,2024-12-07,,2024-12-30,Rejected,-1142000,-927000,0,0,0,1,Final,None,,Equipment
CO-01090,PRJ-088,CO-014,Owner-Directed Change - Mechanical Area D7,Owner-Directed Change,Owner,Mechanical,Deductive,Owner Request,2024-05-18,2024-05-21,2024-06-10,2024-06-03,2024-06-26,2024-06-27,Approved,-621000,-641000,-641000,0,0,0,Final,Owner Authorization,2024-07-01,Interiors
CO-01091,PRJ-088,CO-015,Quantity Variation - Controls Area D4,Quantity Variation,Subcontractor,Controls,Additive,Design Revision,2024-05-04,2024-05-10,2024-05-30,2024-05-18,2024-05-29,2024-06-04,Approved,71000,61000,60000,0,0,0,Final,Executed Change Order,2024-06-04,Interiors
CO-01092,PRJ-088,CO-016,Owner-Directed Change - Electrical Area A4,Owner-Directed Change,Construction Manager,Electrical,Deductive,Owner Request,2024-02-01,2024-02-04,2024-02-24,2024-02-15,2024-02-28,2024-03-06,Approved,-848000,-681000,-667000,2,1,0,Final,Owner Authorization,,Concrete
CO-01093,PRJ-088,CO-017,Substitution - Mechanical Area C2,Substitution,Subcontractor,Mechanical,Deductive,Submittal Review,2024-11-21,2024-12-19,2025-01-08,2024-12-26,,,Pending,-1074000,,,0,0,0,Pricing in Progress,None,,General Conditions
CO-01094,PRJ-089,CO-001,Design Error or Omission - Fire Protection Area A5,Design Error or Omission,Architect,Fire Protection,Additive,Design Revision,2024-12-04,2024-12-05,2024-12-25,2024-12-09,2024-12-18,2024-12-25,Approved,199000,183000,183000,0,0,0,Final,Owner Authorization,2025-01-01,Concrete
CO-01095,PRJ-089,CO-002,Unforeseen Condition - Architectural Area A3,Unforeseen Condition,Authority Having Jurisdiction,Architectural,Additive,Field Condition,2024-07-19,2024-07-25,2024-08-14,2024-07-29,2024-08-05,2024-08-08,Approved,122000,125000,121000,0,0,0,Final,Field Directive,2024-08-21,Concrete
CO-01096,PRJ-089,CO-003,Design Error or Omission - Mechanical Area D5,Design Error or Omission,Construction Manager,Mechanical,Additive,RFI,2024-06-24,2024-06-25,2024-07-15,2024-06-29,2024-07-07,2024-07-17,Approved,265000,275000,278000,0,0,0,Final,Executed Change Order,2024-07-14,Interiors
CO-01097,PRJ-089,CO-004,Owner-Directed Change - Architectural Area D5,Owner-Directed Change,Owner,Architectural,Additive,Owner Request,2024-11-15,2024-11-17,2024-12-07,2024-12-07,2024-12-21,2024-12-24,Approved,56000,43000,42000,0,0,0,Final,Owner Authorization,,General Conditions
CO-01098,PRJ-089,CO-005,Code or Regulatory Requirement - Mechanical Area B10,Code or Regulatory Requirement,Architect,Mechanical,Additive,Field Condition,2025-03-15,2025-03-16,2025-04-05,2025-04-01,2025-04-09,2025-04-13,Approved,45000,43000,42000,0,0,0,Final,Construction Change Directive,2025-04-12,Equipment
CO-01099,PRJ-089,CO-006,Schedule Acceleration - Structural Area A5,Schedule Acceleration,Architect,Structural,Deductive,RFI,2025-03-05,2025-03-10,2025-03-30,2025-03-19,,2025-03-26,Withdrawn,-529000,,0,7,0,1,Pricing in Progress,None,,General Conditions
CO-01100,PRJ-089,CO-007,Owner-Directed Change - Specialty Systems Area C10,Owner-Directed Change,Owner,Specialty Systems,Deductive,Owner Request,2024-12-12,2024-12-14,2025-01-03,2024-12-24,,2025-01-05,Withdrawn,-118000,,0,0,0,2,Submitted,None,,MEP
CO-01101,PRJ-089,CO-008,Owner-Directed Change - General Area B4,Owner-Directed Change,Owner,General,Additive,Owner Request,2024-08-09,2024-08-12,2024-09-01,2024-08-25,2024-09-04,2024-09-07,Approved,109000,113000,110000,0,0,1,Final,Owner Authorization,2024-09-09,MEP
CO-01102,PRJ-089,CO-009,Code or Regulatory Requirement - Fire Protection Area D9,Code or Regulatory Requirement,General Contractor,Fire Protection,Additive,Submittal Review,2025-04-15,2025-04-19,2025-05-09,2025-04-26,2025-05-07,2025-05-13,Approved,25000,23000,22000,5,4,1,Final,Executed Change Order,2025-05-12,General Conditions
CO-01103,PRJ-089,CO-010,Value Engineering - Electrical Area A1,Value Engineering,General Contractor,Electrical,Additive,Owner Request,2024-09-21,2024-09-24,2024-10-14,2024-09-27,2024-10-01,2024-10-08,Approved,43000,35000,35000,0,0,0,Final,Executed Change Order,2024-10-23,General Conditions
CO-01104,PRJ-089,CO-011,Quantity Variation - Mechanical Area A5,Quantity Variation,General Contractor,Mechanical,Additive,Schedule Recovery,2025-01-31,2025-02-02,2025-02-22,2025-02-12,2025-02-25,2025-03-01,Approved,121000,95000,92000,0,0,0,Final,Owner Authorization,2025-03-06,Envelope
CO-01105,PRJ-090,CO-001,Quantity Variation - Specialty Systems Area C3,Quantity Variation,General Contractor,Specialty Systems,Additive,RFI,2024-03-30,2024-03-31,2024-04-20,2024-04-09,2024-04-18,2024-04-20,Approved,86000,79000,78000,3,2,1,Final,Field Directive,2024-04-26,Interiors
CO-01106,PRJ-090,CO-002,Code or Regulatory Requirement - Electrical Area B5,Code or Regulatory Requirement,Subcontractor,Electrical,Zero-Cost,Schedule Recovery,2024-08-17,2024-08-20,2024-09-09,2024-09-02,2024-09-10,2024-09-14,Approved,0,0,0,0,0,1,Final,Owner Authorization,2024-09-16,Envelope
CO-01107,PRJ-090,CO-003,Design Error or Omission - Mechanical Area B8,Design Error or Omission,Architect,Mechanical,Additive,RFI,2025-01-22,2025-01-27,2025-02-16,2025-02-18,,,Pending,480000,,,0,0,0,Submitted,None,,Envelope
CO-01108,PRJ-090,CO-004,Quantity Variation - Electrical Area A9,Quantity Variation,Owner,Electrical,Additive,RFI,2025-07-24,2025-07-31,2025-08-20,2025-08-13,2025-09-03,2025-09-11,Approved,148000,129000,129000,5,3,1,Final,Executed Change Order,2025-10-04,MEP
CO-01109,PRJ-090,CO-005,Scope Clarification - Plumbing Area A4,Scope Clarification,General Contractor,Plumbing,Additive,RFI,2025-07-27,2025-07-31,2025-08-20,2025-08-19,2025-08-28,2025-08-31,Approved,100000,98000,100000,10,10,1,Final,Owner Authorization,2025-09-08,Specialties
CO-01110,PRJ-090,CO-006,Quantity Variation - Architectural Area C1,Quantity Variation,General Contractor,Architectural,Additive,Design Revision,2025-02-27,2025-03-09,2025-03-29,2025-03-25,2025-04-15,2025-04-21,Approved,138000,125000,121000,0,0,0,Final,Executed Change Order,2025-04-19,Concrete
CO-01111,PRJ-090,CO-007,Unforeseen Condition - Electrical Area A2,Unforeseen Condition,Engineer,Electrical,Additive,Field Condition,2024-09-27,2024-10-03,2024-10-23,2024-10-18,,,Pending,62000,51000,,0,0,1,ROM,None,,Interiors
CO-01112,PRJ-090,CO-008,Scope Clarification - Plumbing Area C6,Scope Clarification,Construction Manager,Plumbing,Deductive,Field Condition,2025-09-19,2025-09-22,2025-10-12,2025-09-30,2025-10-05,2025-10-06,Approved,-93000,-71000,-70000,2,2,0,Final,Owner Authorization,2025-10-08,Sitework
CO-01113,PRJ-090,CO-009,Design Error or Omission - Mechanical Area A8,Design Error or Omission,Engineer,Mechanical,Additive,RFI,2025-06-28,2025-07-10,2025-07-30,2025-07-19,2025-07-29,2025-08-02,Approved,210000,163000,158000,0,0,0,Final,Owner Authorization,,Specialties
CO-01114,PRJ-090,CO-010,Quantity Variation - Controls Area B8,Quantity Variation,Authority Having Jurisdiction,Controls,Additive,RFI,2024-04-26,2024-05-01,2024-05-21,2024-05-07,2024-05-16,2024-05-25,Approved,291000,242000,241000,10,9,1,Final,Owner Authorization,2024-05-21,MEP
CO-01115,PRJ-090,CO-011,Substitution - Mechanical Area B1,Substitution,General Contractor,Mechanical,Zero-Cost,RFI,2025-07-20,2025-07-23,2025-08-12,2025-08-08,2025-08-25,2025-09-03,Approved,0,0,0,0,0,0,Final,Owner Authorization,2025-08-31,MEP
CO-01116,PRJ-090,CO-012,Value Engineering - Structural Area A9,Value Engineering,Construction Manager,Structural,Additive,RFI,2024-08-08,2024-08-11,2024-08-31,2024-08-23,2024-09-02,2024-09-09,Approved,179000,165000,168000,0,0,1,Final,Construction Change Directive,2024-09-05,Envelope
CO-01117,PRJ-090,CO-013,Owner-Directed Change - General Area C5,Owner-Directed Change,Owner,General,Additive,Owner Request,2025-08-11,2025-08-17,2025-09-06,2025-09-02,,2025-09-26,Rejected,1188000,653000,0,0,0,0,Final,None,,Equipment
CO-01118,PRJ-090,CO-014,Schedule Acceleration - Structural Area D6,Schedule Acceleration,Subcontractor,Structural,Additive,Schedule Recovery,2024-04-11,2024-04-16,2024-05-06,2024-05-14,2024-06-04,2024-06-12,Approved,443000,422000,414000,0,0,1,Final,Executed Change Order,2024-06-13,Interiors
CO-01119,PRJ-090,CO-015,Scope Clarification - Mechanical Area B10,Scope Clarification,Architect,Mechanical,Additive,Owner Request,2025-08-16,2025-08-20,2025-09-09,2025-09-06,2025-09-20,2025-09-23,Approved,25000,21000,20000,0,0,0,Final,Owner Authorization,2025-09-24,Interiors
CO-01120,PRJ-090,CO-016,Value Engineering - Electrical Area C3,Value Engineering,Construction Manager,Electrical,Additive,RFI,2025-09-29,2025-10-20,2025-11-09,2025-10-30,2025-11-08,2025-11-13,Approved,97000,77000,76000,0,0,0,Final,Executed Change Order,2025-11-14,Concrete
CO-00138,PRJ-012,CO-001,Value Engineering - Architectural Area B5,Value Engineering,Owner,Architectural,Additive,Owner Request,2024-10-29,2024-11-14,2024-12-04,2024-11-28,2024-12-21,2024-12-26,Approved,60000,61000,62000,8,6,1,Final,Owner Authorization,2024-12-27,Envelope
CO-00874,PRJ-071,CO-010,Owner-Directed Change - Electrical Area B1,Owner-Directed Change,Owner,Electrical,Additive,Owner Request,2022-05-04,2022-05-15,2022-06-04,2022-05-21,,,Pending,279000,255000,,0,0,0,ROM,None,,General Conditions
CO-00143,PRJ-012,CO-006,Schedule Acceleration - Controls Area D4,Schedule Acceleration,Owner,Controls,Additive,Owner Request,2024-12-22,2025-01-03,2025-01-23,2025-01-31,2025-03-01,2025-03-06,Approved,105000,107000,104000,0,0,1,Final,Executed Change Order,2025-03-09,Sitework
CO-00101,PRJ-008,CO-017,Design Error or Omission - Civil Area C9,Design Error or Omission,Engineer,Civil,Deductive,RFI,2023-11-30,2023-12-05,2023-12-25,2023-12-24,2024-01-02,2024-01-03,Approved,-2468000,-2044000,-1997000,0,0,0,Final,Owner Authorization,2024-01-12,MEP
CO-00967,PRJ-078,CO-007,Schedule Acceleration - Structural Area B4,Schedule Acceleration,Engineer,Structural,Additive,RFI,2023-03-19,2023-03-21,2023-04-10,2023-03-26,2023-03-30,2023-04-03,Approved,532000,419000,412000,0,0,0,Final,Owner Authorization,2023-04-04,Interiors
